[2024-12-17 09:03:36] production.ERROR: ErrorException: Trying to get property 'designation_id_old' of non-object in D:\laragon\www\jaibangla_dv\jaibangla\app\Http\Controllers\wBPdsChangeController.php:381
Stack trace:
#0 D:\laragon\www\jaibangla_dv\jaibangla\app\Http\Controllers\wBPdsChangeController.php(381): Illuminate\Foundation\Bootstrap\HandleExceptions->handleError(8, 'Trying to get p...', 'D:\\laragon\\www\\...', 381, Array)
#1 [internal function]: App\Http\Controllers\wBPdsChangeController->ViewMismatchName(Object(Illuminate\Http\Request))
#2 D:\laragon\www\jaibangla_dv\jaibangla\vendor\laravel\framework\src\Illuminate\Routing\Controller.php(55): call_user_func_array(Array, Array)
#3 D:\laragon\www\jaibangla_dv\jaibangla\vendor\laravel\framework\src\Illuminate\Routing\ControllerDispatcher.php(44): Illuminate\Routing\Controller->callAction('ViewMismatchNam...', Array)
#4 D:\laragon\www\jaibangla_dv\jaibangla\vendor\laravel\framework\src\Illuminate\Routing\Route.php(203): Illuminate\Routing\ControllerDispatcher->dispatch(Object(Illuminate\Routing\Route), Object(App\Http\Controllers\wBPdsChangeController), 'ViewMismatchNam...')
#5 D:\laragon\www\jaibangla_dv\jaibangla\vendor\laravel\framework\src\Illuminate\Routing\Route.php(160): Illuminate\Routing\Route->runController()
#6 D:\laragon\www\jaibangla_dv\jaibangla\vendor\laravel\framework\src\Illuminate\Routing\Router.php(572): Illuminate\Routing\Route->run()
#7 D:\laragon\www\jaibangla_dv\jaibangla\vendor\laravel\framework\src\Illuminate\Routing\Pipeline.php(30): Illuminate\Routing\Router->Illuminate\Routing\{closure}(Object(Illuminate\Http\Request))
#8 D:\laragon\www\jaibangla_dv\jaibangla\app\Http\Middleware\TrackPageCount.php(29): Illuminate\Routing\Pipeline->Illuminate\Routing\{closure}(Object(Illuminate\Http\Request))
#9 D:\laragon\www\jaibangla_dv\jaibangla\vendor\laravel\framework\src\Illuminate\Pipeline\Pipeline.php(148): App\Http\Middleware\TrackPageCount->handle(Object(Illuminate\Http\Request), Object(Closure))
#10 D:\laragon\www\jaibangla_dv\jaibangla\vendor\laravel\framework\src\Illuminate\Routing\Pipeline.php(53): Illuminate\Pipeline\Pipeline->Illuminate\Pipeline\{closure}(Object(Illuminate\Http\Request))
#11 D:\laragon\www\jaibangla_dv\jaibangla\vendor\laravel\framework\src\Illuminate\Routing\Middleware\SubstituteBindings.php(41): Illuminate\Routing\Pipeline->Illuminate\Routing\{closure}(Object(Illuminate\Http\Request))
#12 D:\laragon\www\jaibangla_dv\jaibangla\vendor\laravel\framework\src\Illuminate\Pipeline\Pipeline.php(148): Illuminate\Routing\Middleware\SubstituteBindings->handle(Object(Illuminate\Http\Request), Object(Closure))
#13 D:\laragon\www\jaibangla_dv\jaibangla\vendor\laravel\framework\src\Illuminate\Routing\Pipeline.php(53): Illuminate\Pipeline\Pipeline->Illuminate\Pipeline\{closure}(Object(Illuminate\Http\Request))
#14 D:\laragon\www\jaibangla_dv\jaibangla\vendor\laravel\framework\src\Illuminate\Foundation\Http\Middleware\VerifyCsrfToken.php(65): Illuminate\Routing\Pipeline->Illuminate\Routing\{closure}(Object(Illuminate\Http\Request))
#15 D:\laragon\www\jaibangla_dv\jaibangla\vendor\laravel\framework\src\Illuminate\Pipeline\Pipeline.php(148): Illuminate\Foundation\Http\Middleware\VerifyCsrfToken->handle(Object(Illuminate\Http\Request), Object(Closure))
#16 D:\laragon\www\jaibangla_dv\jaibangla\vendor\laravel\framework\src\Illuminate\Routing\Pipeline.php(53): Illuminate\Pipeline\Pipeline->Illuminate\Pipeline\{closure}(Object(Illuminate\Http\Request))
#17 D:\laragon\www\jaibangla_dv\jaibangla\vendor\laravel\framework\src\Illuminate\View\Middleware\ShareErrorsFromSession.php(49): Illuminate\Routing\Pipeline->Illuminate\Routing\{closure}(Object(Illuminate\Http\Request))
#18 D:\laragon\www\jaibangla_dv\jaibangla\vendor\laravel\framework\src\Illuminate\Pipeline\Pipeline.php(148): Illuminate\View\Middleware\ShareErrorsFromSession->handle(Object(Illuminate\Http\Request), Object(Closure))
#19 D:\laragon\www\jaibangla_dv\jaibangla\vendor\laravel\framework\src\Illuminate\Routing\Pipeline.php(53): Illuminate\Pipeline\Pipeline->Illuminate\Pipeline\{closure}(Object(Illuminate\Http\Request))
#20 D:\laragon\www\jaibangla_dv\jaibangla\vendor\laravel\framework\src\Illuminate\Session\Middleware\StartSession.php(64): Illuminate\Routing\Pipeline->Illuminate\Routing\{closure}(Object(Illuminate\Http\Request))
#21 D:\laragon\www\jaibangla_dv\jaibangla\vendor\laravel\framework\src\Illuminate\Pipeline\Pipeline.php(148): Illuminate\Session\Middleware\StartSession->handle(Object(Illuminate\Http\Request), Object(Closure))
#22 D:\laragon\www\jaibangla_dv\jaibangla\vendor\laravel\framework\src\Illuminate\Routing\Pipeline.php(53): Illuminate\Pipeline\Pipeline->Illuminate\Pipeline\{closure}(Object(Illuminate\Http\Request))
#23 D:\laragon\www\jaibangla_dv\jaibangla\vendor\laravel\framework\src\Illuminate\Cookie\Middleware\AddQueuedCookiesToResponse.php(37): Illuminate\Routing\Pipeline->Illuminate\Routing\{closure}(Object(Illuminate\Http\Request))
#24 D:\laragon\www\jaibangla_dv\jaibangla\vendor\laravel\framework\src\Illuminate\Pipeline\Pipeline.php(148): Illuminate\Cookie\Middleware\AddQueuedCookiesToResponse->handle(Object(Illuminate\Http\Request), Object(Closure))
#25 D:\laragon\www\jaibangla_dv\jaibangla\vendor\laravel\framework\src\Illuminate\Routing\Pipeline.php(53): Illuminate\Pipeline\Pipeline->Illuminate\Pipeline\{closure}(Object(Illuminate\Http\Request))
#26 D:\laragon\www\jaibangla_dv\jaibangla\vendor\laravel\framework\src\Illuminate\Cookie\Middleware\EncryptCookies.php(59): Illuminate\Routing\Pipeline->Illuminate\Routing\{closure}(Object(Illuminate\Http\Request))
#27 D:\laragon\www\jaibangla_dv\jaibangla\vendor\laravel\framework\src\Illuminate\Pipeline\Pipeline.php(148): Illuminate\Cookie\Middleware\EncryptCookies->handle(Object(Illuminate\Http\Request), Object(Closure))
#28 D:\laragon\www\jaibangla_dv\jaibangla\vendor\laravel\framework\src\Illuminate\Routing\Pipeline.php(53): Illuminate\Pipeline\Pipeline->Illuminate\Pipeline\{closure}(Object(Illuminate\Http\Request))
#29 D:\laragon\www\jaibangla_dv\jaibangla\vendor\laravel\framework\src\Illuminate\Pipeline\Pipeline.php(102): Illuminate\Routing\Pipeline->Illuminate\Routing\{closure}(Object(Illuminate\Http\Request))
#30 D:\laragon\www\jaibangla_dv\jaibangla\vendor\laravel\framework\src\Illuminate\Routing\Router.php(574): Illuminate\Pipeline\Pipeline->then(Object(Closure))
#31 D:\laragon\www\jaibangla_dv\jaibangla\vendor\laravel\framework\src\Illuminate\Routing\Router.php(533): Illuminate\Routing\Router->runRouteWithinStack(Object(Illuminate\Routing\Route), Object(Illuminate\Http\Request))
#32 D:\laragon\www\jaibangla_dv\jaibangla\vendor\laravel\framework\src\Illuminate\Routing\Router.php(511): Illuminate\Routing\Router->dispatchToRoute(Object(Illuminate\Http\Request))
#33 D:\laragon\www\jaibangla_dv\jaibangla\vendor\laravel\framework\src\Illuminate\Foundation\Http\Kernel.php(176): Illuminate\Routing\Router->dispatch(Object(Illuminate\Http\Request))
#34 D:\laragon\www\jaibangla_dv\jaibangla\vendor\laravel\framework\src\Illuminate\Routing\Pipeline.php(30): Illuminate\Foundation\Http\Kernel->Illuminate\Foundation\Http\{closure}(Object(Illuminate\Http\Request))
#35 D:\laragon\www\jaibangla_dv\jaibangla\vendor\laravel\framework\src\Illuminate\Foundation\Http\Middleware\TransformsRequest.php(30): Illuminate\Routing\Pipeline->Illuminate\Routing\{closure}(Object(Illuminate\Http\Request))
#36 D:\laragon\www\jaibangla_dv\jaibangla\vendor\laravel\framework\src\Illuminate\Pipeline\Pipeline.php(148): Illuminate\Foundation\Http\Middleware\TransformsRequest->handle(Object(Illuminate\Http\Request), Object(Closure))
#37 D:\laragon\www\jaibangla_dv\jaibangla\vendor\laravel\framework\src\Illuminate\Routing\Pipeline.php(53): Illuminate\Pipeline\Pipeline->Illuminate\Pipeline\{closure}(Object(Illuminate\Http\Request))
#38 D:\laragon\www\jaibangla_dv\jaibangla\vendor\laravel\framework\src\Illuminate\Foundation\Http\Middleware\TransformsRequest.php(30): Illuminate\Routing\Pipeline->Illuminate\Routing\{closure}(Object(Illuminate\Http\Request))
#39 D:\laragon\www\jaibangla_dv\jaibangla\vendor\laravel\framework\src\Illuminate\Pipeline\Pipeline.php(148): Illuminate\Foundation\Http\Middleware\TransformsRequest->handle(Object(Illuminate\Http\Request), Object(Closure))
#40 D:\laragon\www\jaibangla_dv\jaibangla\vendor\laravel\framework\src\Illuminate\Routing\Pipeline.php(53): Illuminate\Pipeline\Pipeline->Illuminate\Pipeline\{closure}(Object(Illuminate\Http\Request))
#41 D:\laragon\www\jaibangla_dv\jaibangla\vendor\laravel\framework\src\Illuminate\Foundation\Http\Middleware\ValidatePostSize.php(27): Illuminate\Routing\Pipeline->Illuminate\Routing\{closure}(Object(Illuminate\Http\Request))
#42 D:\laragon\www\jaibangla_dv\jaibangla\vendor\laravel\framework\src\Illuminate\Pipeline\Pipeline.php(148): Illuminate\Foundation\Http\Middleware\ValidatePostSize->handle(Object(Illuminate\Http\Request), Object(Closure))
#43 D:\laragon\www\jaibangla_dv\jaibangla\vendor\laravel\framework\src\Illuminate\Routing\Pipeline.php(53): Illuminate\Pipeline\Pipeline->Illuminate\Pipeline\{closure}(Object(Illuminate\Http\Request))
#44 D:\laragon\www\jaibangla_dv\jaibangla\vendor\laravel\framework\src\Illuminate\Foundation\Http\Middleware\CheckForMaintenanceMode.php(46): Illuminate\Routing\Pipeline->Illuminate\Routing\{closure}(Object(Illuminate\Http\Request))
#45 D:\laragon\www\jaibangla_dv\jaibangla\vendor\laravel\framework\src\Illuminate\Pipeline\Pipeline.php(148): Illuminate\Foundation\Http\Middleware\CheckForMaintenanceMode->handle(Object(Illuminate\Http\Request), Object(Closure))
#46 D:\laragon\www\jaibangla_dv\jaibangla\vendor\laravel\framework\src\Illuminate\Routing\Pipeline.php(53): Illuminate\Pipeline\Pipeline->Illuminate\Pipeline\{closure}(Object(Illuminate\Http\Request))
#47 D:\laragon\www\jaibangla_dv\jaibangla\vendor\laravel\framework\src\Illuminate\Pipeline\Pipeline.php(102): Illuminate\Routing\Pipeline->Illuminate\Routing\{closure}(Object(Illuminate\Http\Request))
#48 D:\laragon\www\jaibangla_dv\jaibangla\vendor\laravel\framework\src\Illuminate\Foundation\Http\Kernel.php(151): Illuminate\Pipeline\Pipeline->then(Object(Closure))
#49 D:\laragon\www\jaibangla_dv\jaibangla\vendor\laravel\framework\src\Illuminate\Foundation\Http\Kernel.php(116): Illuminate\Foundation\Http\Kernel->sendRequestThroughRouter(Object(Illuminate\Http\Request))
#50 D:\laragon\www\jaibangla_dv\index.php(53): Illuminate\Foundation\Http\Kernel->handle(Object(Illuminate\Http\Request))
#51 {main}  
[2024-12-17 09:33:38] production.ERROR: Symfony\Component\HttpKernel\Exception\NotFoundHttpException in D:\laragon\www\jaibangla_dv\jaibangla\vendor\laravel\framework\src\Illuminate\Routing\RouteCollection.php:179
Stack trace:
#0 D:\laragon\www\jaibangla_dv\jaibangla\vendor\laravel\framework\src\Illuminate\Routing\Router.php(546): Illuminate\Routing\RouteCollection->match(Object(Illuminate\Http\Request))
#1 D:\laragon\www\jaibangla_dv\jaibangla\vendor\laravel\framework\src\Illuminate\Routing\Router.php(525): Illuminate\Routing\Router->findRoute(Object(Illuminate\Http\Request))
#2 D:\laragon\www\jaibangla_dv\jaibangla\vendor\laravel\framework\src\Illuminate\Routing\Router.php(511): Illuminate\Routing\Router->dispatchToRoute(Object(Illuminate\Http\Request))
#3 D:\laragon\www\jaibangla_dv\jaibangla\vendor\laravel\framework\src\Illuminate\Foundation\Http\Kernel.php(176): Illuminate\Routing\Router->dispatch(Object(Illuminate\Http\Request))
#4 D:\laragon\www\jaibangla_dv\jaibangla\vendor\laravel\framework\src\Illuminate\Routing\Pipeline.php(30): Illuminate\Foundation\Http\Kernel->Illuminate\Foundation\Http\{closure}(Object(Illuminate\Http\Request))
#5 D:\laragon\www\jaibangla_dv\jaibangla\vendor\laravel\framework\src\Illuminate\Foundation\Http\Middleware\TransformsRequest.php(30): Illuminate\Routing\Pipeline->Illuminate\Routing\{closure}(Object(Illuminate\Http\Request))
#6 D:\laragon\www\jaibangla_dv\jaibangla\vendor\laravel\framework\src\Illuminate\Pipeline\Pipeline.php(148): Illuminate\Foundation\Http\Middleware\TransformsRequest->handle(Object(Illuminate\Http\Request), Object(Closure))
#7 D:\laragon\www\jaibangla_dv\jaibangla\vendor\laravel\framework\src\Illuminate\Routing\Pipeline.php(53): Illuminate\Pipeline\Pipeline->Illuminate\Pipeline\{closure}(Object(Illuminate\Http\Request))
#8 D:\laragon\www\jaibangla_dv\jaibangla\vendor\laravel\framework\src\Illuminate\Foundation\Http\Middleware\TransformsRequest.php(30): Illuminate\Routing\Pipeline->Illuminate\Routing\{closure}(Object(Illuminate\Http\Request))
#9 D:\laragon\www\jaibangla_dv\jaibangla\vendor\laravel\framework\src\Illuminate\Pipeline\Pipeline.php(148): Illuminate\Foundation\Http\Middleware\TransformsRequest->handle(Object(Illuminate\Http\Request), Object(Closure))
#10 D:\laragon\www\jaibangla_dv\jaibangla\vendor\laravel\framework\src\Illuminate\Routing\Pipeline.php(53): Illuminate\Pipeline\Pipeline->Illuminate\Pipeline\{closure}(Object(Illuminate\Http\Request))
#11 D:\laragon\www\jaibangla_dv\jaibangla\vendor\laravel\framework\src\Illuminate\Foundation\Http\Middleware\ValidatePostSize.php(27): Illuminate\Routing\Pipeline->Illuminate\Routing\{closure}(Object(Illuminate\Http\Request))
#12 D:\laragon\www\jaibangla_dv\jaibangla\vendor\laravel\framework\src\Illuminate\Pipeline\Pipeline.php(148): Illuminate\Foundation\Http\Middleware\ValidatePostSize->handle(Object(Illuminate\Http\Request), Object(Closure))
#13 D:\laragon\www\jaibangla_dv\jaibangla\vendor\laravel\framework\src\Illuminate\Routing\Pipeline.php(53): Illuminate\Pipeline\Pipeline->Illuminate\Pipeline\{closure}(Object(Illuminate\Http\Request))
#14 D:\laragon\www\jaibangla_dv\jaibangla\vendor\laravel\framework\src\Illuminate\Foundation\Http\Middleware\CheckForMaintenanceMode.php(46): Illuminate\Routing\Pipeline->Illuminate\Routing\{closure}(Object(Illuminate\Http\Request))
#15 D:\laragon\www\jaibangla_dv\jaibangla\vendor\laravel\framework\src\Illuminate\Pipeline\Pipeline.php(148): Illuminate\Foundation\Http\Middleware\CheckForMaintenanceMode->handle(Object(Illuminate\Http\Request), Object(Closure))
#16 D:\laragon\www\jaibangla_dv\jaibangla\vendor\laravel\framework\src\Illuminate\Routing\Pipeline.php(53): Illuminate\Pipeline\Pipeline->Illuminate\Pipeline\{closure}(Object(Illuminate\Http\Request))
#17 D:\laragon\www\jaibangla_dv\jaibangla\vendor\laravel\framework\src\Illuminate\Pipeline\Pipeline.php(102): Illuminate\Routing\Pipeline->Illuminate\Routing\{closure}(Object(Illuminate\Http\Request))
#18 D:\laragon\www\jaibangla_dv\jaibangla\vendor\laravel\framework\src\Illuminate\Foundation\Http\Kernel.php(151): Illuminate\Pipeline\Pipeline->then(Object(Closure))
#19 D:\laragon\www\jaibangla_dv\jaibangla\vendor\laravel\framework\src\Illuminate\Foundation\Http\Kernel.php(116): Illuminate\Foundation\Http\Kernel->sendRequestThroughRouter(Object(Illuminate\Http\Request))
#20 D:\laragon\www\jaibangla_dv\index.php(53): Illuminate\Foundation\Http\Kernel->handle(Object(Illuminate\Http\Request))
#21 {main}  
[2024-12-17 09:39:24] production.ERROR: InvalidArgumentException: View [pension-view-details.pension_view_common] not found. in D:\laragon\www\jaibangla_dv\jaibangla\vendor\laravel\framework\src\Illuminate\View\FileViewFinder.php:137
Stack trace:
#0 D:\laragon\www\jaibangla_dv\jaibangla\vendor\laravel\framework\src\Illuminate\View\FileViewFinder.php(79): Illuminate\View\FileViewFinder->findInPaths('pension-view-de...', Array)
#1 D:\laragon\www\jaibangla_dv\jaibangla\vendor\laravel\framework\src\Illuminate\View\Factory.php(128): Illuminate\View\FileViewFinder->find('pension-view-de...')
#2 D:\laragon\www\jaibangla_dv\jaibangla\vendor\laravel\framework\src\Illuminate\Foundation\helpers.php(885): Illuminate\View\Factory->make('pension-view-de...', Array, Array)
#3 D:\laragon\www\jaibangla_dv\jaibangla\app\Http\Controllers\JBProcessApplicationController.php(986): view('pension-view-de...', Array)
#4 [internal function]: App\Http\Controllers\JBProcessApplicationController->showApplicantDetailsCommon(Object(Illuminate\Http\Request), '47', '17')
#5 D:\laragon\www\jaibangla_dv\jaibangla\vendor\laravel\framework\src\Illuminate\Routing\Controller.php(55): call_user_func_array(Array, Array)
#6 D:\laragon\www\jaibangla_dv\jaibangla\vendor\laravel\framework\src\Illuminate\Routing\ControllerDispatcher.php(44): Illuminate\Routing\Controller->callAction('showApplicantDe...', Array)
#7 D:\laragon\www\jaibangla_dv\jaibangla\vendor\laravel\framework\src\Illuminate\Routing\Route.php(203): Illuminate\Routing\ControllerDispatcher->dispatch(Object(Illuminate\Routing\Route), Object(App\Http\Controllers\JBProcessApplicationController), 'showApplicantDe...')
#8 D:\laragon\www\jaibangla_dv\jaibangla\vendor\laravel\framework\src\Illuminate\Routing\Route.php(160): Illuminate\Routing\Route->runController()
#9 D:\laragon\www\jaibangla_dv\jaibangla\vendor\laravel\framework\src\Illuminate\Routing\Router.php(572): Illuminate\Routing\Route->run()
#10 D:\laragon\www\jaibangla_dv\jaibangla\vendor\laravel\framework\src\Illuminate\Routing\Pipeline.php(30): Illuminate\Routing\Router->Illuminate\Routing\{closure}(Object(Illuminate\Http\Request))
#11 D:\laragon\www\jaibangla_dv\jaibangla\app\Http\Middleware\TrackPageCount.php(29): Illuminate\Routing\Pipeline->Illuminate\Routing\{closure}(Object(Illuminate\Http\Request))
#12 D:\laragon\www\jaibangla_dv\jaibangla\vendor\laravel\framework\src\Illuminate\Pipeline\Pipeline.php(148): App\Http\Middleware\TrackPageCount->handle(Object(Illuminate\Http\Request), Object(Closure))
#13 D:\laragon\www\jaibangla_dv\jaibangla\vendor\laravel\framework\src\Illuminate\Routing\Pipeline.php(53): Illuminate\Pipeline\Pipeline->Illuminate\Pipeline\{closure}(Object(Illuminate\Http\Request))
#14 D:\laragon\www\jaibangla_dv\jaibangla\vendor\laravel\framework\src\Illuminate\Routing\Middleware\SubstituteBindings.php(41): Illuminate\Routing\Pipeline->Illuminate\Routing\{closure}(Object(Illuminate\Http\Request))
#15 D:\laragon\www\jaibangla_dv\jaibangla\vendor\laravel\framework\src\Illuminate\Pipeline\Pipeline.php(148): Illuminate\Routing\Middleware\SubstituteBindings->handle(Object(Illuminate\Http\Request), Object(Closure))
#16 D:\laragon\www\jaibangla_dv\jaibangla\vendor\laravel\framework\src\Illuminate\Routing\Pipeline.php(53): Illuminate\Pipeline\Pipeline->Illuminate\Pipeline\{closure}(Object(Illuminate\Http\Request))
#17 D:\laragon\www\jaibangla_dv\jaibangla\vendor\laravel\framework\src\Illuminate\Auth\Middleware\Authenticate.php(43): Illuminate\Routing\Pipeline->Illuminate\Routing\{closure}(Object(Illuminate\Http\Request))
#18 D:\laragon\www\jaibangla_dv\jaibangla\vendor\laravel\framework\src\Illuminate\Pipeline\Pipeline.php(148): Illuminate\Auth\Middleware\Authenticate->handle(Object(Illuminate\Http\Request), Object(Closure))
#19 D:\laragon\www\jaibangla_dv\jaibangla\vendor\laravel\framework\src\Illuminate\Routing\Pipeline.php(53): Illuminate\Pipeline\Pipeline->Illuminate\Pipeline\{closure}(Object(Illuminate\Http\Request))
#20 D:\laragon\www\jaibangla_dv\jaibangla\vendor\laravel\framework\src\Illuminate\Foundation\Http\Middleware\VerifyCsrfToken.php(65): Illuminate\Routing\Pipeline->Illuminate\Routing\{closure}(Object(Illuminate\Http\Request))
#21 D:\laragon\www\jaibangla_dv\jaibangla\vendor\laravel\framework\src\Illuminate\Pipeline\Pipeline.php(148): Illuminate\Foundation\Http\Middleware\VerifyCsrfToken->handle(Object(Illuminate\Http\Request), Object(Closure))
#22 D:\laragon\www\jaibangla_dv\jaibangla\vendor\laravel\framework\src\Illuminate\Routing\Pipeline.php(53): Illuminate\Pipeline\Pipeline->Illuminate\Pipeline\{closure}(Object(Illuminate\Http\Request))
#23 D:\laragon\www\jaibangla_dv\jaibangla\vendor\laravel\framework\src\Illuminate\View\Middleware\ShareErrorsFromSession.php(49): Illuminate\Routing\Pipeline->Illuminate\Routing\{closure}(Object(Illuminate\Http\Request))
#24 D:\laragon\www\jaibangla_dv\jaibangla\vendor\laravel\framework\src\Illuminate\Pipeline\Pipeline.php(148): Illuminate\View\Middleware\ShareErrorsFromSession->handle(Object(Illuminate\Http\Request), Object(Closure))
#25 D:\laragon\www\jaibangla_dv\jaibangla\vendor\laravel\framework\src\Illuminate\Routing\Pipeline.php(53): Illuminate\Pipeline\Pipeline->Illuminate\Pipeline\{closure}(Object(Illuminate\Http\Request))
#26 D:\laragon\www\jaibangla_dv\jaibangla\vendor\laravel\framework\src\Illuminate\Session\Middleware\StartSession.php(64): Illuminate\Routing\Pipeline->Illuminate\Routing\{closure}(Object(Illuminate\Http\Request))
#27 D:\laragon\www\jaibangla_dv\jaibangla\vendor\laravel\framework\src\Illuminate\Pipeline\Pipeline.php(148): Illuminate\Session\Middleware\StartSession->handle(Object(Illuminate\Http\Request), Object(Closure))
#28 D:\laragon\www\jaibangla_dv\jaibangla\vendor\laravel\framework\src\Illuminate\Routing\Pipeline.php(53): Illuminate\Pipeline\Pipeline->Illuminate\Pipeline\{closure}(Object(Illuminate\Http\Request))
#29 D:\laragon\www\jaibangla_dv\jaibangla\vendor\laravel\framework\src\Illuminate\Cookie\Middleware\AddQueuedCookiesToResponse.php(37): Illuminate\Routing\Pipeline->Illuminate\Routing\{closure}(Object(Illuminate\Http\Request))
#30 D:\laragon\www\jaibangla_dv\jaibangla\vendor\laravel\framework\src\Illuminate\Pipeline\Pipeline.php(148): Illuminate\Cookie\Middleware\AddQueuedCookiesToResponse->handle(Object(Illuminate\Http\Request), Object(Closure))
#31 D:\laragon\www\jaibangla_dv\jaibangla\vendor\laravel\framework\src\Illuminate\Routing\Pipeline.php(53): Illuminate\Pipeline\Pipeline->Illuminate\Pipeline\{closure}(Object(Illuminate\Http\Request))
#32 D:\laragon\www\jaibangla_dv\jaibangla\vendor\laravel\framework\src\Illuminate\Cookie\Middleware\EncryptCookies.php(59): Illuminate\Routing\Pipeline->Illuminate\Routing\{closure}(Object(Illuminate\Http\Request))
#33 D:\laragon\www\jaibangla_dv\jaibangla\vendor\laravel\framework\src\Illuminate\Pipeline\Pipeline.php(148): Illuminate\Cookie\Middleware\EncryptCookies->handle(Object(Illuminate\Http\Request), Object(Closure))
#34 D:\laragon\www\jaibangla_dv\jaibangla\vendor\laravel\framework\src\Illuminate\Routing\Pipeline.php(53): Illuminate\Pipeline\Pipeline->Illuminate\Pipeline\{closure}(Object(Illuminate\Http\Request))
#35 D:\laragon\www\jaibangla_dv\jaibangla\vendor\laravel\framework\src\Illuminate\Pipeline\Pipeline.php(102): Illuminate\Routing\Pipeline->Illuminate\Routing\{closure}(Object(Illuminate\Http\Request))
#36 D:\laragon\www\jaibangla_dv\jaibangla\vendor\laravel\framework\src\Illuminate\Routing\Router.php(574): Illuminate\Pipeline\Pipeline->then(Object(Closure))
#37 D:\laragon\www\jaibangla_dv\jaibangla\vendor\laravel\framework\src\Illuminate\Routing\Router.php(533): Illuminate\Routing\Router->runRouteWithinStack(Object(Illuminate\Routing\Route), Object(Illuminate\Http\Request))
#38 D:\laragon\www\jaibangla_dv\jaibangla\vendor\laravel\framework\src\Illuminate\Routing\Router.php(511): Illuminate\Routing\Router->dispatchToRoute(Object(Illuminate\Http\Request))
#39 D:\laragon\www\jaibangla_dv\jaibangla\vendor\laravel\framework\src\Illuminate\Foundation\Http\Kernel.php(176): Illuminate\Routing\Router->dispatch(Object(Illuminate\Http\Request))
#40 D:\laragon\www\jaibangla_dv\jaibangla\vendor\laravel\framework\src\Illuminate\Routing\Pipeline.php(30): Illuminate\Foundation\Http\Kernel->Illuminate\Foundation\Http\{closure}(Object(Illuminate\Http\Request))
#41 D:\laragon\www\jaibangla_dv\jaibangla\vendor\laravel\framework\src\Illuminate\Foundation\Http\Middleware\TransformsRequest.php(30): Illuminate\Routing\Pipeline->Illuminate\Routing\{closure}(Object(Illuminate\Http\Request))
#42 D:\laragon\www\jaibangla_dv\jaibangla\vendor\laravel\framework\src\Illuminate\Pipeline\Pipeline.php(148): Illuminate\Foundation\Http\Middleware\TransformsRequest->handle(Object(Illuminate\Http\Request), Object(Closure))
#43 D:\laragon\www\jaibangla_dv\jaibangla\vendor\laravel\framework\src\Illuminate\Routing\Pipeline.php(53): Illuminate\Pipeline\Pipeline->Illuminate\Pipeline\{closure}(Object(Illuminate\Http\Request))
#44 D:\laragon\www\jaibangla_dv\jaibangla\vendor\laravel\framework\src\Illuminate\Foundation\Http\Middleware\TransformsRequest.php(30): Illuminate\Routing\Pipeline->Illuminate\Routing\{closure}(Object(Illuminate\Http\Request))
#45 D:\laragon\www\jaibangla_dv\jaibangla\vendor\laravel\framework\src\Illuminate\Pipeline\Pipeline.php(148): Illuminate\Foundation\Http\Middleware\TransformsRequest->handle(Object(Illuminate\Http\Request), Object(Closure))
#46 D:\laragon\www\jaibangla_dv\jaibangla\vendor\laravel\framework\src\Illuminate\Routing\Pipeline.php(53): Illuminate\Pipeline\Pipeline->Illuminate\Pipeline\{closure}(Object(Illuminate\Http\Request))
#47 D:\laragon\www\jaibangla_dv\jaibangla\vendor\laravel\framework\src\Illuminate\Foundation\Http\Middleware\ValidatePostSize.php(27): Illuminate\Routing\Pipeline->Illuminate\Routing\{closure}(Object(Illuminate\Http\Request))
#48 D:\laragon\www\jaibangla_dv\jaibangla\vendor\laravel\framework\src\Illuminate\Pipeline\Pipeline.php(148): Illuminate\Foundation\Http\Middleware\ValidatePostSize->handle(Object(Illuminate\Http\Request), Object(Closure))
#49 D:\laragon\www\jaibangla_dv\jaibangla\vendor\laravel\framework\src\Illuminate\Routing\Pipeline.php(53): Illuminate\Pipeline\Pipeline->Illuminate\Pipeline\{closure}(Object(Illuminate\Http\Request))
#50 D:\laragon\www\jaibangla_dv\jaibangla\vendor\laravel\framework\src\Illuminate\Foundation\Http\Middleware\CheckForMaintenanceMode.php(46): Illuminate\Routing\Pipeline->Illuminate\Routing\{closure}(Object(Illuminate\Http\Request))
#51 D:\laragon\www\jaibangla_dv\jaibangla\vendor\laravel\framework\src\Illuminate\Pipeline\Pipeline.php(148): Illuminate\Foundation\Http\Middleware\CheckForMaintenanceMode->handle(Object(Illuminate\Http\Request), Object(Closure))
#52 D:\laragon\www\jaibangla_dv\jaibangla\vendor\laravel\framework\src\Illuminate\Routing\Pipeline.php(53): Illuminate\Pipeline\Pipeline->Illuminate\Pipeline\{closure}(Object(Illuminate\Http\Request))
#53 D:\laragon\www\jaibangla_dv\jaibangla\vendor\laravel\framework\src\Illuminate\Pipeline\Pipeline.php(102): Illuminate\Routing\Pipeline->Illuminate\Routing\{closure}(Object(Illuminate\Http\Request))
#54 D:\laragon\www\jaibangla_dv\jaibangla\vendor\laravel\framework\src\Illuminate\Foundation\Http\Kernel.php(151): Illuminate\Pipeline\Pipeline->then(Object(Closure))
#55 D:\laragon\www\jaibangla_dv\jaibangla\vendor\laravel\framework\src\Illuminate\Foundation\Http\Kernel.php(116): Illuminate\Foundation\Http\Kernel->sendRequestThroughRouter(Object(Illuminate\Http\Request))
#56 D:\laragon\www\jaibangla_dv\index.php(53): Illuminate\Foundation\Http\Kernel->handle(Object(Illuminate\Http\Request))
#57 {main}  
[2024-12-17 09:57:44] production.ERROR: Symfony\Component\Debug\Exception\FatalThrowableError: Parse error: syntax error, unexpected end of file in D:\laragon\www\jaibangla_dv\jaibangla\routes\web.php:2145
Stack trace:
#0 D:\laragon\www\jaibangla_dv\jaibangla\vendor\laravel\framework\src\Illuminate\Routing\Router.php(283): Illuminate\Routing\Router->loadRoutes('D:\\laragon\\www\\...')
#1 D:\laragon\www\jaibangla_dv\jaibangla\vendor\laravel\framework\src\Illuminate\Routing\RouteRegistrar.php(104): Illuminate\Routing\Router->group(Array, 'D:\\laragon\\www\\...')
#2 D:\laragon\www\jaibangla_dv\jaibangla\app\Providers\RouteServiceProvider.php(56): Illuminate\Routing\RouteRegistrar->group('D:\\laragon\\www\\...')
#3 D:\laragon\www\jaibangla_dv\jaibangla\app\Providers\RouteServiceProvider.php(40): App\Providers\RouteServiceProvider->mapWebRoutes()
#4 [internal function]: App\Providers\RouteServiceProvider->map()
#5 D:\laragon\www\jaibangla_dv\jaibangla\vendor\laravel\framework\src\Illuminate\Container\BoundMethod.php(29): call_user_func_array(Array, Array)
#6 D:\laragon\www\jaibangla_dv\jaibangla\vendor\laravel\framework\src\Illuminate\Container\BoundMethod.php(87): Illuminate\Container\BoundMethod::Illuminate\Container\{closure}()
#7 D:\laragon\www\jaibangla_dv\jaibangla\vendor\laravel\framework\src\Illuminate\Container\BoundMethod.php(31): Illuminate\Container\BoundMethod::callBoundMethod(Object(Illuminate\Foundation\Application), Array, Object(Closure))
#8 D:\laragon\www\jaibangla_dv\jaibangla\vendor\laravel\framework\src\Illuminate\Container\Container.php(539): Illuminate\Container\BoundMethod::call(Object(Illuminate\Foundation\Application), Array, Array, NULL)
#9 D:\laragon\www\jaibangla_dv\jaibangla\vendor\laravel\framework\src\Illuminate\Foundation\Support\Providers\RouteServiceProvider.php(74): Illuminate\Container\Container->call(Array)
#10 D:\laragon\www\jaibangla_dv\jaibangla\vendor\laravel\framework\src\Illuminate\Foundation\Support\Providers\RouteServiceProvider.php(33): Illuminate\Foundation\Support\Providers\RouteServiceProvider->loadRoutes()
#11 D:\laragon\www\jaibangla_dv\jaibangla\app\Providers\RouteServiceProvider.php(28): Illuminate\Foundation\Support\Providers\RouteServiceProvider->boot()
#12 [internal function]: App\Providers\RouteServiceProvider->boot()
#13 D:\laragon\www\jaibangla_dv\jaibangla\vendor\laravel\framework\src\Illuminate\Container\BoundMethod.php(29): call_user_func_array(Array, Array)
#14 D:\laragon\www\jaibangla_dv\jaibangla\vendor\laravel\framework\src\Illuminate\Container\BoundMethod.php(87): Illuminate\Container\BoundMethod::Illuminate\Container\{closure}()
#15 D:\laragon\www\jaibangla_dv\jaibangla\vendor\laravel\framework\src\Illuminate\Container\BoundMethod.php(31): Illuminate\Container\BoundMethod::callBoundMethod(Object(Illuminate\Foundation\Application), Array, Object(Closure))
#16 D:\laragon\www\jaibangla_dv\jaibangla\vendor\laravel\framework\src\Illuminate\Container\Container.php(539): Illuminate\Container\BoundMethod::call(Object(Illuminate\Foundation\Application), Array, Array, NULL)
#17 D:\laragon\www\jaibangla_dv\jaibangla\vendor\laravel\framework\src\Illuminate\Foundation\Application.php(788): Illuminate\Container\Container->call(Array)
#18 D:\laragon\www\jaibangla_dv\jaibangla\vendor\laravel\framework\src\Illuminate\Foundation\Application.php(771): Illuminate\Foundation\Application->bootProvider(Object(App\Providers\RouteServiceProvider))
#19 [internal function]: Illuminate\Foundation\Application->Illuminate\Foundation\{closure}(Object(App\Providers\RouteServiceProvider), 21)
#20 D:\laragon\www\jaibangla_dv\jaibangla\vendor\laravel\framework\src\Illuminate\Foundation\Application.php(772): array_walk(Array, Object(Closure))
#21 D:\laragon\www\jaibangla_dv\jaibangla\vendor\laravel\framework\src\Illuminate\Foundation\Bootstrap\BootProviders.php(17): Illuminate\Foundation\Application->boot()
#22 D:\laragon\www\jaibangla_dv\jaibangla\vendor\laravel\framework\src\Illuminate\Foundation\Application.php(208): Illuminate\Foundation\Bootstrap\BootProviders->bootstrap(Object(Illuminate\Foundation\Application))
#23 D:\laragon\www\jaibangla_dv\jaibangla\vendor\laravel\framework\src\Illuminate\Foundation\Http\Kernel.php(162): Illuminate\Foundation\Application->bootstrapWith(Array)
#24 D:\laragon\www\jaibangla_dv\jaibangla\vendor\laravel\framework\src\Illuminate\Foundation\Http\Kernel.php(146): Illuminate\Foundation\Http\Kernel->bootstrap()
#25 D:\laragon\www\jaibangla_dv\jaibangla\vendor\laravel\framework\src\Illuminate\Foundation\Http\Kernel.php(116): Illuminate\Foundation\Http\Kernel->sendRequestThroughRouter(Object(Illuminate\Http\Request))
#26 D:\laragon\www\jaibangla_dv\index.php(53): Illuminate\Foundation\Http\Kernel->handle(Object(Illuminate\Http\Request))
#27 {main}  
[2024-12-17 15:28:04] production.ERROR: BadMethodCallException: Method [applicant_details] does not exist. in D:\laragon\www\jaibangla_dv\jaibangla\vendor\laravel\framework\src\Illuminate\Routing\Controller.php:82
Stack trace:
#0 [internal function]: Illuminate\Routing\Controller->__call('applicant_detai...', Array)
#1 D:\laragon\www\jaibangla_dv\jaibangla\vendor\laravel\framework\src\Illuminate\Routing\Controller.php(55): call_user_func_array(Array, Array)
#2 D:\laragon\www\jaibangla_dv\jaibangla\vendor\laravel\framework\src\Illuminate\Routing\ControllerDispatcher.php(44): Illuminate\Routing\Controller->callAction('applicant_detai...', Array)
#3 D:\laragon\www\jaibangla_dv\jaibangla\vendor\laravel\framework\src\Illuminate\Routing\Route.php(203): Illuminate\Routing\ControllerDispatcher->dispatch(Object(Illuminate\Routing\Route), Object(App\Http\Controllers\JBProcessApplicationLB60Controller), 'applicant_detai...')
#4 D:\laragon\www\jaibangla_dv\jaibangla\vendor\laravel\framework\src\Illuminate\Routing\Route.php(160): Illuminate\Routing\Route->runController()
#5 D:\laragon\www\jaibangla_dv\jaibangla\vendor\laravel\framework\src\Illuminate\Routing\Router.php(572): Illuminate\Routing\Route->run()
#6 D:\laragon\www\jaibangla_dv\jaibangla\vendor\laravel\framework\src\Illuminate\Routing\Pipeline.php(30): Illuminate\Routing\Router->Illuminate\Routing\{closure}(Object(Illuminate\Http\Request))
#7 D:\laragon\www\jaibangla_dv\jaibangla\app\Http\Middleware\TrackPageCount.php(29): Illuminate\Routing\Pipeline->Illuminate\Routing\{closure}(Object(Illuminate\Http\Request))
#8 D:\laragon\www\jaibangla_dv\jaibangla\vendor\laravel\framework\src\Illuminate\Pipeline\Pipeline.php(148): App\Http\Middleware\TrackPageCount->handle(Object(Illuminate\Http\Request), Object(Closure))
#9 D:\laragon\www\jaibangla_dv\jaibangla\vendor\laravel\framework\src\Illuminate\Routing\Pipeline.php(53): Illuminate\Pipeline\Pipeline->Illuminate\Pipeline\{closure}(Object(Illuminate\Http\Request))
#10 D:\laragon\www\jaibangla_dv\jaibangla\vendor\laravel\framework\src\Illuminate\Routing\Middleware\SubstituteBindings.php(41): Illuminate\Routing\Pipeline->Illuminate\Routing\{closure}(Object(Illuminate\Http\Request))
#11 D:\laragon\www\jaibangla_dv\jaibangla\vendor\laravel\framework\src\Illuminate\Pipeline\Pipeline.php(148): Illuminate\Routing\Middleware\SubstituteBindings->handle(Object(Illuminate\Http\Request), Object(Closure))
#12 D:\laragon\www\jaibangla_dv\jaibangla\vendor\laravel\framework\src\Illuminate\Routing\Pipeline.php(53): Illuminate\Pipeline\Pipeline->Illuminate\Pipeline\{closure}(Object(Illuminate\Http\Request))
#13 D:\laragon\www\jaibangla_dv\jaibangla\vendor\laravel\framework\src\Illuminate\Auth\Middleware\Authenticate.php(43): Illuminate\Routing\Pipeline->Illuminate\Routing\{closure}(Object(Illuminate\Http\Request))
#14 D:\laragon\www\jaibangla_dv\jaibangla\vendor\laravel\framework\src\Illuminate\Pipeline\Pipeline.php(148): Illuminate\Auth\Middleware\Authenticate->handle(Object(Illuminate\Http\Request), Object(Closure))
#15 D:\laragon\www\jaibangla_dv\jaibangla\vendor\laravel\framework\src\Illuminate\Routing\Pipeline.php(53): Illuminate\Pipeline\Pipeline->Illuminate\Pipeline\{closure}(Object(Illuminate\Http\Request))
#16 D:\laragon\www\jaibangla_dv\jaibangla\vendor\laravel\framework\src\Illuminate\Foundation\Http\Middleware\VerifyCsrfToken.php(65): Illuminate\Routing\Pipeline->Illuminate\Routing\{closure}(Object(Illuminate\Http\Request))
#17 D:\laragon\www\jaibangla_dv\jaibangla\vendor\laravel\framework\src\Illuminate\Pipeline\Pipeline.php(148): Illuminate\Foundation\Http\Middleware\VerifyCsrfToken->handle(Object(Illuminate\Http\Request), Object(Closure))
#18 D:\laragon\www\jaibangla_dv\jaibangla\vendor\laravel\framework\src\Illuminate\Routing\Pipeline.php(53): Illuminate\Pipeline\Pipeline->Illuminate\Pipeline\{closure}(Object(Illuminate\Http\Request))
#19 D:\laragon\www\jaibangla_dv\jaibangla\vendor\laravel\framework\src\Illuminate\View\Middleware\ShareErrorsFromSession.php(49): Illuminate\Routing\Pipeline->Illuminate\Routing\{closure}(Object(Illuminate\Http\Request))
#20 D:\laragon\www\jaibangla_dv\jaibangla\vendor\laravel\framework\src\Illuminate\Pipeline\Pipeline.php(148): Illuminate\View\Middleware\ShareErrorsFromSession->handle(Object(Illuminate\Http\Request), Object(Closure))
#21 D:\laragon\www\jaibangla_dv\jaibangla\vendor\laravel\framework\src\Illuminate\Routing\Pipeline.php(53): Illuminate\Pipeline\Pipeline->Illuminate\Pipeline\{closure}(Object(Illuminate\Http\Request))
#22 D:\laragon\www\jaibangla_dv\jaibangla\vendor\laravel\framework\src\Illuminate\Session\Middleware\StartSession.php(64): Illuminate\Routing\Pipeline->Illuminate\Routing\{closure}(Object(Illuminate\Http\Request))
#23 D:\laragon\www\jaibangla_dv\jaibangla\vendor\laravel\framework\src\Illuminate\Pipeline\Pipeline.php(148): Illuminate\Session\Middleware\StartSession->handle(Object(Illuminate\Http\Request), Object(Closure))
#24 D:\laragon\www\jaibangla_dv\jaibangla\vendor\laravel\framework\src\Illuminate\Routing\Pipeline.php(53): Illuminate\Pipeline\Pipeline->Illuminate\Pipeline\{closure}(Object(Illuminate\Http\Request))
#25 D:\laragon\www\jaibangla_dv\jaibangla\vendor\laravel\framework\src\Illuminate\Cookie\Middleware\AddQueuedCookiesToResponse.php(37): Illuminate\Routing\Pipeline->Illuminate\Routing\{closure}(Object(Illuminate\Http\Request))
#26 D:\laragon\www\jaibangla_dv\jaibangla\vendor\laravel\framework\src\Illuminate\Pipeline\Pipeline.php(148): Illuminate\Cookie\Middleware\AddQueuedCookiesToResponse->handle(Object(Illuminate\Http\Request), Object(Closure))
#27 D:\laragon\www\jaibangla_dv\jaibangla\vendor\laravel\framework\src\Illuminate\Routing\Pipeline.php(53): Illuminate\Pipeline\Pipeline->Illuminate\Pipeline\{closure}(Object(Illuminate\Http\Request))
#28 D:\laragon\www\jaibangla_dv\jaibangla\vendor\laravel\framework\src\Illuminate\Cookie\Middleware\EncryptCookies.php(59): Illuminate\Routing\Pipeline->Illuminate\Routing\{closure}(Object(Illuminate\Http\Request))
#29 D:\laragon\www\jaibangla_dv\jaibangla\vendor\laravel\framework\src\Illuminate\Pipeline\Pipeline.php(148): Illuminate\Cookie\Middleware\EncryptCookies->handle(Object(Illuminate\Http\Request), Object(Closure))
#30 D:\laragon\www\jaibangla_dv\jaibangla\vendor\laravel\framework\src\Illuminate\Routing\Pipeline.php(53): Illuminate\Pipeline\Pipeline->Illuminate\Pipeline\{closure}(Object(Illuminate\Http\Request))
#31 D:\laragon\www\jaibangla_dv\jaibangla\vendor\laravel\framework\src\Illuminate\Pipeline\Pipeline.php(102): Illuminate\Routing\Pipeline->Illuminate\Routing\{closure}(Object(Illuminate\Http\Request))
#32 D:\laragon\www\jaibangla_dv\jaibangla\vendor\laravel\framework\src\Illuminate\Routing\Router.php(574): Illuminate\Pipeline\Pipeline->then(Object(Closure))
#33 D:\laragon\www\jaibangla_dv\jaibangla\vendor\laravel\framework\src\Illuminate\Routing\Router.php(533): Illuminate\Routing\Router->runRouteWithinStack(Object(Illuminate\Routing\Route), Object(Illuminate\Http\Request))
#34 D:\laragon\www\jaibangla_dv\jaibangla\vendor\laravel\framework\src\Illuminate\Routing\Router.php(511): Illuminate\Routing\Router->dispatchToRoute(Object(Illuminate\Http\Request))
#35 D:\laragon\www\jaibangla_dv\jaibangla\vendor\laravel\framework\src\Illuminate\Foundation\Http\Kernel.php(176): Illuminate\Routing\Router->dispatch(Object(Illuminate\Http\Request))
#36 D:\laragon\www\jaibangla_dv\jaibangla\vendor\laravel\framework\src\Illuminate\Routing\Pipeline.php(30): Illuminate\Foundation\Http\Kernel->Illuminate\Foundation\Http\{closure}(Object(Illuminate\Http\Request))
#37 D:\laragon\www\jaibangla_dv\jaibangla\vendor\laravel\framework\src\Illuminate\Foundation\Http\Middleware\TransformsRequest.php(30): Illuminate\Routing\Pipeline->Illuminate\Routing\{closure}(Object(Illuminate\Http\Request))
#38 D:\laragon\www\jaibangla_dv\jaibangla\vendor\laravel\framework\src\Illuminate\Pipeline\Pipeline.php(148): Illuminate\Foundation\Http\Middleware\TransformsRequest->handle(Object(Illuminate\Http\Request), Object(Closure))
#39 D:\laragon\www\jaibangla_dv\jaibangla\vendor\laravel\framework\src\Illuminate\Routing\Pipeline.php(53): Illuminate\Pipeline\Pipeline->Illuminate\Pipeline\{closure}(Object(Illuminate\Http\Request))
#40 D:\laragon\www\jaibangla_dv\jaibangla\vendor\laravel\framework\src\Illuminate\Foundation\Http\Middleware\TransformsRequest.php(30): Illuminate\Routing\Pipeline->Illuminate\Routing\{closure}(Object(Illuminate\Http\Request))
#41 D:\laragon\www\jaibangla_dv\jaibangla\vendor\laravel\framework\src\Illuminate\Pipeline\Pipeline.php(148): Illuminate\Foundation\Http\Middleware\TransformsRequest->handle(Object(Illuminate\Http\Request), Object(Closure))
#42 D:\laragon\www\jaibangla_dv\jaibangla\vendor\laravel\framework\src\Illuminate\Routing\Pipeline.php(53): Illuminate\Pipeline\Pipeline->Illuminate\Pipeline\{closure}(Object(Illuminate\Http\Request))
#43 D:\laragon\www\jaibangla_dv\jaibangla\vendor\laravel\framework\src\Illuminate\Foundation\Http\Middleware\ValidatePostSize.php(27): Illuminate\Routing\Pipeline->Illuminate\Routing\{closure}(Object(Illuminate\Http\Request))
#44 D:\laragon\www\jaibangla_dv\jaibangla\vendor\laravel\framework\src\Illuminate\Pipeline\Pipeline.php(148): Illuminate\Foundation\Http\Middleware\ValidatePostSize->handle(Object(Illuminate\Http\Request), Object(Closure))
#45 D:\laragon\www\jaibangla_dv\jaibangla\vendor\laravel\framework\src\Illuminate\Routing\Pipeline.php(53): Illuminate\Pipeline\Pipeline->Illuminate\Pipeline\{closure}(Object(Illuminate\Http\Request))
#46 D:\laragon\www\jaibangla_dv\jaibangla\vendor\laravel\framework\src\Illuminate\Foundation\Http\Middleware\CheckForMaintenanceMode.php(46): Illuminate\Routing\Pipeline->Illuminate\Routing\{closure}(Object(Illuminate\Http\Request))
#47 D:\laragon\www\jaibangla_dv\jaibangla\vendor\laravel\framework\src\Illuminate\Pipeline\Pipeline.php(148): Illuminate\Foundation\Http\Middleware\CheckForMaintenanceMode->handle(Object(Illuminate\Http\Request), Object(Closure))
#48 D:\laragon\www\jaibangla_dv\jaibangla\vendor\laravel\framework\src\Illuminate\Routing\Pipeline.php(53): Illuminate\Pipeline\Pipeline->Illuminate\Pipeline\{closure}(Object(Illuminate\Http\Request))
#49 D:\laragon\www\jaibangla_dv\jaibangla\vendor\laravel\framework\src\Illuminate\Pipeline\Pipeline.php(102): Illuminate\Routing\Pipeline->Illuminate\Routing\{closure}(Object(Illuminate\Http\Request))
#50 D:\laragon\www\jaibangla_dv\jaibangla\vendor\laravel\framework\src\Illuminate\Foundation\Http\Kernel.php(151): Illuminate\Pipeline\Pipeline->then(Object(Closure))
#51 D:\laragon\www\jaibangla_dv\jaibangla\vendor\laravel\framework\src\Illuminate\Foundation\Http\Kernel.php(116): Illuminate\Foundation\Http\Kernel->sendRequestThroughRouter(Object(Illuminate\Http\Request))
#52 D:\laragon\www\jaibangla_dv\index.php(53): Illuminate\Foundation\Http\Kernel->handle(Object(Illuminate\Http\Request))
#53 {main}  
[2024-12-17 10:01:21] production.ERROR: InvalidArgumentException: View [applicant-details.detsils] not found. in D:\laragon\www\jaibangla_dv\jaibangla\vendor\laravel\framework\src\Illuminate\View\FileViewFinder.php:137
Stack trace:
#0 D:\laragon\www\jaibangla_dv\jaibangla\vendor\laravel\framework\src\Illuminate\View\FileViewFinder.php(79): Illuminate\View\FileViewFinder->findInPaths('applicant-detai...', Array)
#1 D:\laragon\www\jaibangla_dv\jaibangla\vendor\laravel\framework\src\Illuminate\View\Factory.php(128): Illuminate\View\FileViewFinder->find('applicant-detai...')
#2 D:\laragon\www\jaibangla_dv\jaibangla\vendor\laravel\framework\src\Illuminate\Foundation\helpers.php(885): Illuminate\View\Factory->make('applicant-detai...', Array, Array)
#3 D:\laragon\www\jaibangla_dv\jaibangla\app\Http\Controllers\JBProcessApplicationController.php(1527): view('applicant-detai...')
#4 [internal function]: App\Http\Controllers\JBProcessApplicationController->applicant_details(Object(Illuminate\Http\Request))
#5 D:\laragon\www\jaibangla_dv\jaibangla\vendor\laravel\framework\src\Illuminate\Routing\Controller.php(55): call_user_func_array(Array, Array)
#6 D:\laragon\www\jaibangla_dv\jaibangla\vendor\laravel\framework\src\Illuminate\Routing\ControllerDispatcher.php(44): Illuminate\Routing\Controller->callAction('applicant_detai...', Array)
#7 D:\laragon\www\jaibangla_dv\jaibangla\vendor\laravel\framework\src\Illuminate\Routing\Route.php(203): Illuminate\Routing\ControllerDispatcher->dispatch(Object(Illuminate\Routing\Route), Object(App\Http\Controllers\JBProcessApplicationController), 'applicant_detai...')
#8 D:\laragon\www\jaibangla_dv\jaibangla\vendor\laravel\framework\src\Illuminate\Routing\Route.php(160): Illuminate\Routing\Route->runController()
#9 D:\laragon\www\jaibangla_dv\jaibangla\vendor\laravel\framework\src\Illuminate\Routing\Router.php(572): Illuminate\Routing\Route->run()
#10 D:\laragon\www\jaibangla_dv\jaibangla\vendor\laravel\framework\src\Illuminate\Routing\Pipeline.php(30): Illuminate\Routing\Router->Illuminate\Routing\{closure}(Object(Illuminate\Http\Request))
#11 D:\laragon\www\jaibangla_dv\jaibangla\app\Http\Middleware\TrackPageCount.php(29): Illuminate\Routing\Pipeline->Illuminate\Routing\{closure}(Object(Illuminate\Http\Request))
#12 D:\laragon\www\jaibangla_dv\jaibangla\vendor\laravel\framework\src\Illuminate\Pipeline\Pipeline.php(148): App\Http\Middleware\TrackPageCount->handle(Object(Illuminate\Http\Request), Object(Closure))
#13 D:\laragon\www\jaibangla_dv\jaibangla\vendor\laravel\framework\src\Illuminate\Routing\Pipeline.php(53): Illuminate\Pipeline\Pipeline->Illuminate\Pipeline\{closure}(Object(Illuminate\Http\Request))
#14 D:\laragon\www\jaibangla_dv\jaibangla\vendor\laravel\framework\src\Illuminate\Routing\Middleware\SubstituteBindings.php(41): Illuminate\Routing\Pipeline->Illuminate\Routing\{closure}(Object(Illuminate\Http\Request))
#15 D:\laragon\www\jaibangla_dv\jaibangla\vendor\laravel\framework\src\Illuminate\Pipeline\Pipeline.php(148): Illuminate\Routing\Middleware\SubstituteBindings->handle(Object(Illuminate\Http\Request), Object(Closure))
#16 D:\laragon\www\jaibangla_dv\jaibangla\vendor\laravel\framework\src\Illuminate\Routing\Pipeline.php(53): Illuminate\Pipeline\Pipeline->Illuminate\Pipeline\{closure}(Object(Illuminate\Http\Request))
#17 D:\laragon\www\jaibangla_dv\jaibangla\vendor\laravel\framework\src\Illuminate\Auth\Middleware\Authenticate.php(43): Illuminate\Routing\Pipeline->Illuminate\Routing\{closure}(Object(Illuminate\Http\Request))
#18 D:\laragon\www\jaibangla_dv\jaibangla\vendor\laravel\framework\src\Illuminate\Pipeline\Pipeline.php(148): Illuminate\Auth\Middleware\Authenticate->handle(Object(Illuminate\Http\Request), Object(Closure))
#19 D:\laragon\www\jaibangla_dv\jaibangla\vendor\laravel\framework\src\Illuminate\Routing\Pipeline.php(53): Illuminate\Pipeline\Pipeline->Illuminate\Pipeline\{closure}(Object(Illuminate\Http\Request))
#20 D:\laragon\www\jaibangla_dv\jaibangla\vendor\laravel\framework\src\Illuminate\Foundation\Http\Middleware\VerifyCsrfToken.php(65): Illuminate\Routing\Pipeline->Illuminate\Routing\{closure}(Object(Illuminate\Http\Request))
#21 D:\laragon\www\jaibangla_dv\jaibangla\vendor\laravel\framework\src\Illuminate\Pipeline\Pipeline.php(148): Illuminate\Foundation\Http\Middleware\VerifyCsrfToken->handle(Object(Illuminate\Http\Request), Object(Closure))
#22 D:\laragon\www\jaibangla_dv\jaibangla\vendor\laravel\framework\src\Illuminate\Routing\Pipeline.php(53): Illuminate\Pipeline\Pipeline->Illuminate\Pipeline\{closure}(Object(Illuminate\Http\Request))
#23 D:\laragon\www\jaibangla_dv\jaibangla\vendor\laravel\framework\src\Illuminate\View\Middleware\ShareErrorsFromSession.php(49): Illuminate\Routing\Pipeline->Illuminate\Routing\{closure}(Object(Illuminate\Http\Request))
#24 D:\laragon\www\jaibangla_dv\jaibangla\vendor\laravel\framework\src\Illuminate\Pipeline\Pipeline.php(148): Illuminate\View\Middleware\ShareErrorsFromSession->handle(Object(Illuminate\Http\Request), Object(Closure))
#25 D:\laragon\www\jaibangla_dv\jaibangla\vendor\laravel\framework\src\Illuminate\Routing\Pipeline.php(53): Illuminate\Pipeline\Pipeline->Illuminate\Pipeline\{closure}(Object(Illuminate\Http\Request))
#26 D:\laragon\www\jaibangla_dv\jaibangla\vendor\laravel\framework\src\Illuminate\Session\Middleware\StartSession.php(64): Illuminate\Routing\Pipeline->Illuminate\Routing\{closure}(Object(Illuminate\Http\Request))
#27 D:\laragon\www\jaibangla_dv\jaibangla\vendor\laravel\framework\src\Illuminate\Pipeline\Pipeline.php(148): Illuminate\Session\Middleware\StartSession->handle(Object(Illuminate\Http\Request), Object(Closure))
#28 D:\laragon\www\jaibangla_dv\jaibangla\vendor\laravel\framework\src\Illuminate\Routing\Pipeline.php(53): Illuminate\Pipeline\Pipeline->Illuminate\Pipeline\{closure}(Object(Illuminate\Http\Request))
#29 D:\laragon\www\jaibangla_dv\jaibangla\vendor\laravel\framework\src\Illuminate\Cookie\Middleware\AddQueuedCookiesToResponse.php(37): Illuminate\Routing\Pipeline->Illuminate\Routing\{closure}(Object(Illuminate\Http\Request))
#30 D:\laragon\www\jaibangla_dv\jaibangla\vendor\laravel\framework\src\Illuminate\Pipeline\Pipeline.php(148): Illuminate\Cookie\Middleware\AddQueuedCookiesToResponse->handle(Object(Illuminate\Http\Request), Object(Closure))
#31 D:\laragon\www\jaibangla_dv\jaibangla\vendor\laravel\framework\src\Illuminate\Routing\Pipeline.php(53): Illuminate\Pipeline\Pipeline->Illuminate\Pipeline\{closure}(Object(Illuminate\Http\Request))
#32 D:\laragon\www\jaibangla_dv\jaibangla\vendor\laravel\framework\src\Illuminate\Cookie\Middleware\EncryptCookies.php(59): Illuminate\Routing\Pipeline->Illuminate\Routing\{closure}(Object(Illuminate\Http\Request))
#33 D:\laragon\www\jaibangla_dv\jaibangla\vendor\laravel\framework\src\Illuminate\Pipeline\Pipeline.php(148): Illuminate\Cookie\Middleware\EncryptCookies->handle(Object(Illuminate\Http\Request), Object(Closure))
#34 D:\laragon\www\jaibangla_dv\jaibangla\vendor\laravel\framework\src\Illuminate\Routing\Pipeline.php(53): Illuminate\Pipeline\Pipeline->Illuminate\Pipeline\{closure}(Object(Illuminate\Http\Request))
#35 D:\laragon\www\jaibangla_dv\jaibangla\vendor\laravel\framework\src\Illuminate\Pipeline\Pipeline.php(102): Illuminate\Routing\Pipeline->Illuminate\Routing\{closure}(Object(Illuminate\Http\Request))
#36 D:\laragon\www\jaibangla_dv\jaibangla\vendor\laravel\framework\src\Illuminate\Routing\Router.php(574): Illuminate\Pipeline\Pipeline->then(Object(Closure))
#37 D:\laragon\www\jaibangla_dv\jaibangla\vendor\laravel\framework\src\Illuminate\Routing\Router.php(533): Illuminate\Routing\Router->runRouteWithinStack(Object(Illuminate\Routing\Route), Object(Illuminate\Http\Request))
#38 D:\laragon\www\jaibangla_dv\jaibangla\vendor\laravel\framework\src\Illuminate\Routing\Router.php(511): Illuminate\Routing\Router->dispatchToRoute(Object(Illuminate\Http\Request))
#39 D:\laragon\www\jaibangla_dv\jaibangla\vendor\laravel\framework\src\Illuminate\Foundation\Http\Kernel.php(176): Illuminate\Routing\Router->dispatch(Object(Illuminate\Http\Request))
#40 D:\laragon\www\jaibangla_dv\jaibangla\vendor\laravel\framework\src\Illuminate\Routing\Pipeline.php(30): Illuminate\Foundation\Http\Kernel->Illuminate\Foundation\Http\{closure}(Object(Illuminate\Http\Request))
#41 D:\laragon\www\jaibangla_dv\jaibangla\vendor\laravel\framework\src\Illuminate\Foundation\Http\Middleware\TransformsRequest.php(30): Illuminate\Routing\Pipeline->Illuminate\Routing\{closure}(Object(Illuminate\Http\Request))
#42 D:\laragon\www\jaibangla_dv\jaibangla\vendor\laravel\framework\src\Illuminate\Pipeline\Pipeline.php(148): Illuminate\Foundation\Http\Middleware\TransformsRequest->handle(Object(Illuminate\Http\Request), Object(Closure))
#43 D:\laragon\www\jaibangla_dv\jaibangla\vendor\laravel\framework\src\Illuminate\Routing\Pipeline.php(53): Illuminate\Pipeline\Pipeline->Illuminate\Pipeline\{closure}(Object(Illuminate\Http\Request))
#44 D:\laragon\www\jaibangla_dv\jaibangla\vendor\laravel\framework\src\Illuminate\Foundation\Http\Middleware\TransformsRequest.php(30): Illuminate\Routing\Pipeline->Illuminate\Routing\{closure}(Object(Illuminate\Http\Request))
#45 D:\laragon\www\jaibangla_dv\jaibangla\vendor\laravel\framework\src\Illuminate\Pipeline\Pipeline.php(148): Illuminate\Foundation\Http\Middleware\TransformsRequest->handle(Object(Illuminate\Http\Request), Object(Closure))
#46 D:\laragon\www\jaibangla_dv\jaibangla\vendor\laravel\framework\src\Illuminate\Routing\Pipeline.php(53): Illuminate\Pipeline\Pipeline->Illuminate\Pipeline\{closure}(Object(Illuminate\Http\Request))
#47 D:\laragon\www\jaibangla_dv\jaibangla\vendor\laravel\framework\src\Illuminate\Foundation\Http\Middleware\ValidatePostSize.php(27): Illuminate\Routing\Pipeline->Illuminate\Routing\{closure}(Object(Illuminate\Http\Request))
#48 D:\laragon\www\jaibangla_dv\jaibangla\vendor\laravel\framework\src\Illuminate\Pipeline\Pipeline.php(148): Illuminate\Foundation\Http\Middleware\ValidatePostSize->handle(Object(Illuminate\Http\Request), Object(Closure))
#49 D:\laragon\www\jaibangla_dv\jaibangla\vendor\laravel\framework\src\Illuminate\Routing\Pipeline.php(53): Illuminate\Pipeline\Pipeline->Illuminate\Pipeline\{closure}(Object(Illuminate\Http\Request))
#50 D:\laragon\www\jaibangla_dv\jaibangla\vendor\laravel\framework\src\Illuminate\Foundation\Http\Middleware\CheckForMaintenanceMode.php(46): Illuminate\Routing\Pipeline->Illuminate\Routing\{closure}(Object(Illuminate\Http\Request))
#51 D:\laragon\www\jaibangla_dv\jaibangla\vendor\laravel\framework\src\Illuminate\Pipeline\Pipeline.php(148): Illuminate\Foundation\Http\Middleware\CheckForMaintenanceMode->handle(Object(Illuminate\Http\Request), Object(Closure))
#52 D:\laragon\www\jaibangla_dv\jaibangla\vendor\laravel\framework\src\Illuminate\Routing\Pipeline.php(53): Illuminate\Pipeline\Pipeline->Illuminate\Pipeline\{closure}(Object(Illuminate\Http\Request))
#53 D:\laragon\www\jaibangla_dv\jaibangla\vendor\laravel\framework\src\Illuminate\Pipeline\Pipeline.php(102): Illuminate\Routing\Pipeline->Illuminate\Routing\{closure}(Object(Illuminate\Http\Request))
#54 D:\laragon\www\jaibangla_dv\jaibangla\vendor\laravel\framework\src\Illuminate\Foundation\Http\Kernel.php(151): Illuminate\Pipeline\Pipeline->then(Object(Closure))
#55 D:\laragon\www\jaibangla_dv\jaibangla\vendor\laravel\framework\src\Illuminate\Foundation\Http\Kernel.php(116): Illuminate\Foundation\Http\Kernel->sendRequestThroughRouter(Object(Illuminate\Http\Request))
#56 D:\laragon\www\jaibangla_dv\index.php(53): Illuminate\Foundation\Http\Kernel->handle(Object(Illuminate\Http\Request))
#57 {main}  
[2024-12-17 10:55:31] production.ERROR: ErrorException: Illegal string offset 'activity' in D:\laragon\www\jaibangla_dv\jaibangla\storage\framework\views\f02c063660d68dea44e124f31e33f1dbddedfdef.php:129
Stack trace:
#0 D:\laragon\www\jaibangla_dv\jaibangla\storage\framework\views\f02c063660d68dea44e124f31e33f1dbddedfdef.php(129): Illuminate\Foundation\Bootstrap\HandleExceptions->handleError(2, 'Illegal string ...', 'D:\\laragon\\www\\...', 129, Array)
#1 D:\laragon\www\jaibangla_dv\jaibangla\vendor\laravel\framework\src\Illuminate\View\Engines\PhpEngine.php(42): include('D:\\laragon\\www\\...')
#2 D:\laragon\www\jaibangla_dv\jaibangla\vendor\laravel\framework\src\Illuminate\View\Engines\CompilerEngine.php(59): Illuminate\View\Engines\PhpEngine->evaluatePath('D:\\laragon\\www\\...', Array)
#3 D:\laragon\www\jaibangla_dv\jaibangla\vendor\laravel\framework\src\Illuminate\View\View.php(137): Illuminate\View\Engines\CompilerEngine->get('D:\\laragon\\www\\...', Array)
#4 D:\laragon\www\jaibangla_dv\jaibangla\vendor\laravel\framework\src\Illuminate\View\View.php(120): Illuminate\View\View->getContents()
#5 D:\laragon\www\jaibangla_dv\jaibangla\vendor\laravel\framework\src\Illuminate\View\View.php(85): Illuminate\View\View->renderContents()
#6 D:\laragon\www\jaibangla_dv\jaibangla\vendor\laravel\framework\src\Illuminate\Http\Response.php(38): Illuminate\View\View->render()
#7 D:\laragon\www\jaibangla_dv\jaibangla\vendor\symfony\http-foundation\Response.php(206): Illuminate\Http\Response->setContent(Object(Illuminate\View\View))
#8 D:\laragon\www\jaibangla_dv\jaibangla\vendor\laravel\framework\src\Illuminate\Routing\Router.php(615): Symfony\Component\HttpFoundation\Response->__construct(Object(Illuminate\View\View))
#9 D:\laragon\www\jaibangla_dv\jaibangla\vendor\laravel\framework\src\Illuminate\Routing\Router.php(572): Illuminate\Routing\Router->prepareResponse(Object(Illuminate\Http\Request), Object(Illuminate\View\View))
#10 D:\laragon\www\jaibangla_dv\jaibangla\vendor\laravel\framework\src\Illuminate\Routing\Pipeline.php(30): Illuminate\Routing\Router->Illuminate\Routing\{closure}(Object(Illuminate\Http\Request))
#11 D:\laragon\www\jaibangla_dv\jaibangla\app\Http\Middleware\TrackPageCount.php(29): Illuminate\Routing\Pipeline->Illuminate\Routing\{closure}(Object(Illuminate\Http\Request))
#12 D:\laragon\www\jaibangla_dv\jaibangla\vendor\laravel\framework\src\Illuminate\Pipeline\Pipeline.php(148): App\Http\Middleware\TrackPageCount->handle(Object(Illuminate\Http\Request), Object(Closure))
#13 D:\laragon\www\jaibangla_dv\jaibangla\vendor\laravel\framework\src\Illuminate\Routing\Pipeline.php(53): Illuminate\Pipeline\Pipeline->Illuminate\Pipeline\{closure}(Object(Illuminate\Http\Request))
#14 D:\laragon\www\jaibangla_dv\jaibangla\vendor\laravel\framework\src\Illuminate\Routing\Middleware\SubstituteBindings.php(41): Illuminate\Routing\Pipeline->Illuminate\Routing\{closure}(Object(Illuminate\Http\Request))
#15 D:\laragon\www\jaibangla_dv\jaibangla\vendor\laravel\framework\src\Illuminate\Pipeline\Pipeline.php(148): Illuminate\Routing\Middleware\SubstituteBindings->handle(Object(Illuminate\Http\Request), Object(Closure))
#16 D:\laragon\www\jaibangla_dv\jaibangla\vendor\laravel\framework\src\Illuminate\Routing\Pipeline.php(53): Illuminate\Pipeline\Pipeline->Illuminate\Pipeline\{closure}(Object(Illuminate\Http\Request))
#17 D:\laragon\www\jaibangla_dv\jaibangla\vendor\laravel\framework\src\Illuminate\Auth\Middleware\Authenticate.php(43): Illuminate\Routing\Pipeline->Illuminate\Routing\{closure}(Object(Illuminate\Http\Request))
#18 D:\laragon\www\jaibangla_dv\jaibangla\vendor\laravel\framework\src\Illuminate\Pipeline\Pipeline.php(148): Illuminate\Auth\Middleware\Authenticate->handle(Object(Illuminate\Http\Request), Object(Closure))
#19 D:\laragon\www\jaibangla_dv\jaibangla\vendor\laravel\framework\src\Illuminate\Routing\Pipeline.php(53): Illuminate\Pipeline\Pipeline->Illuminate\Pipeline\{closure}(Object(Illuminate\Http\Request))
#20 D:\laragon\www\jaibangla_dv\jaibangla\vendor\laravel\framework\src\Illuminate\Foundation\Http\Middleware\VerifyCsrfToken.php(65): Illuminate\Routing\Pipeline->Illuminate\Routing\{closure}(Object(Illuminate\Http\Request))
#21 D:\laragon\www\jaibangla_dv\jaibangla\vendor\laravel\framework\src\Illuminate\Pipeline\Pipeline.php(148): Illuminate\Foundation\Http\Middleware\VerifyCsrfToken->handle(Object(Illuminate\Http\Request), Object(Closure))
#22 D:\laragon\www\jaibangla_dv\jaibangla\vendor\laravel\framework\src\Illuminate\Routing\Pipeline.php(53): Illuminate\Pipeline\Pipeline->Illuminate\Pipeline\{closure}(Object(Illuminate\Http\Request))
#23 D:\laragon\www\jaibangla_dv\jaibangla\vendor\laravel\framework\src\Illuminate\View\Middleware\ShareErrorsFromSession.php(49): Illuminate\Routing\Pipeline->Illuminate\Routing\{closure}(Object(Illuminate\Http\Request))
#24 D:\laragon\www\jaibangla_dv\jaibangla\vendor\laravel\framework\src\Illuminate\Pipeline\Pipeline.php(148): Illuminate\View\Middleware\ShareErrorsFromSession->handle(Object(Illuminate\Http\Request), Object(Closure))
#25 D:\laragon\www\jaibangla_dv\jaibangla\vendor\laravel\framework\src\Illuminate\Routing\Pipeline.php(53): Illuminate\Pipeline\Pipeline->Illuminate\Pipeline\{closure}(Object(Illuminate\Http\Request))
#26 D:\laragon\www\jaibangla_dv\jaibangla\vendor\laravel\framework\src\Illuminate\Session\Middleware\StartSession.php(64): Illuminate\Routing\Pipeline->Illuminate\Routing\{closure}(Object(Illuminate\Http\Request))
#27 D:\laragon\www\jaibangla_dv\jaibangla\vendor\laravel\framework\src\Illuminate\Pipeline\Pipeline.php(148): Illuminate\Session\Middleware\StartSession->handle(Object(Illuminate\Http\Request), Object(Closure))
#28 D:\laragon\www\jaibangla_dv\jaibangla\vendor\laravel\framework\src\Illuminate\Routing\Pipeline.php(53): Illuminate\Pipeline\Pipeline->Illuminate\Pipeline\{closure}(Object(Illuminate\Http\Request))
#29 D:\laragon\www\jaibangla_dv\jaibangla\vendor\laravel\framework\src\Illuminate\Cookie\Middleware\AddQueuedCookiesToResponse.php(37): Illuminate\Routing\Pipeline->Illuminate\Routing\{closure}(Object(Illuminate\Http\Request))
#30 D:\laragon\www\jaibangla_dv\jaibangla\vendor\laravel\framework\src\Illuminate\Pipeline\Pipeline.php(148): Illuminate\Cookie\Middleware\AddQueuedCookiesToResponse->handle(Object(Illuminate\Http\Request), Object(Closure))
#31 D:\laragon\www\jaibangla_dv\jaibangla\vendor\laravel\framework\src\Illuminate\Routing\Pipeline.php(53): Illuminate\Pipeline\Pipeline->Illuminate\Pipeline\{closure}(Object(Illuminate\Http\Request))
#32 D:\laragon\www\jaibangla_dv\jaibangla\vendor\laravel\framework\src\Illuminate\Cookie\Middleware\EncryptCookies.php(59): Illuminate\Routing\Pipeline->Illuminate\Routing\{closure}(Object(Illuminate\Http\Request))
#33 D:\laragon\www\jaibangla_dv\jaibangla\vendor\laravel\framework\src\Illuminate\Pipeline\Pipeline.php(148): Illuminate\Cookie\Middleware\EncryptCookies->handle(Object(Illuminate\Http\Request), Object(Closure))
#34 D:\laragon\www\jaibangla_dv\jaibangla\vendor\laravel\framework\src\Illuminate\Routing\Pipeline.php(53): Illuminate\Pipeline\Pipeline->Illuminate\Pipeline\{closure}(Object(Illuminate\Http\Request))
#35 D:\laragon\www\jaibangla_dv\jaibangla\vendor\laravel\framework\src\Illuminate\Pipeline\Pipeline.php(102): Illuminate\Routing\Pipeline->Illuminate\Routing\{closure}(Object(Illuminate\Http\Request))
#36 D:\laragon\www\jaibangla_dv\jaibangla\vendor\laravel\framework\src\Illuminate\Routing\Router.php(574): Illuminate\Pipeline\Pipeline->then(Object(Closure))
#37 D:\laragon\www\jaibangla_dv\jaibangla\vendor\laravel\framework\src\Illuminate\Routing\Router.php(533): Illuminate\Routing\Router->runRouteWithinStack(Object(Illuminate\Routing\Route), Object(Illuminate\Http\Request))
#38 D:\laragon\www\jaibangla_dv\jaibangla\vendor\laravel\framework\src\Illuminate\Routing\Router.php(511): Illuminate\Routing\Router->dispatchToRoute(Object(Illuminate\Http\Request))
#39 D:\laragon\www\jaibangla_dv\jaibangla\vendor\laravel\framework\src\Illuminate\Foundation\Http\Kernel.php(176): Illuminate\Routing\Router->dispatch(Object(Illuminate\Http\Request))
#40 D:\laragon\www\jaibangla_dv\jaibangla\vendor\laravel\framework\src\Illuminate\Routing\Pipeline.php(30): Illuminate\Foundation\Http\Kernel->Illuminate\Foundation\Http\{closure}(Object(Illuminate\Http\Request))
#41 D:\laragon\www\jaibangla_dv\jaibangla\vendor\laravel\framework\src\Illuminate\Foundation\Http\Middleware\TransformsRequest.php(30): Illuminate\Routing\Pipeline->Illuminate\Routing\{closure}(Object(Illuminate\Http\Request))
#42 D:\laragon\www\jaibangla_dv\jaibangla\vendor\laravel\framework\src\Illuminate\Pipeline\Pipeline.php(148): Illuminate\Foundation\Http\Middleware\TransformsRequest->handle(Object(Illuminate\Http\Request), Object(Closure))
#43 D:\laragon\www\jaibangla_dv\jaibangla\vendor\laravel\framework\src\Illuminate\Routing\Pipeline.php(53): Illuminate\Pipeline\Pipeline->Illuminate\Pipeline\{closure}(Object(Illuminate\Http\Request))
#44 D:\laragon\www\jaibangla_dv\jaibangla\vendor\laravel\framework\src\Illuminate\Foundation\Http\Middleware\TransformsRequest.php(30): Illuminate\Routing\Pipeline->Illuminate\Routing\{closure}(Object(Illuminate\Http\Request))
#45 D:\laragon\www\jaibangla_dv\jaibangla\vendor\laravel\framework\src\Illuminate\Pipeline\Pipeline.php(148): Illuminate\Foundation\Http\Middleware\TransformsRequest->handle(Object(Illuminate\Http\Request), Object(Closure))
#46 D:\laragon\www\jaibangla_dv\jaibangla\vendor\laravel\framework\src\Illuminate\Routing\Pipeline.php(53): Illuminate\Pipeline\Pipeline->Illuminate\Pipeline\{closure}(Object(Illuminate\Http\Request))
#47 D:\laragon\www\jaibangla_dv\jaibangla\vendor\laravel\framework\src\Illuminate\Foundation\Http\Middleware\ValidatePostSize.php(27): Illuminate\Routing\Pipeline->Illuminate\Routing\{closure}(Object(Illuminate\Http\Request))
#48 D:\laragon\www\jaibangla_dv\jaibangla\vendor\laravel\framework\src\Illuminate\Pipeline\Pipeline.php(148): Illuminate\Foundation\Http\Middleware\ValidatePostSize->handle(Object(Illuminate\Http\Request), Object(Closure))
#49 D:\laragon\www\jaibangla_dv\jaibangla\vendor\laravel\framework\src\Illuminate\Routing\Pipeline.php(53): Illuminate\Pipeline\Pipeline->Illuminate\Pipeline\{closure}(Object(Illuminate\Http\Request))
#50 D:\laragon\www\jaibangla_dv\jaibangla\vendor\laravel\framework\src\Illuminate\Foundation\Http\Middleware\CheckForMaintenanceMode.php(46): Illuminate\Routing\Pipeline->Illuminate\Routing\{closure}(Object(Illuminate\Http\Request))
#51 D:\laragon\www\jaibangla_dv\jaibangla\vendor\laravel\framework\src\Illuminate\Pipeline\Pipeline.php(148): Illuminate\Foundation\Http\Middleware\CheckForMaintenanceMode->handle(Object(Illuminate\Http\Request), Object(Closure))
#52 D:\laragon\www\jaibangla_dv\jaibangla\vendor\laravel\framework\src\Illuminate\Routing\Pipeline.php(53): Illuminate\Pipeline\Pipeline->Illuminate\Pipeline\{closure}(Object(Illuminate\Http\Request))
#53 D:\laragon\www\jaibangla_dv\jaibangla\vendor\laravel\framework\src\Illuminate\Pipeline\Pipeline.php(102): Illuminate\Routing\Pipeline->Illuminate\Routing\{closure}(Object(Illuminate\Http\Request))
#54 D:\laragon\www\jaibangla_dv\jaibangla\vendor\laravel\framework\src\Illuminate\Foundation\Http\Kernel.php(151): Illuminate\Pipeline\Pipeline->then(Object(Closure))
#55 D:\laragon\www\jaibangla_dv\jaibangla\vendor\laravel\framework\src\Illuminate\Foundation\Http\Kernel.php(116): Illuminate\Foundation\Http\Kernel->sendRequestThroughRouter(Object(Illuminate\Http\Request))
#56 D:\laragon\www\jaibangla_dv\index.php(53): Illuminate\Foundation\Http\Kernel->handle(Object(Illuminate\Http\Request))
#57 {main}

Next ErrorException: Illegal string offset 'activity' (View: D:\laragon\www\jaibangla_dv\jaibangla\resources\views\applicant-details\details.blade.php) in D:\laragon\www\jaibangla_dv\jaibangla\storage\framework\views\f02c063660d68dea44e124f31e33f1dbddedfdef.php:129
Stack trace:
#0 D:\laragon\www\jaibangla_dv\jaibangla\vendor\laravel\framework\src\Illuminate\View\Engines\PhpEngine.php(44): Illuminate\View\Engines\CompilerEngine->handleViewException(Object(ErrorException), 1)
#1 D:\laragon\www\jaibangla_dv\jaibangla\vendor\laravel\framework\src\Illuminate\View\Engines\CompilerEngine.php(59): Illuminate\View\Engines\PhpEngine->evaluatePath('D:\\laragon\\www\\...', Array)
#2 D:\laragon\www\jaibangla_dv\jaibangla\vendor\laravel\framework\src\Illuminate\View\View.php(137): Illuminate\View\Engines\CompilerEngine->get('D:\\laragon\\www\\...', Array)
#3 D:\laragon\www\jaibangla_dv\jaibangla\vendor\laravel\framework\src\Illuminate\View\View.php(120): Illuminate\View\View->getContents()
#4 D:\laragon\www\jaibangla_dv\jaibangla\vendor\laravel\framework\src\Illuminate\View\View.php(85): Illuminate\View\View->renderContents()
#5 D:\laragon\www\jaibangla_dv\jaibangla\vendor\laravel\framework\src\Illuminate\Http\Response.php(38): Illuminate\View\View->render()
#6 D:\laragon\www\jaibangla_dv\jaibangla\vendor\symfony\http-foundation\Response.php(206): Illuminate\Http\Response->setContent(Object(Illuminate\View\View))
#7 D:\laragon\www\jaibangla_dv\jaibangla\vendor\laravel\framework\src\Illuminate\Routing\Router.php(615): Symfony\Component\HttpFoundation\Response->__construct(Object(Illuminate\View\View))
#8 D:\laragon\www\jaibangla_dv\jaibangla\vendor\laravel\framework\src\Illuminate\Routing\Router.php(572): Illuminate\Routing\Router->prepareResponse(Object(Illuminate\Http\Request), Object(Illuminate\View\View))
#9 D:\laragon\www\jaibangla_dv\jaibangla\vendor\laravel\framework\src\Illuminate\Routing\Pipeline.php(30): Illuminate\Routing\Router->Illuminate\Routing\{closure}(Object(Illuminate\Http\Request))
#10 D:\laragon\www\jaibangla_dv\jaibangla\app\Http\Middleware\TrackPageCount.php(29): Illuminate\Routing\Pipeline->Illuminate\Routing\{closure}(Object(Illuminate\Http\Request))
#11 D:\laragon\www\jaibangla_dv\jaibangla\vendor\laravel\framework\src\Illuminate\Pipeline\Pipeline.php(148): App\Http\Middleware\TrackPageCount->handle(Object(Illuminate\Http\Request), Object(Closure))
#12 D:\laragon\www\jaibangla_dv\jaibangla\vendor\laravel\framework\src\Illuminate\Routing\Pipeline.php(53): Illuminate\Pipeline\Pipeline->Illuminate\Pipeline\{closure}(Object(Illuminate\Http\Request))
#13 D:\laragon\www\jaibangla_dv\jaibangla\vendor\laravel\framework\src\Illuminate\Routing\Middleware\SubstituteBindings.php(41): Illuminate\Routing\Pipeline->Illuminate\Routing\{closure}(Object(Illuminate\Http\Request))
#14 D:\laragon\www\jaibangla_dv\jaibangla\vendor\laravel\framework\src\Illuminate\Pipeline\Pipeline.php(148): Illuminate\Routing\Middleware\SubstituteBindings->handle(Object(Illuminate\Http\Request), Object(Closure))
#15 D:\laragon\www\jaibangla_dv\jaibangla\vendor\laravel\framework\src\Illuminate\Routing\Pipeline.php(53): Illuminate\Pipeline\Pipeline->Illuminate\Pipeline\{closure}(Object(Illuminate\Http\Request))
#16 D:\laragon\www\jaibangla_dv\jaibangla\vendor\laravel\framework\src\Illuminate\Auth\Middleware\Authenticate.php(43): Illuminate\Routing\Pipeline->Illuminate\Routing\{closure}(Object(Illuminate\Http\Request))
#17 D:\laragon\www\jaibangla_dv\jaibangla\vendor\laravel\framework\src\Illuminate\Pipeline\Pipeline.php(148): Illuminate\Auth\Middleware\Authenticate->handle(Object(Illuminate\Http\Request), Object(Closure))
#18 D:\laragon\www\jaibangla_dv\jaibangla\vendor\laravel\framework\src\Illuminate\Routing\Pipeline.php(53): Illuminate\Pipeline\Pipeline->Illuminate\Pipeline\{closure}(Object(Illuminate\Http\Request))
#19 D:\laragon\www\jaibangla_dv\jaibangla\vendor\laravel\framework\src\Illuminate\Foundation\Http\Middleware\VerifyCsrfToken.php(65): Illuminate\Routing\Pipeline->Illuminate\Routing\{closure}(Object(Illuminate\Http\Request))
#20 D:\laragon\www\jaibangla_dv\jaibangla\vendor\laravel\framework\src\Illuminate\Pipeline\Pipeline.php(148): Illuminate\Foundation\Http\Middleware\VerifyCsrfToken->handle(Object(Illuminate\Http\Request), Object(Closure))
#21 D:\laragon\www\jaibangla_dv\jaibangla\vendor\laravel\framework\src\Illuminate\Routing\Pipeline.php(53): Illuminate\Pipeline\Pipeline->Illuminate\Pipeline\{closure}(Object(Illuminate\Http\Request))
#22 D:\laragon\www\jaibangla_dv\jaibangla\vendor\laravel\framework\src\Illuminate\View\Middleware\ShareErrorsFromSession.php(49): Illuminate\Routing\Pipeline->Illuminate\Routing\{closure}(Object(Illuminate\Http\Request))
#23 D:\laragon\www\jaibangla_dv\jaibangla\vendor\laravel\framework\src\Illuminate\Pipeline\Pipeline.php(148): Illuminate\View\Middleware\ShareErrorsFromSession->handle(Object(Illuminate\Http\Request), Object(Closure))
#24 D:\laragon\www\jaibangla_dv\jaibangla\vendor\laravel\framework\src\Illuminate\Routing\Pipeline.php(53): Illuminate\Pipeline\Pipeline->Illuminate\Pipeline\{closure}(Object(Illuminate\Http\Request))
#25 D:\laragon\www\jaibangla_dv\jaibangla\vendor\laravel\framework\src\Illuminate\Session\Middleware\StartSession.php(64): Illuminate\Routing\Pipeline->Illuminate\Routing\{closure}(Object(Illuminate\Http\Request))
#26 D:\laragon\www\jaibangla_dv\jaibangla\vendor\laravel\framework\src\Illuminate\Pipeline\Pipeline.php(148): Illuminate\Session\Middleware\StartSession->handle(Object(Illuminate\Http\Request), Object(Closure))
#27 D:\laragon\www\jaibangla_dv\jaibangla\vendor\laravel\framework\src\Illuminate\Routing\Pipeline.php(53): Illuminate\Pipeline\Pipeline->Illuminate\Pipeline\{closure}(Object(Illuminate\Http\Request))
#28 D:\laragon\www\jaibangla_dv\jaibangla\vendor\laravel\framework\src\Illuminate\Cookie\Middleware\AddQueuedCookiesToResponse.php(37): Illuminate\Routing\Pipeline->Illuminate\Routing\{closure}(Object(Illuminate\Http\Request))
#29 D:\laragon\www\jaibangla_dv\jaibangla\vendor\laravel\framework\src\Illuminate\Pipeline\Pipeline.php(148): Illuminate\Cookie\Middleware\AddQueuedCookiesToResponse->handle(Object(Illuminate\Http\Request), Object(Closure))
#30 D:\laragon\www\jaibangla_dv\jaibangla\vendor\laravel\framework\src\Illuminate\Routing\Pipeline.php(53): Illuminate\Pipeline\Pipeline->Illuminate\Pipeline\{closure}(Object(Illuminate\Http\Request))
#31 D:\laragon\www\jaibangla_dv\jaibangla\vendor\laravel\framework\src\Illuminate\Cookie\Middleware\EncryptCookies.php(59): Illuminate\Routing\Pipeline->Illuminate\Routing\{closure}(Object(Illuminate\Http\Request))
#32 D:\laragon\www\jaibangla_dv\jaibangla\vendor\laravel\framework\src\Illuminate\Pipeline\Pipeline.php(148): Illuminate\Cookie\Middleware\EncryptCookies->handle(Object(Illuminate\Http\Request), Object(Closure))
#33 D:\laragon\www\jaibangla_dv\jaibangla\vendor\laravel\framework\src\Illuminate\Routing\Pipeline.php(53): Illuminate\Pipeline\Pipeline->Illuminate\Pipeline\{closure}(Object(Illuminate\Http\Request))
#34 D:\laragon\www\jaibangla_dv\jaibangla\vendor\laravel\framework\src\Illuminate\Pipeline\Pipeline.php(102): Illuminate\Routing\Pipeline->Illuminate\Routing\{closure}(Object(Illuminate\Http\Request))
#35 D:\laragon\www\jaibangla_dv\jaibangla\vendor\laravel\framework\src\Illuminate\Routing\Router.php(574): Illuminate\Pipeline\Pipeline->then(Object(Closure))
#36 D:\laragon\www\jaibangla_dv\jaibangla\vendor\laravel\framework\src\Illuminate\Routing\Router.php(533): Illuminate\Routing\Router->runRouteWithinStack(Object(Illuminate\Routing\Route), Object(Illuminate\Http\Request))
#37 D:\laragon\www\jaibangla_dv\jaibangla\vendor\laravel\framework\src\Illuminate\Routing\Router.php(511): Illuminate\Routing\Router->dispatchToRoute(Object(Illuminate\Http\Request))
#38 D:\laragon\www\jaibangla_dv\jaibangla\vendor\laravel\framework\src\Illuminate\Foundation\Http\Kernel.php(176): Illuminate\Routing\Router->dispatch(Object(Illuminate\Http\Request))
#39 D:\laragon\www\jaibangla_dv\jaibangla\vendor\laravel\framework\src\Illuminate\Routing\Pipeline.php(30): Illuminate\Foundation\Http\Kernel->Illuminate\Foundation\Http\{closure}(Object(Illuminate\Http\Request))
#40 D:\laragon\www\jaibangla_dv\jaibangla\vendor\laravel\framework\src\Illuminate\Foundation\Http\Middleware\TransformsRequest.php(30): Illuminate\Routing\Pipeline->Illuminate\Routing\{closure}(Object(Illuminate\Http\Request))
#41 D:\laragon\www\jaibangla_dv\jaibangla\vendor\laravel\framework\src\Illuminate\Pipeline\Pipeline.php(148): Illuminate\Foundation\Http\Middleware\TransformsRequest->handle(Object(Illuminate\Http\Request), Object(Closure))
#42 D:\laragon\www\jaibangla_dv\jaibangla\vendor\laravel\framework\src\Illuminate\Routing\Pipeline.php(53): Illuminate\Pipeline\Pipeline->Illuminate\Pipeline\{closure}(Object(Illuminate\Http\Request))
#43 D:\laragon\www\jaibangla_dv\jaibangla\vendor\laravel\framework\src\Illuminate\Foundation\Http\Middleware\TransformsRequest.php(30): Illuminate\Routing\Pipeline->Illuminate\Routing\{closure}(Object(Illuminate\Http\Request))
#44 D:\laragon\www\jaibangla_dv\jaibangla\vendor\laravel\framework\src\Illuminate\Pipeline\Pipeline.php(148): Illuminate\Foundation\Http\Middleware\TransformsRequest->handle(Object(Illuminate\Http\Request), Object(Closure))
#45 D:\laragon\www\jaibangla_dv\jaibangla\vendor\laravel\framework\src\Illuminate\Routing\Pipeline.php(53): Illuminate\Pipeline\Pipeline->Illuminate\Pipeline\{closure}(Object(Illuminate\Http\Request))
#46 D:\laragon\www\jaibangla_dv\jaibangla\vendor\laravel\framework\src\Illuminate\Foundation\Http\Middleware\ValidatePostSize.php(27): Illuminate\Routing\Pipeline->Illuminate\Routing\{closure}(Object(Illuminate\Http\Request))
#47 D:\laragon\www\jaibangla_dv\jaibangla\vendor\laravel\framework\src\Illuminate\Pipeline\Pipeline.php(148): Illuminate\Foundation\Http\Middleware\ValidatePostSize->handle(Object(Illuminate\Http\Request), Object(Closure))
#48 D:\laragon\www\jaibangla_dv\jaibangla\vendor\laravel\framework\src\Illuminate\Routing\Pipeline.php(53): Illuminate\Pipeline\Pipeline->Illuminate\Pipeline\{closure}(Object(Illuminate\Http\Request))
#49 D:\laragon\www\jaibangla_dv\jaibangla\vendor\laravel\framework\src\Illuminate\Foundation\Http\Middleware\CheckForMaintenanceMode.php(46): Illuminate\Routing\Pipeline->Illuminate\Routing\{closure}(Object(Illuminate\Http\Request))
#50 D:\laragon\www\jaibangla_dv\jaibangla\vendor\laravel\framework\src\Illuminate\Pipeline\Pipeline.php(148): Illuminate\Foundation\Http\Middleware\CheckForMaintenanceMode->handle(Object(Illuminate\Http\Request), Object(Closure))
#51 D:\laragon\www\jaibangla_dv\jaibangla\vendor\laravel\framework\src\Illuminate\Routing\Pipeline.php(53): Illuminate\Pipeline\Pipeline->Illuminate\Pipeline\{closure}(Object(Illuminate\Http\Request))
#52 D:\laragon\www\jaibangla_dv\jaibangla\vendor\laravel\framework\src\Illuminate\Pipeline\Pipeline.php(102): Illuminate\Routing\Pipeline->Illuminate\Routing\{closure}(Object(Illuminate\Http\Request))
#53 D:\laragon\www\jaibangla_dv\jaibangla\vendor\laravel\framework\src\Illuminate\Foundation\Http\Kernel.php(151): Illuminate\Pipeline\Pipeline->then(Object(Closure))
#54 D:\laragon\www\jaibangla_dv\jaibangla\vendor\laravel\framework\src\Illuminate\Foundation\Http\Kernel.php(116): Illuminate\Foundation\Http\Kernel->sendRequestThroughRouter(Object(Illuminate\Http\Request))
#55 D:\laragon\www\jaibangla_dv\index.php(53): Illuminate\Foundation\Http\Kernel->handle(Object(Illuminate\Http\Request))
#56 {main}  
[2024-12-17 10:55:54] production.ERROR: ErrorException: Illegal string offset 'activity' in D:\laragon\www\jaibangla_dv\jaibangla\storage\framework\views\f02c063660d68dea44e124f31e33f1dbddedfdef.php:129
Stack trace:
#0 D:\laragon\www\jaibangla_dv\jaibangla\storage\framework\views\f02c063660d68dea44e124f31e33f1dbddedfdef.php(129): Illuminate\Foundation\Bootstrap\HandleExceptions->handleError(2, 'Illegal string ...', 'D:\\laragon\\www\\...', 129, Array)
#1 D:\laragon\www\jaibangla_dv\jaibangla\vendor\laravel\framework\src\Illuminate\View\Engines\PhpEngine.php(42): include('D:\\laragon\\www\\...')
#2 D:\laragon\www\jaibangla_dv\jaibangla\vendor\laravel\framework\src\Illuminate\View\Engines\CompilerEngine.php(59): Illuminate\View\Engines\PhpEngine->evaluatePath('D:\\laragon\\www\\...', Array)
#3 D:\laragon\www\jaibangla_dv\jaibangla\vendor\laravel\framework\src\Illuminate\View\View.php(137): Illuminate\View\Engines\CompilerEngine->get('D:\\laragon\\www\\...', Array)
#4 D:\laragon\www\jaibangla_dv\jaibangla\vendor\laravel\framework\src\Illuminate\View\View.php(120): Illuminate\View\View->getContents()
#5 D:\laragon\www\jaibangla_dv\jaibangla\vendor\laravel\framework\src\Illuminate\View\View.php(85): Illuminate\View\View->renderContents()
#6 D:\laragon\www\jaibangla_dv\jaibangla\vendor\laravel\framework\src\Illuminate\Http\Response.php(38): Illuminate\View\View->render()
#7 D:\laragon\www\jaibangla_dv\jaibangla\vendor\symfony\http-foundation\Response.php(206): Illuminate\Http\Response->setContent(Object(Illuminate\View\View))
#8 D:\laragon\www\jaibangla_dv\jaibangla\vendor\laravel\framework\src\Illuminate\Routing\Router.php(615): Symfony\Component\HttpFoundation\Response->__construct(Object(Illuminate\View\View))
#9 D:\laragon\www\jaibangla_dv\jaibangla\vendor\laravel\framework\src\Illuminate\Routing\Router.php(572): Illuminate\Routing\Router->prepareResponse(Object(Illuminate\Http\Request), Object(Illuminate\View\View))
#10 D:\laragon\www\jaibangla_dv\jaibangla\vendor\laravel\framework\src\Illuminate\Routing\Pipeline.php(30): Illuminate\Routing\Router->Illuminate\Routing\{closure}(Object(Illuminate\Http\Request))
#11 D:\laragon\www\jaibangla_dv\jaibangla\app\Http\Middleware\TrackPageCount.php(29): Illuminate\Routing\Pipeline->Illuminate\Routing\{closure}(Object(Illuminate\Http\Request))
#12 D:\laragon\www\jaibangla_dv\jaibangla\vendor\laravel\framework\src\Illuminate\Pipeline\Pipeline.php(148): App\Http\Middleware\TrackPageCount->handle(Object(Illuminate\Http\Request), Object(Closure))
#13 D:\laragon\www\jaibangla_dv\jaibangla\vendor\laravel\framework\src\Illuminate\Routing\Pipeline.php(53): Illuminate\Pipeline\Pipeline->Illuminate\Pipeline\{closure}(Object(Illuminate\Http\Request))
#14 D:\laragon\www\jaibangla_dv\jaibangla\vendor\laravel\framework\src\Illuminate\Routing\Middleware\SubstituteBindings.php(41): Illuminate\Routing\Pipeline->Illuminate\Routing\{closure}(Object(Illuminate\Http\Request))
#15 D:\laragon\www\jaibangla_dv\jaibangla\vendor\laravel\framework\src\Illuminate\Pipeline\Pipeline.php(148): Illuminate\Routing\Middleware\SubstituteBindings->handle(Object(Illuminate\Http\Request), Object(Closure))
#16 D:\laragon\www\jaibangla_dv\jaibangla\vendor\laravel\framework\src\Illuminate\Routing\Pipeline.php(53): Illuminate\Pipeline\Pipeline->Illuminate\Pipeline\{closure}(Object(Illuminate\Http\Request))
#17 D:\laragon\www\jaibangla_dv\jaibangla\vendor\laravel\framework\src\Illuminate\Auth\Middleware\Authenticate.php(43): Illuminate\Routing\Pipeline->Illuminate\Routing\{closure}(Object(Illuminate\Http\Request))
#18 D:\laragon\www\jaibangla_dv\jaibangla\vendor\laravel\framework\src\Illuminate\Pipeline\Pipeline.php(148): Illuminate\Auth\Middleware\Authenticate->handle(Object(Illuminate\Http\Request), Object(Closure))
#19 D:\laragon\www\jaibangla_dv\jaibangla\vendor\laravel\framework\src\Illuminate\Routing\Pipeline.php(53): Illuminate\Pipeline\Pipeline->Illuminate\Pipeline\{closure}(Object(Illuminate\Http\Request))
#20 D:\laragon\www\jaibangla_dv\jaibangla\vendor\laravel\framework\src\Illuminate\Foundation\Http\Middleware\VerifyCsrfToken.php(65): Illuminate\Routing\Pipeline->Illuminate\Routing\{closure}(Object(Illuminate\Http\Request))
#21 D:\laragon\www\jaibangla_dv\jaibangla\vendor\laravel\framework\src\Illuminate\Pipeline\Pipeline.php(148): Illuminate\Foundation\Http\Middleware\VerifyCsrfToken->handle(Object(Illuminate\Http\Request), Object(Closure))
#22 D:\laragon\www\jaibangla_dv\jaibangla\vendor\laravel\framework\src\Illuminate\Routing\Pipeline.php(53): Illuminate\Pipeline\Pipeline->Illuminate\Pipeline\{closure}(Object(Illuminate\Http\Request))
#23 D:\laragon\www\jaibangla_dv\jaibangla\vendor\laravel\framework\src\Illuminate\View\Middleware\ShareErrorsFromSession.php(49): Illuminate\Routing\Pipeline->Illuminate\Routing\{closure}(Object(Illuminate\Http\Request))
#24 D:\laragon\www\jaibangla_dv\jaibangla\vendor\laravel\framework\src\Illuminate\Pipeline\Pipeline.php(148): Illuminate\View\Middleware\ShareErrorsFromSession->handle(Object(Illuminate\Http\Request), Object(Closure))
#25 D:\laragon\www\jaibangla_dv\jaibangla\vendor\laravel\framework\src\Illuminate\Routing\Pipeline.php(53): Illuminate\Pipeline\Pipeline->Illuminate\Pipeline\{closure}(Object(Illuminate\Http\Request))
#26 D:\laragon\www\jaibangla_dv\jaibangla\vendor\laravel\framework\src\Illuminate\Session\Middleware\StartSession.php(64): Illuminate\Routing\Pipeline->Illuminate\Routing\{closure}(Object(Illuminate\Http\Request))
#27 D:\laragon\www\jaibangla_dv\jaibangla\vendor\laravel\framework\src\Illuminate\Pipeline\Pipeline.php(148): Illuminate\Session\Middleware\StartSession->handle(Object(Illuminate\Http\Request), Object(Closure))
#28 D:\laragon\www\jaibangla_dv\jaibangla\vendor\laravel\framework\src\Illuminate\Routing\Pipeline.php(53): Illuminate\Pipeline\Pipeline->Illuminate\Pipeline\{closure}(Object(Illuminate\Http\Request))
#29 D:\laragon\www\jaibangla_dv\jaibangla\vendor\laravel\framework\src\Illuminate\Cookie\Middleware\AddQueuedCookiesToResponse.php(37): Illuminate\Routing\Pipeline->Illuminate\Routing\{closure}(Object(Illuminate\Http\Request))
#30 D:\laragon\www\jaibangla_dv\jaibangla\vendor\laravel\framework\src\Illuminate\Pipeline\Pipeline.php(148): Illuminate\Cookie\Middleware\AddQueuedCookiesToResponse->handle(Object(Illuminate\Http\Request), Object(Closure))
#31 D:\laragon\www\jaibangla_dv\jaibangla\vendor\laravel\framework\src\Illuminate\Routing\Pipeline.php(53): Illuminate\Pipeline\Pipeline->Illuminate\Pipeline\{closure}(Object(Illuminate\Http\Request))
#32 D:\laragon\www\jaibangla_dv\jaibangla\vendor\laravel\framework\src\Illuminate\Cookie\Middleware\EncryptCookies.php(59): Illuminate\Routing\Pipeline->Illuminate\Routing\{closure}(Object(Illuminate\Http\Request))
#33 D:\laragon\www\jaibangla_dv\jaibangla\vendor\laravel\framework\src\Illuminate\Pipeline\Pipeline.php(148): Illuminate\Cookie\Middleware\EncryptCookies->handle(Object(Illuminate\Http\Request), Object(Closure))
#34 D:\laragon\www\jaibangla_dv\jaibangla\vendor\laravel\framework\src\Illuminate\Routing\Pipeline.php(53): Illuminate\Pipeline\Pipeline->Illuminate\Pipeline\{closure}(Object(Illuminate\Http\Request))
#35 D:\laragon\www\jaibangla_dv\jaibangla\vendor\laravel\framework\src\Illuminate\Pipeline\Pipeline.php(102): Illuminate\Routing\Pipeline->Illuminate\Routing\{closure}(Object(Illuminate\Http\Request))
#36 D:\laragon\www\jaibangla_dv\jaibangla\vendor\laravel\framework\src\Illuminate\Routing\Router.php(574): Illuminate\Pipeline\Pipeline->then(Object(Closure))
#37 D:\laragon\www\jaibangla_dv\jaibangla\vendor\laravel\framework\src\Illuminate\Routing\Router.php(533): Illuminate\Routing\Router->runRouteWithinStack(Object(Illuminate\Routing\Route), Object(Illuminate\Http\Request))
#38 D:\laragon\www\jaibangla_dv\jaibangla\vendor\laravel\framework\src\Illuminate\Routing\Router.php(511): Illuminate\Routing\Router->dispatchToRoute(Object(Illuminate\Http\Request))
#39 D:\laragon\www\jaibangla_dv\jaibangla\vendor\laravel\framework\src\Illuminate\Foundation\Http\Kernel.php(176): Illuminate\Routing\Router->dispatch(Object(Illuminate\Http\Request))
#40 D:\laragon\www\jaibangla_dv\jaibangla\vendor\laravel\framework\src\Illuminate\Routing\Pipeline.php(30): Illuminate\Foundation\Http\Kernel->Illuminate\Foundation\Http\{closure}(Object(Illuminate\Http\Request))
#41 D:\laragon\www\jaibangla_dv\jaibangla\vendor\laravel\framework\src\Illuminate\Foundation\Http\Middleware\TransformsRequest.php(30): Illuminate\Routing\Pipeline->Illuminate\Routing\{closure}(Object(Illuminate\Http\Request))
#42 D:\laragon\www\jaibangla_dv\jaibangla\vendor\laravel\framework\src\Illuminate\Pipeline\Pipeline.php(148): Illuminate\Foundation\Http\Middleware\TransformsRequest->handle(Object(Illuminate\Http\Request), Object(Closure))
#43 D:\laragon\www\jaibangla_dv\jaibangla\vendor\laravel\framework\src\Illuminate\Routing\Pipeline.php(53): Illuminate\Pipeline\Pipeline->Illuminate\Pipeline\{closure}(Object(Illuminate\Http\Request))
#44 D:\laragon\www\jaibangla_dv\jaibangla\vendor\laravel\framework\src\Illuminate\Foundation\Http\Middleware\TransformsRequest.php(30): Illuminate\Routing\Pipeline->Illuminate\Routing\{closure}(Object(Illuminate\Http\Request))
#45 D:\laragon\www\jaibangla_dv\jaibangla\vendor\laravel\framework\src\Illuminate\Pipeline\Pipeline.php(148): Illuminate\Foundation\Http\Middleware\TransformsRequest->handle(Object(Illuminate\Http\Request), Object(Closure))
#46 D:\laragon\www\jaibangla_dv\jaibangla\vendor\laravel\framework\src\Illuminate\Routing\Pipeline.php(53): Illuminate\Pipeline\Pipeline->Illuminate\Pipeline\{closure}(Object(Illuminate\Http\Request))
#47 D:\laragon\www\jaibangla_dv\jaibangla\vendor\laravel\framework\src\Illuminate\Foundation\Http\Middleware\ValidatePostSize.php(27): Illuminate\Routing\Pipeline->Illuminate\Routing\{closure}(Object(Illuminate\Http\Request))
#48 D:\laragon\www\jaibangla_dv\jaibangla\vendor\laravel\framework\src\Illuminate\Pipeline\Pipeline.php(148): Illuminate\Foundation\Http\Middleware\ValidatePostSize->handle(Object(Illuminate\Http\Request), Object(Closure))
#49 D:\laragon\www\jaibangla_dv\jaibangla\vendor\laravel\framework\src\Illuminate\Routing\Pipeline.php(53): Illuminate\Pipeline\Pipeline->Illuminate\Pipeline\{closure}(Object(Illuminate\Http\Request))
#50 D:\laragon\www\jaibangla_dv\jaibangla\vendor\laravel\framework\src\Illuminate\Foundation\Http\Middleware\CheckForMaintenanceMode.php(46): Illuminate\Routing\Pipeline->Illuminate\Routing\{closure}(Object(Illuminate\Http\Request))
#51 D:\laragon\www\jaibangla_dv\jaibangla\vendor\laravel\framework\src\Illuminate\Pipeline\Pipeline.php(148): Illuminate\Foundation\Http\Middleware\CheckForMaintenanceMode->handle(Object(Illuminate\Http\Request), Object(Closure))
#52 D:\laragon\www\jaibangla_dv\jaibangla\vendor\laravel\framework\src\Illuminate\Routing\Pipeline.php(53): Illuminate\Pipeline\Pipeline->Illuminate\Pipeline\{closure}(Object(Illuminate\Http\Request))
#53 D:\laragon\www\jaibangla_dv\jaibangla\vendor\laravel\framework\src\Illuminate\Pipeline\Pipeline.php(102): Illuminate\Routing\Pipeline->Illuminate\Routing\{closure}(Object(Illuminate\Http\Request))
#54 D:\laragon\www\jaibangla_dv\jaibangla\vendor\laravel\framework\src\Illuminate\Foundation\Http\Kernel.php(151): Illuminate\Pipeline\Pipeline->then(Object(Closure))
#55 D:\laragon\www\jaibangla_dv\jaibangla\vendor\laravel\framework\src\Illuminate\Foundation\Http\Kernel.php(116): Illuminate\Foundation\Http\Kernel->sendRequestThroughRouter(Object(Illuminate\Http\Request))
#56 D:\laragon\www\jaibangla_dv\index.php(53): Illuminate\Foundation\Http\Kernel->handle(Object(Illuminate\Http\Request))
#57 {main}

Next ErrorException: Illegal string offset 'activity' (View: D:\laragon\www\jaibangla_dv\jaibangla\resources\views\applicant-details\details.blade.php) in D:\laragon\www\jaibangla_dv\jaibangla\storage\framework\views\f02c063660d68dea44e124f31e33f1dbddedfdef.php:129
Stack trace:
#0 D:\laragon\www\jaibangla_dv\jaibangla\vendor\laravel\framework\src\Illuminate\View\Engines\PhpEngine.php(44): Illuminate\View\Engines\CompilerEngine->handleViewException(Object(ErrorException), 1)
#1 D:\laragon\www\jaibangla_dv\jaibangla\vendor\laravel\framework\src\Illuminate\View\Engines\CompilerEngine.php(59): Illuminate\View\Engines\PhpEngine->evaluatePath('D:\\laragon\\www\\...', Array)
#2 D:\laragon\www\jaibangla_dv\jaibangla\vendor\laravel\framework\src\Illuminate\View\View.php(137): Illuminate\View\Engines\CompilerEngine->get('D:\\laragon\\www\\...', Array)
#3 D:\laragon\www\jaibangla_dv\jaibangla\vendor\laravel\framework\src\Illuminate\View\View.php(120): Illuminate\View\View->getContents()
#4 D:\laragon\www\jaibangla_dv\jaibangla\vendor\laravel\framework\src\Illuminate\View\View.php(85): Illuminate\View\View->renderContents()
#5 D:\laragon\www\jaibangla_dv\jaibangla\vendor\laravel\framework\src\Illuminate\Http\Response.php(38): Illuminate\View\View->render()
#6 D:\laragon\www\jaibangla_dv\jaibangla\vendor\symfony\http-foundation\Response.php(206): Illuminate\Http\Response->setContent(Object(Illuminate\View\View))
#7 D:\laragon\www\jaibangla_dv\jaibangla\vendor\laravel\framework\src\Illuminate\Routing\Router.php(615): Symfony\Component\HttpFoundation\Response->__construct(Object(Illuminate\View\View))
#8 D:\laragon\www\jaibangla_dv\jaibangla\vendor\laravel\framework\src\Illuminate\Routing\Router.php(572): Illuminate\Routing\Router->prepareResponse(Object(Illuminate\Http\Request), Object(Illuminate\View\View))
#9 D:\laragon\www\jaibangla_dv\jaibangla\vendor\laravel\framework\src\Illuminate\Routing\Pipeline.php(30): Illuminate\Routing\Router->Illuminate\Routing\{closure}(Object(Illuminate\Http\Request))
#10 D:\laragon\www\jaibangla_dv\jaibangla\app\Http\Middleware\TrackPageCount.php(29): Illuminate\Routing\Pipeline->Illuminate\Routing\{closure}(Object(Illuminate\Http\Request))
#11 D:\laragon\www\jaibangla_dv\jaibangla\vendor\laravel\framework\src\Illuminate\Pipeline\Pipeline.php(148): App\Http\Middleware\TrackPageCount->handle(Object(Illuminate\Http\Request), Object(Closure))
#12 D:\laragon\www\jaibangla_dv\jaibangla\vendor\laravel\framework\src\Illuminate\Routing\Pipeline.php(53): Illuminate\Pipeline\Pipeline->Illuminate\Pipeline\{closure}(Object(Illuminate\Http\Request))
#13 D:\laragon\www\jaibangla_dv\jaibangla\vendor\laravel\framework\src\Illuminate\Routing\Middleware\SubstituteBindings.php(41): Illuminate\Routing\Pipeline->Illuminate\Routing\{closure}(Object(Illuminate\Http\Request))
#14 D:\laragon\www\jaibangla_dv\jaibangla\vendor\laravel\framework\src\Illuminate\Pipeline\Pipeline.php(148): Illuminate\Routing\Middleware\SubstituteBindings->handle(Object(Illuminate\Http\Request), Object(Closure))
#15 D:\laragon\www\jaibangla_dv\jaibangla\vendor\laravel\framework\src\Illuminate\Routing\Pipeline.php(53): Illuminate\Pipeline\Pipeline->Illuminate\Pipeline\{closure}(Object(Illuminate\Http\Request))
#16 D:\laragon\www\jaibangla_dv\jaibangla\vendor\laravel\framework\src\Illuminate\Auth\Middleware\Authenticate.php(43): Illuminate\Routing\Pipeline->Illuminate\Routing\{closure}(Object(Illuminate\Http\Request))
#17 D:\laragon\www\jaibangla_dv\jaibangla\vendor\laravel\framework\src\Illuminate\Pipeline\Pipeline.php(148): Illuminate\Auth\Middleware\Authenticate->handle(Object(Illuminate\Http\Request), Object(Closure))
#18 D:\laragon\www\jaibangla_dv\jaibangla\vendor\laravel\framework\src\Illuminate\Routing\Pipeline.php(53): Illuminate\Pipeline\Pipeline->Illuminate\Pipeline\{closure}(Object(Illuminate\Http\Request))
#19 D:\laragon\www\jaibangla_dv\jaibangla\vendor\laravel\framework\src\Illuminate\Foundation\Http\Middleware\VerifyCsrfToken.php(65): Illuminate\Routing\Pipeline->Illuminate\Routing\{closure}(Object(Illuminate\Http\Request))
#20 D:\laragon\www\jaibangla_dv\jaibangla\vendor\laravel\framework\src\Illuminate\Pipeline\Pipeline.php(148): Illuminate\Foundation\Http\Middleware\VerifyCsrfToken->handle(Object(Illuminate\Http\Request), Object(Closure))
#21 D:\laragon\www\jaibangla_dv\jaibangla\vendor\laravel\framework\src\Illuminate\Routing\Pipeline.php(53): Illuminate\Pipeline\Pipeline->Illuminate\Pipeline\{closure}(Object(Illuminate\Http\Request))
#22 D:\laragon\www\jaibangla_dv\jaibangla\vendor\laravel\framework\src\Illuminate\View\Middleware\ShareErrorsFromSession.php(49): Illuminate\Routing\Pipeline->Illuminate\Routing\{closure}(Object(Illuminate\Http\Request))
#23 D:\laragon\www\jaibangla_dv\jaibangla\vendor\laravel\framework\src\Illuminate\Pipeline\Pipeline.php(148): Illuminate\View\Middleware\ShareErrorsFromSession->handle(Object(Illuminate\Http\Request), Object(Closure))
#24 D:\laragon\www\jaibangla_dv\jaibangla\vendor\laravel\framework\src\Illuminate\Routing\Pipeline.php(53): Illuminate\Pipeline\Pipeline->Illuminate\Pipeline\{closure}(Object(Illuminate\Http\Request))
#25 D:\laragon\www\jaibangla_dv\jaibangla\vendor\laravel\framework\src\Illuminate\Session\Middleware\StartSession.php(64): Illuminate\Routing\Pipeline->Illuminate\Routing\{closure}(Object(Illuminate\Http\Request))
#26 D:\laragon\www\jaibangla_dv\jaibangla\vendor\laravel\framework\src\Illuminate\Pipeline\Pipeline.php(148): Illuminate\Session\Middleware\StartSession->handle(Object(Illuminate\Http\Request), Object(Closure))
#27 D:\laragon\www\jaibangla_dv\jaibangla\vendor\laravel\framework\src\Illuminate\Routing\Pipeline.php(53): Illuminate\Pipeline\Pipeline->Illuminate\Pipeline\{closure}(Object(Illuminate\Http\Request))
#28 D:\laragon\www\jaibangla_dv\jaibangla\vendor\laravel\framework\src\Illuminate\Cookie\Middleware\AddQueuedCookiesToResponse.php(37): Illuminate\Routing\Pipeline->Illuminate\Routing\{closure}(Object(Illuminate\Http\Request))
#29 D:\laragon\www\jaibangla_dv\jaibangla\vendor\laravel\framework\src\Illuminate\Pipeline\Pipeline.php(148): Illuminate\Cookie\Middleware\AddQueuedCookiesToResponse->handle(Object(Illuminate\Http\Request), Object(Closure))
#30 D:\laragon\www\jaibangla_dv\jaibangla\vendor\laravel\framework\src\Illuminate\Routing\Pipeline.php(53): Illuminate\Pipeline\Pipeline->Illuminate\Pipeline\{closure}(Object(Illuminate\Http\Request))
#31 D:\laragon\www\jaibangla_dv\jaibangla\vendor\laravel\framework\src\Illuminate\Cookie\Middleware\EncryptCookies.php(59): Illuminate\Routing\Pipeline->Illuminate\Routing\{closure}(Object(Illuminate\Http\Request))
#32 D:\laragon\www\jaibangla_dv\jaibangla\vendor\laravel\framework\src\Illuminate\Pipeline\Pipeline.php(148): Illuminate\Cookie\Middleware\EncryptCookies->handle(Object(Illuminate\Http\Request), Object(Closure))
#33 D:\laragon\www\jaibangla_dv\jaibangla\vendor\laravel\framework\src\Illuminate\Routing\Pipeline.php(53): Illuminate\Pipeline\Pipeline->Illuminate\Pipeline\{closure}(Object(Illuminate\Http\Request))
#34 D:\laragon\www\jaibangla_dv\jaibangla\vendor\laravel\framework\src\Illuminate\Pipeline\Pipeline.php(102): Illuminate\Routing\Pipeline->Illuminate\Routing\{closure}(Object(Illuminate\Http\Request))
#35 D:\laragon\www\jaibangla_dv\jaibangla\vendor\laravel\framework\src\Illuminate\Routing\Router.php(574): Illuminate\Pipeline\Pipeline->then(Object(Closure))
#36 D:\laragon\www\jaibangla_dv\jaibangla\vendor\laravel\framework\src\Illuminate\Routing\Router.php(533): Illuminate\Routing\Router->runRouteWithinStack(Object(Illuminate\Routing\Route), Object(Illuminate\Http\Request))
#37 D:\laragon\www\jaibangla_dv\jaibangla\vendor\laravel\framework\src\Illuminate\Routing\Router.php(511): Illuminate\Routing\Router->dispatchToRoute(Object(Illuminate\Http\Request))
#38 D:\laragon\www\jaibangla_dv\jaibangla\vendor\laravel\framework\src\Illuminate\Foundation\Http\Kernel.php(176): Illuminate\Routing\Router->dispatch(Object(Illuminate\Http\Request))
#39 D:\laragon\www\jaibangla_dv\jaibangla\vendor\laravel\framework\src\Illuminate\Routing\Pipeline.php(30): Illuminate\Foundation\Http\Kernel->Illuminate\Foundation\Http\{closure}(Object(Illuminate\Http\Request))
#40 D:\laragon\www\jaibangla_dv\jaibangla\vendor\laravel\framework\src\Illuminate\Foundation\Http\Middleware\TransformsRequest.php(30): Illuminate\Routing\Pipeline->Illuminate\Routing\{closure}(Object(Illuminate\Http\Request))
#41 D:\laragon\www\jaibangla_dv\jaibangla\vendor\laravel\framework\src\Illuminate\Pipeline\Pipeline.php(148): Illuminate\Foundation\Http\Middleware\TransformsRequest->handle(Object(Illuminate\Http\Request), Object(Closure))
#42 D:\laragon\www\jaibangla_dv\jaibangla\vendor\laravel\framework\src\Illuminate\Routing\Pipeline.php(53): Illuminate\Pipeline\Pipeline->Illuminate\Pipeline\{closure}(Object(Illuminate\Http\Request))
#43 D:\laragon\www\jaibangla_dv\jaibangla\vendor\laravel\framework\src\Illuminate\Foundation\Http\Middleware\TransformsRequest.php(30): Illuminate\Routing\Pipeline->Illuminate\Routing\{closure}(Object(Illuminate\Http\Request))
#44 D:\laragon\www\jaibangla_dv\jaibangla\vendor\laravel\framework\src\Illuminate\Pipeline\Pipeline.php(148): Illuminate\Foundation\Http\Middleware\TransformsRequest->handle(Object(Illuminate\Http\Request), Object(Closure))
#45 D:\laragon\www\jaibangla_dv\jaibangla\vendor\laravel\framework\src\Illuminate\Routing\Pipeline.php(53): Illuminate\Pipeline\Pipeline->Illuminate\Pipeline\{closure}(Object(Illuminate\Http\Request))
#46 D:\laragon\www\jaibangla_dv\jaibangla\vendor\laravel\framework\src\Illuminate\Foundation\Http\Middleware\ValidatePostSize.php(27): Illuminate\Routing\Pipeline->Illuminate\Routing\{closure}(Object(Illuminate\Http\Request))
#47 D:\laragon\www\jaibangla_dv\jaibangla\vendor\laravel\framework\src\Illuminate\Pipeline\Pipeline.php(148): Illuminate\Foundation\Http\Middleware\ValidatePostSize->handle(Object(Illuminate\Http\Request), Object(Closure))
#48 D:\laragon\www\jaibangla_dv\jaibangla\vendor\laravel\framework\src\Illuminate\Routing\Pipeline.php(53): Illuminate\Pipeline\Pipeline->Illuminate\Pipeline\{closure}(Object(Illuminate\Http\Request))
#49 D:\laragon\www\jaibangla_dv\jaibangla\vendor\laravel\framework\src\Illuminate\Foundation\Http\Middleware\CheckForMaintenanceMode.php(46): Illuminate\Routing\Pipeline->Illuminate\Routing\{closure}(Object(Illuminate\Http\Request))
#50 D:\laragon\www\jaibangla_dv\jaibangla\vendor\laravel\framework\src\Illuminate\Pipeline\Pipeline.php(148): Illuminate\Foundation\Http\Middleware\CheckForMaintenanceMode->handle(Object(Illuminate\Http\Request), Object(Closure))
#51 D:\laragon\www\jaibangla_dv\jaibangla\vendor\laravel\framework\src\Illuminate\Routing\Pipeline.php(53): Illuminate\Pipeline\Pipeline->Illuminate\Pipeline\{closure}(Object(Illuminate\Http\Request))
#52 D:\laragon\www\jaibangla_dv\jaibangla\vendor\laravel\framework\src\Illuminate\Pipeline\Pipeline.php(102): Illuminate\Routing\Pipeline->Illuminate\Routing\{closure}(Object(Illuminate\Http\Request))
#53 D:\laragon\www\jaibangla_dv\jaibangla\vendor\laravel\framework\src\Illuminate\Foundation\Http\Kernel.php(151): Illuminate\Pipeline\Pipeline->then(Object(Closure))
#54 D:\laragon\www\jaibangla_dv\jaibangla\vendor\laravel\framework\src\Illuminate\Foundation\Http\Kernel.php(116): Illuminate\Foundation\Http\Kernel->sendRequestThroughRouter(Object(Illuminate\Http\Request))
#55 D:\laragon\www\jaibangla_dv\index.php(53): Illuminate\Foundation\Http\Kernel->handle(Object(Illuminate\Http\Request))
#56 {main}  
[2024-12-17 11:03:09] production.ERROR: Symfony\Component\Debug\Exception\FatalThrowableError: Class 'Barryvdh\DomPDF\Facade\Pdf' not found in D:\laragon\www\jaibangla_dv\jaibangla\app\Http\Controllers\JBProcessApplicationController.php:1587
Stack trace:
#0 [internal function]: App\Http\Controllers\JBProcessApplicationController->applicant_details(Object(Illuminate\Http\Request))
#1 D:\laragon\www\jaibangla_dv\jaibangla\vendor\laravel\framework\src\Illuminate\Routing\Controller.php(55): call_user_func_array(Array, Array)
#2 D:\laragon\www\jaibangla_dv\jaibangla\vendor\laravel\framework\src\Illuminate\Routing\ControllerDispatcher.php(44): Illuminate\Routing\Controller->callAction('applicant_detai...', Array)
#3 D:\laragon\www\jaibangla_dv\jaibangla\vendor\laravel\framework\src\Illuminate\Routing\Route.php(203): Illuminate\Routing\ControllerDispatcher->dispatch(Object(Illuminate\Routing\Route), Object(App\Http\Controllers\JBProcessApplicationController), 'applicant_detai...')
#4 D:\laragon\www\jaibangla_dv\jaibangla\vendor\laravel\framework\src\Illuminate\Routing\Route.php(160): Illuminate\Routing\Route->runController()
#5 D:\laragon\www\jaibangla_dv\jaibangla\vendor\laravel\framework\src\Illuminate\Routing\Router.php(572): Illuminate\Routing\Route->run()
#6 D:\laragon\www\jaibangla_dv\jaibangla\vendor\laravel\framework\src\Illuminate\Routing\Pipeline.php(30): Illuminate\Routing\Router->Illuminate\Routing\{closure}(Object(Illuminate\Http\Request))
#7 D:\laragon\www\jaibangla_dv\jaibangla\app\Http\Middleware\TrackPageCount.php(29): Illuminate\Routing\Pipeline->Illuminate\Routing\{closure}(Object(Illuminate\Http\Request))
#8 D:\laragon\www\jaibangla_dv\jaibangla\vendor\laravel\framework\src\Illuminate\Pipeline\Pipeline.php(148): App\Http\Middleware\TrackPageCount->handle(Object(Illuminate\Http\Request), Object(Closure))
#9 D:\laragon\www\jaibangla_dv\jaibangla\vendor\laravel\framework\src\Illuminate\Routing\Pipeline.php(53): Illuminate\Pipeline\Pipeline->Illuminate\Pipeline\{closure}(Object(Illuminate\Http\Request))
#10 D:\laragon\www\jaibangla_dv\jaibangla\vendor\laravel\framework\src\Illuminate\Routing\Middleware\SubstituteBindings.php(41): Illuminate\Routing\Pipeline->Illuminate\Routing\{closure}(Object(Illuminate\Http\Request))
#11 D:\laragon\www\jaibangla_dv\jaibangla\vendor\laravel\framework\src\Illuminate\Pipeline\Pipeline.php(148): Illuminate\Routing\Middleware\SubstituteBindings->handle(Object(Illuminate\Http\Request), Object(Closure))
#12 D:\laragon\www\jaibangla_dv\jaibangla\vendor\laravel\framework\src\Illuminate\Routing\Pipeline.php(53): Illuminate\Pipeline\Pipeline->Illuminate\Pipeline\{closure}(Object(Illuminate\Http\Request))
#13 D:\laragon\www\jaibangla_dv\jaibangla\vendor\laravel\framework\src\Illuminate\Auth\Middleware\Authenticate.php(43): Illuminate\Routing\Pipeline->Illuminate\Routing\{closure}(Object(Illuminate\Http\Request))
#14 D:\laragon\www\jaibangla_dv\jaibangla\vendor\laravel\framework\src\Illuminate\Pipeline\Pipeline.php(148): Illuminate\Auth\Middleware\Authenticate->handle(Object(Illuminate\Http\Request), Object(Closure))
#15 D:\laragon\www\jaibangla_dv\jaibangla\vendor\laravel\framework\src\Illuminate\Routing\Pipeline.php(53): Illuminate\Pipeline\Pipeline->Illuminate\Pipeline\{closure}(Object(Illuminate\Http\Request))
#16 D:\laragon\www\jaibangla_dv\jaibangla\vendor\laravel\framework\src\Illuminate\Foundation\Http\Middleware\VerifyCsrfToken.php(65): Illuminate\Routing\Pipeline->Illuminate\Routing\{closure}(Object(Illuminate\Http\Request))
#17 D:\laragon\www\jaibangla_dv\jaibangla\vendor\laravel\framework\src\Illuminate\Pipeline\Pipeline.php(148): Illuminate\Foundation\Http\Middleware\VerifyCsrfToken->handle(Object(Illuminate\Http\Request), Object(Closure))
#18 D:\laragon\www\jaibangla_dv\jaibangla\vendor\laravel\framework\src\Illuminate\Routing\Pipeline.php(53): Illuminate\Pipeline\Pipeline->Illuminate\Pipeline\{closure}(Object(Illuminate\Http\Request))
#19 D:\laragon\www\jaibangla_dv\jaibangla\vendor\laravel\framework\src\Illuminate\View\Middleware\ShareErrorsFromSession.php(49): Illuminate\Routing\Pipeline->Illuminate\Routing\{closure}(Object(Illuminate\Http\Request))
#20 D:\laragon\www\jaibangla_dv\jaibangla\vendor\laravel\framework\src\Illuminate\Pipeline\Pipeline.php(148): Illuminate\View\Middleware\ShareErrorsFromSession->handle(Object(Illuminate\Http\Request), Object(Closure))
#21 D:\laragon\www\jaibangla_dv\jaibangla\vendor\laravel\framework\src\Illuminate\Routing\Pipeline.php(53): Illuminate\Pipeline\Pipeline->Illuminate\Pipeline\{closure}(Object(Illuminate\Http\Request))
#22 D:\laragon\www\jaibangla_dv\jaibangla\vendor\laravel\framework\src\Illuminate\Session\Middleware\StartSession.php(64): Illuminate\Routing\Pipeline->Illuminate\Routing\{closure}(Object(Illuminate\Http\Request))
#23 D:\laragon\www\jaibangla_dv\jaibangla\vendor\laravel\framework\src\Illuminate\Pipeline\Pipeline.php(148): Illuminate\Session\Middleware\StartSession->handle(Object(Illuminate\Http\Request), Object(Closure))
#24 D:\laragon\www\jaibangla_dv\jaibangla\vendor\laravel\framework\src\Illuminate\Routing\Pipeline.php(53): Illuminate\Pipeline\Pipeline->Illuminate\Pipeline\{closure}(Object(Illuminate\Http\Request))
#25 D:\laragon\www\jaibangla_dv\jaibangla\vendor\laravel\framework\src\Illuminate\Cookie\Middleware\AddQueuedCookiesToResponse.php(37): Illuminate\Routing\Pipeline->Illuminate\Routing\{closure}(Object(Illuminate\Http\Request))
#26 D:\laragon\www\jaibangla_dv\jaibangla\vendor\laravel\framework\src\Illuminate\Pipeline\Pipeline.php(148): Illuminate\Cookie\Middleware\AddQueuedCookiesToResponse->handle(Object(Illuminate\Http\Request), Object(Closure))
#27 D:\laragon\www\jaibangla_dv\jaibangla\vendor\laravel\framework\src\Illuminate\Routing\Pipeline.php(53): Illuminate\Pipeline\Pipeline->Illuminate\Pipeline\{closure}(Object(Illuminate\Http\Request))
#28 D:\laragon\www\jaibangla_dv\jaibangla\vendor\laravel\framework\src\Illuminate\Cookie\Middleware\EncryptCookies.php(59): Illuminate\Routing\Pipeline->Illuminate\Routing\{closure}(Object(Illuminate\Http\Request))
#29 D:\laragon\www\jaibangla_dv\jaibangla\vendor\laravel\framework\src\Illuminate\Pipeline\Pipeline.php(148): Illuminate\Cookie\Middleware\EncryptCookies->handle(Object(Illuminate\Http\Request), Object(Closure))
#30 D:\laragon\www\jaibangla_dv\jaibangla\vendor\laravel\framework\src\Illuminate\Routing\Pipeline.php(53): Illuminate\Pipeline\Pipeline->Illuminate\Pipeline\{closure}(Object(Illuminate\Http\Request))
#31 D:\laragon\www\jaibangla_dv\jaibangla\vendor\laravel\framework\src\Illuminate\Pipeline\Pipeline.php(102): Illuminate\Routing\Pipeline->Illuminate\Routing\{closure}(Object(Illuminate\Http\Request))
#32 D:\laragon\www\jaibangla_dv\jaibangla\vendor\laravel\framework\src\Illuminate\Routing\Router.php(574): Illuminate\Pipeline\Pipeline->then(Object(Closure))
#33 D:\laragon\www\jaibangla_dv\jaibangla\vendor\laravel\framework\src\Illuminate\Routing\Router.php(533): Illuminate\Routing\Router->runRouteWithinStack(Object(Illuminate\Routing\Route), Object(Illuminate\Http\Request))
#34 D:\laragon\www\jaibangla_dv\jaibangla\vendor\laravel\framework\src\Illuminate\Routing\Router.php(511): Illuminate\Routing\Router->dispatchToRoute(Object(Illuminate\Http\Request))
#35 D:\laragon\www\jaibangla_dv\jaibangla\vendor\laravel\framework\src\Illuminate\Foundation\Http\Kernel.php(176): Illuminate\Routing\Router->dispatch(Object(Illuminate\Http\Request))
#36 D:\laragon\www\jaibangla_dv\jaibangla\vendor\laravel\framework\src\Illuminate\Routing\Pipeline.php(30): Illuminate\Foundation\Http\Kernel->Illuminate\Foundation\Http\{closure}(Object(Illuminate\Http\Request))
#37 D:\laragon\www\jaibangla_dv\jaibangla\vendor\laravel\framework\src\Illuminate\Foundation\Http\Middleware\TransformsRequest.php(30): Illuminate\Routing\Pipeline->Illuminate\Routing\{closure}(Object(Illuminate\Http\Request))
#38 D:\laragon\www\jaibangla_dv\jaibangla\vendor\laravel\framework\src\Illuminate\Pipeline\Pipeline.php(148): Illuminate\Foundation\Http\Middleware\TransformsRequest->handle(Object(Illuminate\Http\Request), Object(Closure))
#39 D:\laragon\www\jaibangla_dv\jaibangla\vendor\laravel\framework\src\Illuminate\Routing\Pipeline.php(53): Illuminate\Pipeline\Pipeline->Illuminate\Pipeline\{closure}(Object(Illuminate\Http\Request))
#40 D:\laragon\www\jaibangla_dv\jaibangla\vendor\laravel\framework\src\Illuminate\Foundation\Http\Middleware\TransformsRequest.php(30): Illuminate\Routing\Pipeline->Illuminate\Routing\{closure}(Object(Illuminate\Http\Request))
#41 D:\laragon\www\jaibangla_dv\jaibangla\vendor\laravel\framework\src\Illuminate\Pipeline\Pipeline.php(148): Illuminate\Foundation\Http\Middleware\TransformsRequest->handle(Object(Illuminate\Http\Request), Object(Closure))
#42 D:\laragon\www\jaibangla_dv\jaibangla\vendor\laravel\framework\src\Illuminate\Routing\Pipeline.php(53): Illuminate\Pipeline\Pipeline->Illuminate\Pipeline\{closure}(Object(Illuminate\Http\Request))
#43 D:\laragon\www\jaibangla_dv\jaibangla\vendor\laravel\framework\src\Illuminate\Foundation\Http\Middleware\ValidatePostSize.php(27): Illuminate\Routing\Pipeline->Illuminate\Routing\{closure}(Object(Illuminate\Http\Request))
#44 D:\laragon\www\jaibangla_dv\jaibangla\vendor\laravel\framework\src\Illuminate\Pipeline\Pipeline.php(148): Illuminate\Foundation\Http\Middleware\ValidatePostSize->handle(Object(Illuminate\Http\Request), Object(Closure))
#45 D:\laragon\www\jaibangla_dv\jaibangla\vendor\laravel\framework\src\Illuminate\Routing\Pipeline.php(53): Illuminate\Pipeline\Pipeline->Illuminate\Pipeline\{closure}(Object(Illuminate\Http\Request))
#46 D:\laragon\www\jaibangla_dv\jaibangla\vendor\laravel\framework\src\Illuminate\Foundation\Http\Middleware\CheckForMaintenanceMode.php(46): Illuminate\Routing\Pipeline->Illuminate\Routing\{closure}(Object(Illuminate\Http\Request))
#47 D:\laragon\www\jaibangla_dv\jaibangla\vendor\laravel\framework\src\Illuminate\Pipeline\Pipeline.php(148): Illuminate\Foundation\Http\Middleware\CheckForMaintenanceMode->handle(Object(Illuminate\Http\Request), Object(Closure))
#48 D:\laragon\www\jaibangla_dv\jaibangla\vendor\laravel\framework\src\Illuminate\Routing\Pipeline.php(53): Illuminate\Pipeline\Pipeline->Illuminate\Pipeline\{closure}(Object(Illuminate\Http\Request))
#49 D:\laragon\www\jaibangla_dv\jaibangla\vendor\laravel\framework\src\Illuminate\Pipeline\Pipeline.php(102): Illuminate\Routing\Pipeline->Illuminate\Routing\{closure}(Object(Illuminate\Http\Request))
#50 D:\laragon\www\jaibangla_dv\jaibangla\vendor\laravel\framework\src\Illuminate\Foundation\Http\Kernel.php(151): Illuminate\Pipeline\Pipeline->then(Object(Closure))
#51 D:\laragon\www\jaibangla_dv\jaibangla\vendor\laravel\framework\src\Illuminate\Foundation\Http\Kernel.php(116): Illuminate\Foundation\Http\Kernel->sendRequestThroughRouter(Object(Illuminate\Http\Request))
#52 D:\laragon\www\jaibangla_dv\index.php(53): Illuminate\Foundation\Http\Kernel->handle(Object(Illuminate\Http\Request))
#53 {main}  
[2024-12-17 11:32:10] production.ERROR: ErrorException: Undefined offset: 0 in D:\laragon\www\jaibangla_dv\jaibangla\vendor\tecnickcom\tcpdf\tcpdf.php:17162
Stack trace:
#0 D:\laragon\www\jaibangla_dv\jaibangla\vendor\tecnickcom\tcpdf\tcpdf.php(17162): Illuminate\Foundation\Bootstrap\HandleExceptions->handleError(8, 'Undefined offse...', 'D:\\laragon\\www\\...', 17162, Array)
#1 D:\laragon\www\jaibangla_dv\jaibangla\app\Http\Controllers\JBProcessApplicationController.php(1612): TCPDF->writeHTML('<!DOCTYPE html>...', true, false, true, false, '')
#2 [internal function]: App\Http\Controllers\JBProcessApplicationController->applicant_details(Object(Illuminate\Http\Request))
#3 D:\laragon\www\jaibangla_dv\jaibangla\vendor\laravel\framework\src\Illuminate\Routing\Controller.php(55): call_user_func_array(Array, Array)
#4 D:\laragon\www\jaibangla_dv\jaibangla\vendor\laravel\framework\src\Illuminate\Routing\ControllerDispatcher.php(44): Illuminate\Routing\Controller->callAction('applicant_detai...', Array)
#5 D:\laragon\www\jaibangla_dv\jaibangla\vendor\laravel\framework\src\Illuminate\Routing\Route.php(203): Illuminate\Routing\ControllerDispatcher->dispatch(Object(Illuminate\Routing\Route), Object(App\Http\Controllers\JBProcessApplicationController), 'applicant_detai...')
#6 D:\laragon\www\jaibangla_dv\jaibangla\vendor\laravel\framework\src\Illuminate\Routing\Route.php(160): Illuminate\Routing\Route->runController()
#7 D:\laragon\www\jaibangla_dv\jaibangla\vendor\laravel\framework\src\Illuminate\Routing\Router.php(572): Illuminate\Routing\Route->run()
#8 D:\laragon\www\jaibangla_dv\jaibangla\vendor\laravel\framework\src\Illuminate\Routing\Pipeline.php(30): Illuminate\Routing\Router->Illuminate\Routing\{closure}(Object(Illuminate\Http\Request))
#9 D:\laragon\www\jaibangla_dv\jaibangla\app\Http\Middleware\TrackPageCount.php(29): Illuminate\Routing\Pipeline->Illuminate\Routing\{closure}(Object(Illuminate\Http\Request))
#10 D:\laragon\www\jaibangla_dv\jaibangla\vendor\laravel\framework\src\Illuminate\Pipeline\Pipeline.php(148): App\Http\Middleware\TrackPageCount->handle(Object(Illuminate\Http\Request), Object(Closure))
#11 D:\laragon\www\jaibangla_dv\jaibangla\vendor\laravel\framework\src\Illuminate\Routing\Pipeline.php(53): Illuminate\Pipeline\Pipeline->Illuminate\Pipeline\{closure}(Object(Illuminate\Http\Request))
#12 D:\laragon\www\jaibangla_dv\jaibangla\vendor\laravel\framework\src\Illuminate\Routing\Middleware\SubstituteBindings.php(41): Illuminate\Routing\Pipeline->Illuminate\Routing\{closure}(Object(Illuminate\Http\Request))
#13 D:\laragon\www\jaibangla_dv\jaibangla\vendor\laravel\framework\src\Illuminate\Pipeline\Pipeline.php(148): Illuminate\Routing\Middleware\SubstituteBindings->handle(Object(Illuminate\Http\Request), Object(Closure))
#14 D:\laragon\www\jaibangla_dv\jaibangla\vendor\laravel\framework\src\Illuminate\Routing\Pipeline.php(53): Illuminate\Pipeline\Pipeline->Illuminate\Pipeline\{closure}(Object(Illuminate\Http\Request))
#15 D:\laragon\www\jaibangla_dv\jaibangla\vendor\laravel\framework\src\Illuminate\Auth\Middleware\Authenticate.php(43): Illuminate\Routing\Pipeline->Illuminate\Routing\{closure}(Object(Illuminate\Http\Request))
#16 D:\laragon\www\jaibangla_dv\jaibangla\vendor\laravel\framework\src\Illuminate\Pipeline\Pipeline.php(148): Illuminate\Auth\Middleware\Authenticate->handle(Object(Illuminate\Http\Request), Object(Closure))
#17 D:\laragon\www\jaibangla_dv\jaibangla\vendor\laravel\framework\src\Illuminate\Routing\Pipeline.php(53): Illuminate\Pipeline\Pipeline->Illuminate\Pipeline\{closure}(Object(Illuminate\Http\Request))
#18 D:\laragon\www\jaibangla_dv\jaibangla\vendor\laravel\framework\src\Illuminate\Foundation\Http\Middleware\VerifyCsrfToken.php(65): Illuminate\Routing\Pipeline->Illuminate\Routing\{closure}(Object(Illuminate\Http\Request))
#19 D:\laragon\www\jaibangla_dv\jaibangla\vendor\laravel\framework\src\Illuminate\Pipeline\Pipeline.php(148): Illuminate\Foundation\Http\Middleware\VerifyCsrfToken->handle(Object(Illuminate\Http\Request), Object(Closure))
#20 D:\laragon\www\jaibangla_dv\jaibangla\vendor\laravel\framework\src\Illuminate\Routing\Pipeline.php(53): Illuminate\Pipeline\Pipeline->Illuminate\Pipeline\{closure}(Object(Illuminate\Http\Request))
#21 D:\laragon\www\jaibangla_dv\jaibangla\vendor\laravel\framework\src\Illuminate\View\Middleware\ShareErrorsFromSession.php(49): Illuminate\Routing\Pipeline->Illuminate\Routing\{closure}(Object(Illuminate\Http\Request))
#22 D:\laragon\www\jaibangla_dv\jaibangla\vendor\laravel\framework\src\Illuminate\Pipeline\Pipeline.php(148): Illuminate\View\Middleware\ShareErrorsFromSession->handle(Object(Illuminate\Http\Request), Object(Closure))
#23 D:\laragon\www\jaibangla_dv\jaibangla\vendor\laravel\framework\src\Illuminate\Routing\Pipeline.php(53): Illuminate\Pipeline\Pipeline->Illuminate\Pipeline\{closure}(Object(Illuminate\Http\Request))
#24 D:\laragon\www\jaibangla_dv\jaibangla\vendor\laravel\framework\src\Illuminate\Session\Middleware\StartSession.php(64): Illuminate\Routing\Pipeline->Illuminate\Routing\{closure}(Object(Illuminate\Http\Request))
#25 D:\laragon\www\jaibangla_dv\jaibangla\vendor\laravel\framework\src\Illuminate\Pipeline\Pipeline.php(148): Illuminate\Session\Middleware\StartSession->handle(Object(Illuminate\Http\Request), Object(Closure))
#26 D:\laragon\www\jaibangla_dv\jaibangla\vendor\laravel\framework\src\Illuminate\Routing\Pipeline.php(53): Illuminate\Pipeline\Pipeline->Illuminate\Pipeline\{closure}(Object(Illuminate\Http\Request))
#27 D:\laragon\www\jaibangla_dv\jaibangla\vendor\laravel\framework\src\Illuminate\Cookie\Middleware\AddQueuedCookiesToResponse.php(37): Illuminate\Routing\Pipeline->Illuminate\Routing\{closure}(Object(Illuminate\Http\Request))
#28 D:\laragon\www\jaibangla_dv\jaibangla\vendor\laravel\framework\src\Illuminate\Pipeline\Pipeline.php(148): Illuminate\Cookie\Middleware\AddQueuedCookiesToResponse->handle(Object(Illuminate\Http\Request), Object(Closure))
#29 D:\laragon\www\jaibangla_dv\jaibangla\vendor\laravel\framework\src\Illuminate\Routing\Pipeline.php(53): Illuminate\Pipeline\Pipeline->Illuminate\Pipeline\{closure}(Object(Illuminate\Http\Request))
#30 D:\laragon\www\jaibangla_dv\jaibangla\vendor\laravel\framework\src\Illuminate\Cookie\Middleware\EncryptCookies.php(59): Illuminate\Routing\Pipeline->Illuminate\Routing\{closure}(Object(Illuminate\Http\Request))
#31 D:\laragon\www\jaibangla_dv\jaibangla\vendor\laravel\framework\src\Illuminate\Pipeline\Pipeline.php(148): Illuminate\Cookie\Middleware\EncryptCookies->handle(Object(Illuminate\Http\Request), Object(Closure))
#32 D:\laragon\www\jaibangla_dv\jaibangla\vendor\laravel\framework\src\Illuminate\Routing\Pipeline.php(53): Illuminate\Pipeline\Pipeline->Illuminate\Pipeline\{closure}(Object(Illuminate\Http\Request))
#33 D:\laragon\www\jaibangla_dv\jaibangla\vendor\laravel\framework\src\Illuminate\Pipeline\Pipeline.php(102): Illuminate\Routing\Pipeline->Illuminate\Routing\{closure}(Object(Illuminate\Http\Request))
#34 D:\laragon\www\jaibangla_dv\jaibangla\vendor\laravel\framework\src\Illuminate\Routing\Router.php(574): Illuminate\Pipeline\Pipeline->then(Object(Closure))
#35 D:\laragon\www\jaibangla_dv\jaibangla\vendor\laravel\framework\src\Illuminate\Routing\Router.php(533): Illuminate\Routing\Router->runRouteWithinStack(Object(Illuminate\Routing\Route), Object(Illuminate\Http\Request))
#36 D:\laragon\www\jaibangla_dv\jaibangla\vendor\laravel\framework\src\Illuminate\Routing\Router.php(511): Illuminate\Routing\Router->dispatchToRoute(Object(Illuminate\Http\Request))
#37 D:\laragon\www\jaibangla_dv\jaibangla\vendor\laravel\framework\src\Illuminate\Foundation\Http\Kernel.php(176): Illuminate\Routing\Router->dispatch(Object(Illuminate\Http\Request))
#38 D:\laragon\www\jaibangla_dv\jaibangla\vendor\laravel\framework\src\Illuminate\Routing\Pipeline.php(30): Illuminate\Foundation\Http\Kernel->Illuminate\Foundation\Http\{closure}(Object(Illuminate\Http\Request))
#39 D:\laragon\www\jaibangla_dv\jaibangla\vendor\laravel\framework\src\Illuminate\Foundation\Http\Middleware\TransformsRequest.php(30): Illuminate\Routing\Pipeline->Illuminate\Routing\{closure}(Object(Illuminate\Http\Request))
#40 D:\laragon\www\jaibangla_dv\jaibangla\vendor\laravel\framework\src\Illuminate\Pipeline\Pipeline.php(148): Illuminate\Foundation\Http\Middleware\TransformsRequest->handle(Object(Illuminate\Http\Request), Object(Closure))
#41 D:\laragon\www\jaibangla_dv\jaibangla\vendor\laravel\framework\src\Illuminate\Routing\Pipeline.php(53): Illuminate\Pipeline\Pipeline->Illuminate\Pipeline\{closure}(Object(Illuminate\Http\Request))
#42 D:\laragon\www\jaibangla_dv\jaibangla\vendor\laravel\framework\src\Illuminate\Foundation\Http\Middleware\TransformsRequest.php(30): Illuminate\Routing\Pipeline->Illuminate\Routing\{closure}(Object(Illuminate\Http\Request))
#43 D:\laragon\www\jaibangla_dv\jaibangla\vendor\laravel\framework\src\Illuminate\Pipeline\Pipeline.php(148): Illuminate\Foundation\Http\Middleware\TransformsRequest->handle(Object(Illuminate\Http\Request), Object(Closure))
#44 D:\laragon\www\jaibangla_dv\jaibangla\vendor\laravel\framework\src\Illuminate\Routing\Pipeline.php(53): Illuminate\Pipeline\Pipeline->Illuminate\Pipeline\{closure}(Object(Illuminate\Http\Request))
#45 D:\laragon\www\jaibangla_dv\jaibangla\vendor\laravel\framework\src\Illuminate\Foundation\Http\Middleware\ValidatePostSize.php(27): Illuminate\Routing\Pipeline->Illuminate\Routing\{closure}(Object(Illuminate\Http\Request))
#46 D:\laragon\www\jaibangla_dv\jaibangla\vendor\laravel\framework\src\Illuminate\Pipeline\Pipeline.php(148): Illuminate\Foundation\Http\Middleware\ValidatePostSize->handle(Object(Illuminate\Http\Request), Object(Closure))
#47 D:\laragon\www\jaibangla_dv\jaibangla\vendor\laravel\framework\src\Illuminate\Routing\Pipeline.php(53): Illuminate\Pipeline\Pipeline->Illuminate\Pipeline\{closure}(Object(Illuminate\Http\Request))
#48 D:\laragon\www\jaibangla_dv\jaibangla\vendor\laravel\framework\src\Illuminate\Foundation\Http\Middleware\CheckForMaintenanceMode.php(46): Illuminate\Routing\Pipeline->Illuminate\Routing\{closure}(Object(Illuminate\Http\Request))
#49 D:\laragon\www\jaibangla_dv\jaibangla\vendor\laravel\framework\src\Illuminate\Pipeline\Pipeline.php(148): Illuminate\Foundation\Http\Middleware\CheckForMaintenanceMode->handle(Object(Illuminate\Http\Request), Object(Closure))
#50 D:\laragon\www\jaibangla_dv\jaibangla\vendor\laravel\framework\src\Illuminate\Routing\Pipeline.php(53): Illuminate\Pipeline\Pipeline->Illuminate\Pipeline\{closure}(Object(Illuminate\Http\Request))
#51 D:\laragon\www\jaibangla_dv\jaibangla\vendor\laravel\framework\src\Illuminate\Pipeline\Pipeline.php(102): Illuminate\Routing\Pipeline->Illuminate\Routing\{closure}(Object(Illuminate\Http\Request))
#52 D:\laragon\www\jaibangla_dv\jaibangla\vendor\laravel\framework\src\Illuminate\Foundation\Http\Kernel.php(151): Illuminate\Pipeline\Pipeline->then(Object(Closure))
#53 D:\laragon\www\jaibangla_dv\jaibangla\vendor\laravel\framework\src\Illuminate\Foundation\Http\Kernel.php(116): Illuminate\Foundation\Http\Kernel->sendRequestThroughRouter(Object(Illuminate\Http\Request))
#54 D:\laragon\www\jaibangla_dv\index.php(53): Illuminate\Foundation\Http\Kernel->handle(Object(Illuminate\Http\Request))
#55 {main}  
[2024-12-17 12:01:05] production.ERROR: Symfony\Component\HttpKernel\Exception\NotFoundHttpException in D:\laragon\www\jaibangla_dv\jaibangla\vendor\laravel\framework\src\Illuminate\Routing\RouteCollection.php:179
Stack trace:
#0 D:\laragon\www\jaibangla_dv\jaibangla\vendor\laravel\framework\src\Illuminate\Routing\Router.php(546): Illuminate\Routing\RouteCollection->match(Object(Illuminate\Http\Request))
#1 D:\laragon\www\jaibangla_dv\jaibangla\vendor\laravel\framework\src\Illuminate\Routing\Router.php(525): Illuminate\Routing\Router->findRoute(Object(Illuminate\Http\Request))
#2 D:\laragon\www\jaibangla_dv\jaibangla\vendor\laravel\framework\src\Illuminate\Routing\Router.php(511): Illuminate\Routing\Router->dispatchToRoute(Object(Illuminate\Http\Request))
#3 D:\laragon\www\jaibangla_dv\jaibangla\vendor\laravel\framework\src\Illuminate\Foundation\Http\Kernel.php(176): Illuminate\Routing\Router->dispatch(Object(Illuminate\Http\Request))
#4 D:\laragon\www\jaibangla_dv\jaibangla\vendor\laravel\framework\src\Illuminate\Routing\Pipeline.php(30): Illuminate\Foundation\Http\Kernel->Illuminate\Foundation\Http\{closure}(Object(Illuminate\Http\Request))
#5 D:\laragon\www\jaibangla_dv\jaibangla\vendor\laravel\framework\src\Illuminate\Foundation\Http\Middleware\TransformsRequest.php(30): Illuminate\Routing\Pipeline->Illuminate\Routing\{closure}(Object(Illuminate\Http\Request))
#6 D:\laragon\www\jaibangla_dv\jaibangla\vendor\laravel\framework\src\Illuminate\Pipeline\Pipeline.php(148): Illuminate\Foundation\Http\Middleware\TransformsRequest->handle(Object(Illuminate\Http\Request), Object(Closure))
#7 D:\laragon\www\jaibangla_dv\jaibangla\vendor\laravel\framework\src\Illuminate\Routing\Pipeline.php(53): Illuminate\Pipeline\Pipeline->Illuminate\Pipeline\{closure}(Object(Illuminate\Http\Request))
#8 D:\laragon\www\jaibangla_dv\jaibangla\vendor\laravel\framework\src\Illuminate\Foundation\Http\Middleware\TransformsRequest.php(30): Illuminate\Routing\Pipeline->Illuminate\Routing\{closure}(Object(Illuminate\Http\Request))
#9 D:\laragon\www\jaibangla_dv\jaibangla\vendor\laravel\framework\src\Illuminate\Pipeline\Pipeline.php(148): Illuminate\Foundation\Http\Middleware\TransformsRequest->handle(Object(Illuminate\Http\Request), Object(Closure))
#10 D:\laragon\www\jaibangla_dv\jaibangla\vendor\laravel\framework\src\Illuminate\Routing\Pipeline.php(53): Illuminate\Pipeline\Pipeline->Illuminate\Pipeline\{closure}(Object(Illuminate\Http\Request))
#11 D:\laragon\www\jaibangla_dv\jaibangla\vendor\laravel\framework\src\Illuminate\Foundation\Http\Middleware\ValidatePostSize.php(27): Illuminate\Routing\Pipeline->Illuminate\Routing\{closure}(Object(Illuminate\Http\Request))
#12 D:\laragon\www\jaibangla_dv\jaibangla\vendor\laravel\framework\src\Illuminate\Pipeline\Pipeline.php(148): Illuminate\Foundation\Http\Middleware\ValidatePostSize->handle(Object(Illuminate\Http\Request), Object(Closure))
#13 D:\laragon\www\jaibangla_dv\jaibangla\vendor\laravel\framework\src\Illuminate\Routing\Pipeline.php(53): Illuminate\Pipeline\Pipeline->Illuminate\Pipeline\{closure}(Object(Illuminate\Http\Request))
#14 D:\laragon\www\jaibangla_dv\jaibangla\vendor\laravel\framework\src\Illuminate\Foundation\Http\Middleware\CheckForMaintenanceMode.php(46): Illuminate\Routing\Pipeline->Illuminate\Routing\{closure}(Object(Illuminate\Http\Request))
#15 D:\laragon\www\jaibangla_dv\jaibangla\vendor\laravel\framework\src\Illuminate\Pipeline\Pipeline.php(148): Illuminate\Foundation\Http\Middleware\CheckForMaintenanceMode->handle(Object(Illuminate\Http\Request), Object(Closure))
#16 D:\laragon\www\jaibangla_dv\jaibangla\vendor\laravel\framework\src\Illuminate\Routing\Pipeline.php(53): Illuminate\Pipeline\Pipeline->Illuminate\Pipeline\{closure}(Object(Illuminate\Http\Request))
#17 D:\laragon\www\jaibangla_dv\jaibangla\vendor\laravel\framework\src\Illuminate\Pipeline\Pipeline.php(102): Illuminate\Routing\Pipeline->Illuminate\Routing\{closure}(Object(Illuminate\Http\Request))
#18 D:\laragon\www\jaibangla_dv\jaibangla\vendor\laravel\framework\src\Illuminate\Foundation\Http\Kernel.php(151): Illuminate\Pipeline\Pipeline->then(Object(Closure))
#19 D:\laragon\www\jaibangla_dv\jaibangla\vendor\laravel\framework\src\Illuminate\Foundation\Http\Kernel.php(116): Illuminate\Foundation\Http\Kernel->sendRequestThroughRouter(Object(Illuminate\Http\Request))
#20 D:\laragon\www\jaibangla_dv\index.php(53): Illuminate\Foundation\Http\Kernel->handle(Object(Illuminate\Http\Request))
#21 {main}  
[2024-12-17 12:03:56] production.ERROR: Symfony\Component\HttpKernel\Exception\NotFoundHttpException in D:\laragon\www\jaibangla_dv\jaibangla\vendor\laravel\framework\src\Illuminate\Routing\RouteCollection.php:179
Stack trace:
#0 D:\laragon\www\jaibangla_dv\jaibangla\vendor\laravel\framework\src\Illuminate\Routing\Router.php(546): Illuminate\Routing\RouteCollection->match(Object(Illuminate\Http\Request))
#1 D:\laragon\www\jaibangla_dv\jaibangla\vendor\laravel\framework\src\Illuminate\Routing\Router.php(525): Illuminate\Routing\Router->findRoute(Object(Illuminate\Http\Request))
#2 D:\laragon\www\jaibangla_dv\jaibangla\vendor\laravel\framework\src\Illuminate\Routing\Router.php(511): Illuminate\Routing\Router->dispatchToRoute(Object(Illuminate\Http\Request))
#3 D:\laragon\www\jaibangla_dv\jaibangla\vendor\laravel\framework\src\Illuminate\Foundation\Http\Kernel.php(176): Illuminate\Routing\Router->dispatch(Object(Illuminate\Http\Request))
#4 D:\laragon\www\jaibangla_dv\jaibangla\vendor\laravel\framework\src\Illuminate\Routing\Pipeline.php(30): Illuminate\Foundation\Http\Kernel->Illuminate\Foundation\Http\{closure}(Object(Illuminate\Http\Request))
#5 D:\laragon\www\jaibangla_dv\jaibangla\vendor\laravel\framework\src\Illuminate\Foundation\Http\Middleware\TransformsRequest.php(30): Illuminate\Routing\Pipeline->Illuminate\Routing\{closure}(Object(Illuminate\Http\Request))
#6 D:\laragon\www\jaibangla_dv\jaibangla\vendor\laravel\framework\src\Illuminate\Pipeline\Pipeline.php(148): Illuminate\Foundation\Http\Middleware\TransformsRequest->handle(Object(Illuminate\Http\Request), Object(Closure))
#7 D:\laragon\www\jaibangla_dv\jaibangla\vendor\laravel\framework\src\Illuminate\Routing\Pipeline.php(53): Illuminate\Pipeline\Pipeline->Illuminate\Pipeline\{closure}(Object(Illuminate\Http\Request))
#8 D:\laragon\www\jaibangla_dv\jaibangla\vendor\laravel\framework\src\Illuminate\Foundation\Http\Middleware\TransformsRequest.php(30): Illuminate\Routing\Pipeline->Illuminate\Routing\{closure}(Object(Illuminate\Http\Request))
#9 D:\laragon\www\jaibangla_dv\jaibangla\vendor\laravel\framework\src\Illuminate\Pipeline\Pipeline.php(148): Illuminate\Foundation\Http\Middleware\TransformsRequest->handle(Object(Illuminate\Http\Request), Object(Closure))
#10 D:\laragon\www\jaibangla_dv\jaibangla\vendor\laravel\framework\src\Illuminate\Routing\Pipeline.php(53): Illuminate\Pipeline\Pipeline->Illuminate\Pipeline\{closure}(Object(Illuminate\Http\Request))
#11 D:\laragon\www\jaibangla_dv\jaibangla\vendor\laravel\framework\src\Illuminate\Foundation\Http\Middleware\ValidatePostSize.php(27): Illuminate\Routing\Pipeline->Illuminate\Routing\{closure}(Object(Illuminate\Http\Request))
#12 D:\laragon\www\jaibangla_dv\jaibangla\vendor\laravel\framework\src\Illuminate\Pipeline\Pipeline.php(148): Illuminate\Foundation\Http\Middleware\ValidatePostSize->handle(Object(Illuminate\Http\Request), Object(Closure))
#13 D:\laragon\www\jaibangla_dv\jaibangla\vendor\laravel\framework\src\Illuminate\Routing\Pipeline.php(53): Illuminate\Pipeline\Pipeline->Illuminate\Pipeline\{closure}(Object(Illuminate\Http\Request))
#14 D:\laragon\www\jaibangla_dv\jaibangla\vendor\laravel\framework\src\Illuminate\Foundation\Http\Middleware\CheckForMaintenanceMode.php(46): Illuminate\Routing\Pipeline->Illuminate\Routing\{closure}(Object(Illuminate\Http\Request))
#15 D:\laragon\www\jaibangla_dv\jaibangla\vendor\laravel\framework\src\Illuminate\Pipeline\Pipeline.php(148): Illuminate\Foundation\Http\Middleware\CheckForMaintenanceMode->handle(Object(Illuminate\Http\Request), Object(Closure))
#16 D:\laragon\www\jaibangla_dv\jaibangla\vendor\laravel\framework\src\Illuminate\Routing\Pipeline.php(53): Illuminate\Pipeline\Pipeline->Illuminate\Pipeline\{closure}(Object(Illuminate\Http\Request))
#17 D:\laragon\www\jaibangla_dv\jaibangla\vendor\laravel\framework\src\Illuminate\Pipeline\Pipeline.php(102): Illuminate\Routing\Pipeline->Illuminate\Routing\{closure}(Object(Illuminate\Http\Request))
#18 D:\laragon\www\jaibangla_dv\jaibangla\vendor\laravel\framework\src\Illuminate\Foundation\Http\Kernel.php(151): Illuminate\Pipeline\Pipeline->then(Object(Closure))
#19 D:\laragon\www\jaibangla_dv\jaibangla\vendor\laravel\framework\src\Illuminate\Foundation\Http\Kernel.php(116): Illuminate\Foundation\Http\Kernel->sendRequestThroughRouter(Object(Illuminate\Http\Request))
#20 D:\laragon\www\jaibangla_dv\index.php(53): Illuminate\Foundation\Http\Kernel->handle(Object(Illuminate\Http\Request))
#21 {main}  
[2024-12-18 04:50:55] production.ERROR: InvalidArgumentException: View [pension-view-details.pension_view_common] not found. in D:\laragon\www\jaibangla_dv\jaibangla\vendor\laravel\framework\src\Illuminate\View\FileViewFinder.php:137
Stack trace:
#0 D:\laragon\www\jaibangla_dv\jaibangla\vendor\laravel\framework\src\Illuminate\View\FileViewFinder.php(79): Illuminate\View\FileViewFinder->findInPaths('pension-view-de...', Array)
#1 D:\laragon\www\jaibangla_dv\jaibangla\vendor\laravel\framework\src\Illuminate\View\Factory.php(128): Illuminate\View\FileViewFinder->find('pension-view-de...')
#2 D:\laragon\www\jaibangla_dv\jaibangla\vendor\laravel\framework\src\Illuminate\Foundation\helpers.php(885): Illuminate\View\Factory->make('pension-view-de...', Array, Array)
#3 D:\laragon\www\jaibangla_dv\jaibangla\app\Http\Controllers\JBProcessApplicationController.php(986): view('pension-view-de...', Array)
#4 [internal function]: App\Http\Controllers\JBProcessApplicationController->showApplicantDetailsCommon(Object(Illuminate\Http\Request), '47', '17')
#5 D:\laragon\www\jaibangla_dv\jaibangla\vendor\laravel\framework\src\Illuminate\Routing\Controller.php(55): call_user_func_array(Array, Array)
#6 D:\laragon\www\jaibangla_dv\jaibangla\vendor\laravel\framework\src\Illuminate\Routing\ControllerDispatcher.php(44): Illuminate\Routing\Controller->callAction('showApplicantDe...', Array)
#7 D:\laragon\www\jaibangla_dv\jaibangla\vendor\laravel\framework\src\Illuminate\Routing\Route.php(203): Illuminate\Routing\ControllerDispatcher->dispatch(Object(Illuminate\Routing\Route), Object(App\Http\Controllers\JBProcessApplicationController), 'showApplicantDe...')
#8 D:\laragon\www\jaibangla_dv\jaibangla\vendor\laravel\framework\src\Illuminate\Routing\Route.php(160): Illuminate\Routing\Route->runController()
#9 D:\laragon\www\jaibangla_dv\jaibangla\vendor\laravel\framework\src\Illuminate\Routing\Router.php(572): Illuminate\Routing\Route->run()
#10 D:\laragon\www\jaibangla_dv\jaibangla\vendor\laravel\framework\src\Illuminate\Routing\Pipeline.php(30): Illuminate\Routing\Router->Illuminate\Routing\{closure}(Object(Illuminate\Http\Request))
#11 D:\laragon\www\jaibangla_dv\jaibangla\app\Http\Middleware\TrackPageCount.php(29): Illuminate\Routing\Pipeline->Illuminate\Routing\{closure}(Object(Illuminate\Http\Request))
#12 D:\laragon\www\jaibangla_dv\jaibangla\vendor\laravel\framework\src\Illuminate\Pipeline\Pipeline.php(148): App\Http\Middleware\TrackPageCount->handle(Object(Illuminate\Http\Request), Object(Closure))
#13 D:\laragon\www\jaibangla_dv\jaibangla\vendor\laravel\framework\src\Illuminate\Routing\Pipeline.php(53): Illuminate\Pipeline\Pipeline->Illuminate\Pipeline\{closure}(Object(Illuminate\Http\Request))
#14 D:\laragon\www\jaibangla_dv\jaibangla\vendor\laravel\framework\src\Illuminate\Routing\Middleware\SubstituteBindings.php(41): Illuminate\Routing\Pipeline->Illuminate\Routing\{closure}(Object(Illuminate\Http\Request))
#15 D:\laragon\www\jaibangla_dv\jaibangla\vendor\laravel\framework\src\Illuminate\Pipeline\Pipeline.php(148): Illuminate\Routing\Middleware\SubstituteBindings->handle(Object(Illuminate\Http\Request), Object(Closure))
#16 D:\laragon\www\jaibangla_dv\jaibangla\vendor\laravel\framework\src\Illuminate\Routing\Pipeline.php(53): Illuminate\Pipeline\Pipeline->Illuminate\Pipeline\{closure}(Object(Illuminate\Http\Request))
#17 D:\laragon\www\jaibangla_dv\jaibangla\vendor\laravel\framework\src\Illuminate\Auth\Middleware\Authenticate.php(43): Illuminate\Routing\Pipeline->Illuminate\Routing\{closure}(Object(Illuminate\Http\Request))
#18 D:\laragon\www\jaibangla_dv\jaibangla\vendor\laravel\framework\src\Illuminate\Pipeline\Pipeline.php(148): Illuminate\Auth\Middleware\Authenticate->handle(Object(Illuminate\Http\Request), Object(Closure))
#19 D:\laragon\www\jaibangla_dv\jaibangla\vendor\laravel\framework\src\Illuminate\Routing\Pipeline.php(53): Illuminate\Pipeline\Pipeline->Illuminate\Pipeline\{closure}(Object(Illuminate\Http\Request))
#20 D:\laragon\www\jaibangla_dv\jaibangla\vendor\laravel\framework\src\Illuminate\Foundation\Http\Middleware\VerifyCsrfToken.php(65): Illuminate\Routing\Pipeline->Illuminate\Routing\{closure}(Object(Illuminate\Http\Request))
#21 D:\laragon\www\jaibangla_dv\jaibangla\vendor\laravel\framework\src\Illuminate\Pipeline\Pipeline.php(148): Illuminate\Foundation\Http\Middleware\VerifyCsrfToken->handle(Object(Illuminate\Http\Request), Object(Closure))
#22 D:\laragon\www\jaibangla_dv\jaibangla\vendor\laravel\framework\src\Illuminate\Routing\Pipeline.php(53): Illuminate\Pipeline\Pipeline->Illuminate\Pipeline\{closure}(Object(Illuminate\Http\Request))
#23 D:\laragon\www\jaibangla_dv\jaibangla\vendor\laravel\framework\src\Illuminate\View\Middleware\ShareErrorsFromSession.php(49): Illuminate\Routing\Pipeline->Illuminate\Routing\{closure}(Object(Illuminate\Http\Request))
#24 D:\laragon\www\jaibangla_dv\jaibangla\vendor\laravel\framework\src\Illuminate\Pipeline\Pipeline.php(148): Illuminate\View\Middleware\ShareErrorsFromSession->handle(Object(Illuminate\Http\Request), Object(Closure))
#25 D:\laragon\www\jaibangla_dv\jaibangla\vendor\laravel\framework\src\Illuminate\Routing\Pipeline.php(53): Illuminate\Pipeline\Pipeline->Illuminate\Pipeline\{closure}(Object(Illuminate\Http\Request))
#26 D:\laragon\www\jaibangla_dv\jaibangla\vendor\laravel\framework\src\Illuminate\Session\Middleware\StartSession.php(64): Illuminate\Routing\Pipeline->Illuminate\Routing\{closure}(Object(Illuminate\Http\Request))
#27 D:\laragon\www\jaibangla_dv\jaibangla\vendor\laravel\framework\src\Illuminate\Pipeline\Pipeline.php(148): Illuminate\Session\Middleware\StartSession->handle(Object(Illuminate\Http\Request), Object(Closure))
#28 D:\laragon\www\jaibangla_dv\jaibangla\vendor\laravel\framework\src\Illuminate\Routing\Pipeline.php(53): Illuminate\Pipeline\Pipeline->Illuminate\Pipeline\{closure}(Object(Illuminate\Http\Request))
#29 D:\laragon\www\jaibangla_dv\jaibangla\vendor\laravel\framework\src\Illuminate\Cookie\Middleware\AddQueuedCookiesToResponse.php(37): Illuminate\Routing\Pipeline->Illuminate\Routing\{closure}(Object(Illuminate\Http\Request))
#30 D:\laragon\www\jaibangla_dv\jaibangla\vendor\laravel\framework\src\Illuminate\Pipeline\Pipeline.php(148): Illuminate\Cookie\Middleware\AddQueuedCookiesToResponse->handle(Object(Illuminate\Http\Request), Object(Closure))
#31 D:\laragon\www\jaibangla_dv\jaibangla\vendor\laravel\framework\src\Illuminate\Routing\Pipeline.php(53): Illuminate\Pipeline\Pipeline->Illuminate\Pipeline\{closure}(Object(Illuminate\Http\Request))
#32 D:\laragon\www\jaibangla_dv\jaibangla\vendor\laravel\framework\src\Illuminate\Cookie\Middleware\EncryptCookies.php(59): Illuminate\Routing\Pipeline->Illuminate\Routing\{closure}(Object(Illuminate\Http\Request))
#33 D:\laragon\www\jaibangla_dv\jaibangla\vendor\laravel\framework\src\Illuminate\Pipeline\Pipeline.php(148): Illuminate\Cookie\Middleware\EncryptCookies->handle(Object(Illuminate\Http\Request), Object(Closure))
#34 D:\laragon\www\jaibangla_dv\jaibangla\vendor\laravel\framework\src\Illuminate\Routing\Pipeline.php(53): Illuminate\Pipeline\Pipeline->Illuminate\Pipeline\{closure}(Object(Illuminate\Http\Request))
#35 D:\laragon\www\jaibangla_dv\jaibangla\vendor\laravel\framework\src\Illuminate\Pipeline\Pipeline.php(102): Illuminate\Routing\Pipeline->Illuminate\Routing\{closure}(Object(Illuminate\Http\Request))
#36 D:\laragon\www\jaibangla_dv\jaibangla\vendor\laravel\framework\src\Illuminate\Routing\Router.php(574): Illuminate\Pipeline\Pipeline->then(Object(Closure))
#37 D:\laragon\www\jaibangla_dv\jaibangla\vendor\laravel\framework\src\Illuminate\Routing\Router.php(533): Illuminate\Routing\Router->runRouteWithinStack(Object(Illuminate\Routing\Route), Object(Illuminate\Http\Request))
#38 D:\laragon\www\jaibangla_dv\jaibangla\vendor\laravel\framework\src\Illuminate\Routing\Router.php(511): Illuminate\Routing\Router->dispatchToRoute(Object(Illuminate\Http\Request))
#39 D:\laragon\www\jaibangla_dv\jaibangla\vendor\laravel\framework\src\Illuminate\Foundation\Http\Kernel.php(176): Illuminate\Routing\Router->dispatch(Object(Illuminate\Http\Request))
#40 D:\laragon\www\jaibangla_dv\jaibangla\vendor\laravel\framework\src\Illuminate\Routing\Pipeline.php(30): Illuminate\Foundation\Http\Kernel->Illuminate\Foundation\Http\{closure}(Object(Illuminate\Http\Request))
#41 D:\laragon\www\jaibangla_dv\jaibangla\vendor\laravel\framework\src\Illuminate\Foundation\Http\Middleware\TransformsRequest.php(30): Illuminate\Routing\Pipeline->Illuminate\Routing\{closure}(Object(Illuminate\Http\Request))
#42 D:\laragon\www\jaibangla_dv\jaibangla\vendor\laravel\framework\src\Illuminate\Pipeline\Pipeline.php(148): Illuminate\Foundation\Http\Middleware\TransformsRequest->handle(Object(Illuminate\Http\Request), Object(Closure))
#43 D:\laragon\www\jaibangla_dv\jaibangla\vendor\laravel\framework\src\Illuminate\Routing\Pipeline.php(53): Illuminate\Pipeline\Pipeline->Illuminate\Pipeline\{closure}(Object(Illuminate\Http\Request))
#44 D:\laragon\www\jaibangla_dv\jaibangla\vendor\laravel\framework\src\Illuminate\Foundation\Http\Middleware\TransformsRequest.php(30): Illuminate\Routing\Pipeline->Illuminate\Routing\{closure}(Object(Illuminate\Http\Request))
#45 D:\laragon\www\jaibangla_dv\jaibangla\vendor\laravel\framework\src\Illuminate\Pipeline\Pipeline.php(148): Illuminate\Foundation\Http\Middleware\TransformsRequest->handle(Object(Illuminate\Http\Request), Object(Closure))
#46 D:\laragon\www\jaibangla_dv\jaibangla\vendor\laravel\framework\src\Illuminate\Routing\Pipeline.php(53): Illuminate\Pipeline\Pipeline->Illuminate\Pipeline\{closure}(Object(Illuminate\Http\Request))
#47 D:\laragon\www\jaibangla_dv\jaibangla\vendor\laravel\framework\src\Illuminate\Foundation\Http\Middleware\ValidatePostSize.php(27): Illuminate\Routing\Pipeline->Illuminate\Routing\{closure}(Object(Illuminate\Http\Request))
#48 D:\laragon\www\jaibangla_dv\jaibangla\vendor\laravel\framework\src\Illuminate\Pipeline\Pipeline.php(148): Illuminate\Foundation\Http\Middleware\ValidatePostSize->handle(Object(Illuminate\Http\Request), Object(Closure))
#49 D:\laragon\www\jaibangla_dv\jaibangla\vendor\laravel\framework\src\Illuminate\Routing\Pipeline.php(53): Illuminate\Pipeline\Pipeline->Illuminate\Pipeline\{closure}(Object(Illuminate\Http\Request))
#50 D:\laragon\www\jaibangla_dv\jaibangla\vendor\laravel\framework\src\Illuminate\Foundation\Http\Middleware\CheckForMaintenanceMode.php(46): Illuminate\Routing\Pipeline->Illuminate\Routing\{closure}(Object(Illuminate\Http\Request))
#51 D:\laragon\www\jaibangla_dv\jaibangla\vendor\laravel\framework\src\Illuminate\Pipeline\Pipeline.php(148): Illuminate\Foundation\Http\Middleware\CheckForMaintenanceMode->handle(Object(Illuminate\Http\Request), Object(Closure))
#52 D:\laragon\www\jaibangla_dv\jaibangla\vendor\laravel\framework\src\Illuminate\Routing\Pipeline.php(53): Illuminate\Pipeline\Pipeline->Illuminate\Pipeline\{closure}(Object(Illuminate\Http\Request))
#53 D:\laragon\www\jaibangla_dv\jaibangla\vendor\laravel\framework\src\Illuminate\Pipeline\Pipeline.php(102): Illuminate\Routing\Pipeline->Illuminate\Routing\{closure}(Object(Illuminate\Http\Request))
#54 D:\laragon\www\jaibangla_dv\jaibangla\vendor\laravel\framework\src\Illuminate\Foundation\Http\Kernel.php(151): Illuminate\Pipeline\Pipeline->then(Object(Closure))
#55 D:\laragon\www\jaibangla_dv\jaibangla\vendor\laravel\framework\src\Illuminate\Foundation\Http\Kernel.php(116): Illuminate\Foundation\Http\Kernel->sendRequestThroughRouter(Object(Illuminate\Http\Request))
#56 D:\laragon\www\jaibangla_dv\index.php(53): Illuminate\Foundation\Http\Kernel->handle(Object(Illuminate\Http\Request))
#57 {main}  
[2024-12-18 04:53:24] production.ERROR: InvalidArgumentException: View [JBProcessApplication.pension_view_details] not found. in D:\laragon\www\jaibangla_dv\jaibangla\vendor\laravel\framework\src\Illuminate\View\FileViewFinder.php:137
Stack trace:
#0 D:\laragon\www\jaibangla_dv\jaibangla\vendor\laravel\framework\src\Illuminate\View\FileViewFinder.php(79): Illuminate\View\FileViewFinder->findInPaths('JBProcessApplic...', Array)
#1 D:\laragon\www\jaibangla_dv\jaibangla\vendor\laravel\framework\src\Illuminate\View\Factory.php(128): Illuminate\View\FileViewFinder->find('JBProcessApplic...')
#2 D:\laragon\www\jaibangla_dv\jaibangla\storage\framework\views\0d34c288b4683bdc33b71c9ec48a768027506d47.php(59): Illuminate\View\Factory->make('JBProcessApplic...', Array)
#3 D:\laragon\www\jaibangla_dv\jaibangla\vendor\laravel\framework\src\Illuminate\View\Engines\PhpEngine.php(42): include('D:\\laragon\\www\\...')
#4 D:\laragon\www\jaibangla_dv\jaibangla\vendor\laravel\framework\src\Illuminate\View\Engines\CompilerEngine.php(59): Illuminate\View\Engines\PhpEngine->evaluatePath('D:\\laragon\\www\\...', Array)
#5 D:\laragon\www\jaibangla_dv\jaibangla\vendor\laravel\framework\src\Illuminate\View\View.php(137): Illuminate\View\Engines\CompilerEngine->get('D:\\laragon\\www\\...', Array)
#6 D:\laragon\www\jaibangla_dv\jaibangla\vendor\laravel\framework\src\Illuminate\View\View.php(120): Illuminate\View\View->getContents()
#7 D:\laragon\www\jaibangla_dv\jaibangla\vendor\laravel\framework\src\Illuminate\View\View.php(85): Illuminate\View\View->renderContents()
#8 D:\laragon\www\jaibangla_dv\jaibangla\vendor\laravel\framework\src\Illuminate\Http\Response.php(38): Illuminate\View\View->render()
#9 D:\laragon\www\jaibangla_dv\jaibangla\vendor\symfony\http-foundation\Response.php(206): Illuminate\Http\Response->setContent(Object(Illuminate\View\View))
#10 D:\laragon\www\jaibangla_dv\jaibangla\vendor\laravel\framework\src\Illuminate\Routing\Router.php(615): Symfony\Component\HttpFoundation\Response->__construct(Object(Illuminate\View\View))
#11 D:\laragon\www\jaibangla_dv\jaibangla\vendor\laravel\framework\src\Illuminate\Routing\Router.php(572): Illuminate\Routing\Router->prepareResponse(Object(Illuminate\Http\Request), Object(Illuminate\View\View))
#12 D:\laragon\www\jaibangla_dv\jaibangla\vendor\laravel\framework\src\Illuminate\Routing\Pipeline.php(30): Illuminate\Routing\Router->Illuminate\Routing\{closure}(Object(Illuminate\Http\Request))
#13 D:\laragon\www\jaibangla_dv\jaibangla\app\Http\Middleware\TrackPageCount.php(29): Illuminate\Routing\Pipeline->Illuminate\Routing\{closure}(Object(Illuminate\Http\Request))
#14 D:\laragon\www\jaibangla_dv\jaibangla\vendor\laravel\framework\src\Illuminate\Pipeline\Pipeline.php(148): App\Http\Middleware\TrackPageCount->handle(Object(Illuminate\Http\Request), Object(Closure))
#15 D:\laragon\www\jaibangla_dv\jaibangla\vendor\laravel\framework\src\Illuminate\Routing\Pipeline.php(53): Illuminate\Pipeline\Pipeline->Illuminate\Pipeline\{closure}(Object(Illuminate\Http\Request))
#16 D:\laragon\www\jaibangla_dv\jaibangla\vendor\laravel\framework\src\Illuminate\Routing\Middleware\SubstituteBindings.php(41): Illuminate\Routing\Pipeline->Illuminate\Routing\{closure}(Object(Illuminate\Http\Request))
#17 D:\laragon\www\jaibangla_dv\jaibangla\vendor\laravel\framework\src\Illuminate\Pipeline\Pipeline.php(148): Illuminate\Routing\Middleware\SubstituteBindings->handle(Object(Illuminate\Http\Request), Object(Closure))
#18 D:\laragon\www\jaibangla_dv\jaibangla\vendor\laravel\framework\src\Illuminate\Routing\Pipeline.php(53): Illuminate\Pipeline\Pipeline->Illuminate\Pipeline\{closure}(Object(Illuminate\Http\Request))
#19 D:\laragon\www\jaibangla_dv\jaibangla\vendor\laravel\framework\src\Illuminate\Auth\Middleware\Authenticate.php(43): Illuminate\Routing\Pipeline->Illuminate\Routing\{closure}(Object(Illuminate\Http\Request))
#20 D:\laragon\www\jaibangla_dv\jaibangla\vendor\laravel\framework\src\Illuminate\Pipeline\Pipeline.php(148): Illuminate\Auth\Middleware\Authenticate->handle(Object(Illuminate\Http\Request), Object(Closure))
#21 D:\laragon\www\jaibangla_dv\jaibangla\vendor\laravel\framework\src\Illuminate\Routing\Pipeline.php(53): Illuminate\Pipeline\Pipeline->Illuminate\Pipeline\{closure}(Object(Illuminate\Http\Request))
#22 D:\laragon\www\jaibangla_dv\jaibangla\vendor\laravel\framework\src\Illuminate\Foundation\Http\Middleware\VerifyCsrfToken.php(65): Illuminate\Routing\Pipeline->Illuminate\Routing\{closure}(Object(Illuminate\Http\Request))
#23 D:\laragon\www\jaibangla_dv\jaibangla\vendor\laravel\framework\src\Illuminate\Pipeline\Pipeline.php(148): Illuminate\Foundation\Http\Middleware\VerifyCsrfToken->handle(Object(Illuminate\Http\Request), Object(Closure))
#24 D:\laragon\www\jaibangla_dv\jaibangla\vendor\laravel\framework\src\Illuminate\Routing\Pipeline.php(53): Illuminate\Pipeline\Pipeline->Illuminate\Pipeline\{closure}(Object(Illuminate\Http\Request))
#25 D:\laragon\www\jaibangla_dv\jaibangla\vendor\laravel\framework\src\Illuminate\View\Middleware\ShareErrorsFromSession.php(49): Illuminate\Routing\Pipeline->Illuminate\Routing\{closure}(Object(Illuminate\Http\Request))
#26 D:\laragon\www\jaibangla_dv\jaibangla\vendor\laravel\framework\src\Illuminate\Pipeline\Pipeline.php(148): Illuminate\View\Middleware\ShareErrorsFromSession->handle(Object(Illuminate\Http\Request), Object(Closure))
#27 D:\laragon\www\jaibangla_dv\jaibangla\vendor\laravel\framework\src\Illuminate\Routing\Pipeline.php(53): Illuminate\Pipeline\Pipeline->Illuminate\Pipeline\{closure}(Object(Illuminate\Http\Request))
#28 D:\laragon\www\jaibangla_dv\jaibangla\vendor\laravel\framework\src\Illuminate\Session\Middleware\StartSession.php(64): Illuminate\Routing\Pipeline->Illuminate\Routing\{closure}(Object(Illuminate\Http\Request))
#29 D:\laragon\www\jaibangla_dv\jaibangla\vendor\laravel\framework\src\Illuminate\Pipeline\Pipeline.php(148): Illuminate\Session\Middleware\StartSession->handle(Object(Illuminate\Http\Request), Object(Closure))
#30 D:\laragon\www\jaibangla_dv\jaibangla\vendor\laravel\framework\src\Illuminate\Routing\Pipeline.php(53): Illuminate\Pipeline\Pipeline->Illuminate\Pipeline\{closure}(Object(Illuminate\Http\Request))
#31 D:\laragon\www\jaibangla_dv\jaibangla\vendor\laravel\framework\src\Illuminate\Cookie\Middleware\AddQueuedCookiesToResponse.php(37): Illuminate\Routing\Pipeline->Illuminate\Routing\{closure}(Object(Illuminate\Http\Request))
#32 D:\laragon\www\jaibangla_dv\jaibangla\vendor\laravel\framework\src\Illuminate\Pipeline\Pipeline.php(148): Illuminate\Cookie\Middleware\AddQueuedCookiesToResponse->handle(Object(Illuminate\Http\Request), Object(Closure))
#33 D:\laragon\www\jaibangla_dv\jaibangla\vendor\laravel\framework\src\Illuminate\Routing\Pipeline.php(53): Illuminate\Pipeline\Pipeline->Illuminate\Pipeline\{closure}(Object(Illuminate\Http\Request))
#34 D:\laragon\www\jaibangla_dv\jaibangla\vendor\laravel\framework\src\Illuminate\Cookie\Middleware\EncryptCookies.php(59): Illuminate\Routing\Pipeline->Illuminate\Routing\{closure}(Object(Illuminate\Http\Request))
#35 D:\laragon\www\jaibangla_dv\jaibangla\vendor\laravel\framework\src\Illuminate\Pipeline\Pipeline.php(148): Illuminate\Cookie\Middleware\EncryptCookies->handle(Object(Illuminate\Http\Request), Object(Closure))
#36 D:\laragon\www\jaibangla_dv\jaibangla\vendor\laravel\framework\src\Illuminate\Routing\Pipeline.php(53): Illuminate\Pipeline\Pipeline->Illuminate\Pipeline\{closure}(Object(Illuminate\Http\Request))
#37 D:\laragon\www\jaibangla_dv\jaibangla\vendor\laravel\framework\src\Illuminate\Pipeline\Pipeline.php(102): Illuminate\Routing\Pipeline->Illuminate\Routing\{closure}(Object(Illuminate\Http\Request))
#38 D:\laragon\www\jaibangla_dv\jaibangla\vendor\laravel\framework\src\Illuminate\Routing\Router.php(574): Illuminate\Pipeline\Pipeline->then(Object(Closure))
#39 D:\laragon\www\jaibangla_dv\jaibangla\vendor\laravel\framework\src\Illuminate\Routing\Router.php(533): Illuminate\Routing\Router->runRouteWithinStack(Object(Illuminate\Routing\Route), Object(Illuminate\Http\Request))
#40 D:\laragon\www\jaibangla_dv\jaibangla\vendor\laravel\framework\src\Illuminate\Routing\Router.php(511): Illuminate\Routing\Router->dispatchToRoute(Object(Illuminate\Http\Request))
#41 D:\laragon\www\jaibangla_dv\jaibangla\vendor\laravel\framework\src\Illuminate\Foundation\Http\Kernel.php(176): Illuminate\Routing\Router->dispatch(Object(Illuminate\Http\Request))
#42 D:\laragon\www\jaibangla_dv\jaibangla\vendor\laravel\framework\src\Illuminate\Routing\Pipeline.php(30): Illuminate\Foundation\Http\Kernel->Illuminate\Foundation\Http\{closure}(Object(Illuminate\Http\Request))
#43 D:\laragon\www\jaibangla_dv\jaibangla\vendor\laravel\framework\src\Illuminate\Foundation\Http\Middleware\TransformsRequest.php(30): Illuminate\Routing\Pipeline->Illuminate\Routing\{closure}(Object(Illuminate\Http\Request))
#44 D:\laragon\www\jaibangla_dv\jaibangla\vendor\laravel\framework\src\Illuminate\Pipeline\Pipeline.php(148): Illuminate\Foundation\Http\Middleware\TransformsRequest->handle(Object(Illuminate\Http\Request), Object(Closure))
#45 D:\laragon\www\jaibangla_dv\jaibangla\vendor\laravel\framework\src\Illuminate\Routing\Pipeline.php(53): Illuminate\Pipeline\Pipeline->Illuminate\Pipeline\{closure}(Object(Illuminate\Http\Request))
#46 D:\laragon\www\jaibangla_dv\jaibangla\vendor\laravel\framework\src\Illuminate\Foundation\Http\Middleware\TransformsRequest.php(30): Illuminate\Routing\Pipeline->Illuminate\Routing\{closure}(Object(Illuminate\Http\Request))
#47 D:\laragon\www\jaibangla_dv\jaibangla\vendor\laravel\framework\src\Illuminate\Pipeline\Pipeline.php(148): Illuminate\Foundation\Http\Middleware\TransformsRequest->handle(Object(Illuminate\Http\Request), Object(Closure))
#48 D:\laragon\www\jaibangla_dv\jaibangla\vendor\laravel\framework\src\Illuminate\Routing\Pipeline.php(53): Illuminate\Pipeline\Pipeline->Illuminate\Pipeline\{closure}(Object(Illuminate\Http\Request))
#49 D:\laragon\www\jaibangla_dv\jaibangla\vendor\laravel\framework\src\Illuminate\Foundation\Http\Middleware\ValidatePostSize.php(27): Illuminate\Routing\Pipeline->Illuminate\Routing\{closure}(Object(Illuminate\Http\Request))
#50 D:\laragon\www\jaibangla_dv\jaibangla\vendor\laravel\framework\src\Illuminate\Pipeline\Pipeline.php(148): Illuminate\Foundation\Http\Middleware\ValidatePostSize->handle(Object(Illuminate\Http\Request), Object(Closure))
#51 D:\laragon\www\jaibangla_dv\jaibangla\vendor\laravel\framework\src\Illuminate\Routing\Pipeline.php(53): Illuminate\Pipeline\Pipeline->Illuminate\Pipeline\{closure}(Object(Illuminate\Http\Request))
#52 D:\laragon\www\jaibangla_dv\jaibangla\vendor\laravel\framework\src\Illuminate\Foundation\Http\Middleware\CheckForMaintenanceMode.php(46): Illuminate\Routing\Pipeline->Illuminate\Routing\{closure}(Object(Illuminate\Http\Request))
#53 D:\laragon\www\jaibangla_dv\jaibangla\vendor\laravel\framework\src\Illuminate\Pipeline\Pipeline.php(148): Illuminate\Foundation\Http\Middleware\CheckForMaintenanceMode->handle(Object(Illuminate\Http\Request), Object(Closure))
#54 D:\laragon\www\jaibangla_dv\jaibangla\vendor\laravel\framework\src\Illuminate\Routing\Pipeline.php(53): Illuminate\Pipeline\Pipeline->Illuminate\Pipeline\{closure}(Object(Illuminate\Http\Request))
#55 D:\laragon\www\jaibangla_dv\jaibangla\vendor\laravel\framework\src\Illuminate\Pipeline\Pipeline.php(102): Illuminate\Routing\Pipeline->Illuminate\Routing\{closure}(Object(Illuminate\Http\Request))
#56 D:\laragon\www\jaibangla_dv\jaibangla\vendor\laravel\framework\src\Illuminate\Foundation\Http\Kernel.php(151): Illuminate\Pipeline\Pipeline->then(Object(Closure))
#57 D:\laragon\www\jaibangla_dv\jaibangla\vendor\laravel\framework\src\Illuminate\Foundation\Http\Kernel.php(116): Illuminate\Foundation\Http\Kernel->sendRequestThroughRouter(Object(Illuminate\Http\Request))
#58 D:\laragon\www\jaibangla_dv\index.php(53): Illuminate\Foundation\Http\Kernel->handle(Object(Illuminate\Http\Request))
#59 {main}

Next ErrorException: View [JBProcessApplication.pension_view_details] not found. (View: D:\laragon\www\jaibangla_dv\jaibangla\resources\views\pension-details-view\pension_view_common.blade.php) in D:\laragon\www\jaibangla_dv\jaibangla\vendor\laravel\framework\src\Illuminate\View\FileViewFinder.php:137
Stack trace:
#0 D:\laragon\www\jaibangla_dv\jaibangla\vendor\laravel\framework\src\Illuminate\View\Engines\PhpEngine.php(44): Illuminate\View\Engines\CompilerEngine->handleViewException(Object(InvalidArgumentException), 1)
#1 D:\laragon\www\jaibangla_dv\jaibangla\vendor\laravel\framework\src\Illuminate\View\Engines\CompilerEngine.php(59): Illuminate\View\Engines\PhpEngine->evaluatePath('D:\\laragon\\www\\...', Array)
#2 D:\laragon\www\jaibangla_dv\jaibangla\vendor\laravel\framework\src\Illuminate\View\View.php(137): Illuminate\View\Engines\CompilerEngine->get('D:\\laragon\\www\\...', Array)
#3 D:\laragon\www\jaibangla_dv\jaibangla\vendor\laravel\framework\src\Illuminate\View\View.php(120): Illuminate\View\View->getContents()
#4 D:\laragon\www\jaibangla_dv\jaibangla\vendor\laravel\framework\src\Illuminate\View\View.php(85): Illuminate\View\View->renderContents()
#5 D:\laragon\www\jaibangla_dv\jaibangla\vendor\laravel\framework\src\Illuminate\Http\Response.php(38): Illuminate\View\View->render()
#6 D:\laragon\www\jaibangla_dv\jaibangla\vendor\symfony\http-foundation\Response.php(206): Illuminate\Http\Response->setContent(Object(Illuminate\View\View))
#7 D:\laragon\www\jaibangla_dv\jaibangla\vendor\laravel\framework\src\Illuminate\Routing\Router.php(615): Symfony\Component\HttpFoundation\Response->__construct(Object(Illuminate\View\View))
#8 D:\laragon\www\jaibangla_dv\jaibangla\vendor\laravel\framework\src\Illuminate\Routing\Router.php(572): Illuminate\Routing\Router->prepareResponse(Object(Illuminate\Http\Request), Object(Illuminate\View\View))
#9 D:\laragon\www\jaibangla_dv\jaibangla\vendor\laravel\framework\src\Illuminate\Routing\Pipeline.php(30): Illuminate\Routing\Router->Illuminate\Routing\{closure}(Object(Illuminate\Http\Request))
#10 D:\laragon\www\jaibangla_dv\jaibangla\app\Http\Middleware\TrackPageCount.php(29): Illuminate\Routing\Pipeline->Illuminate\Routing\{closure}(Object(Illuminate\Http\Request))
#11 D:\laragon\www\jaibangla_dv\jaibangla\vendor\laravel\framework\src\Illuminate\Pipeline\Pipeline.php(148): App\Http\Middleware\TrackPageCount->handle(Object(Illuminate\Http\Request), Object(Closure))
#12 D:\laragon\www\jaibangla_dv\jaibangla\vendor\laravel\framework\src\Illuminate\Routing\Pipeline.php(53): Illuminate\Pipeline\Pipeline->Illuminate\Pipeline\{closure}(Object(Illuminate\Http\Request))
#13 D:\laragon\www\jaibangla_dv\jaibangla\vendor\laravel\framework\src\Illuminate\Routing\Middleware\SubstituteBindings.php(41): Illuminate\Routing\Pipeline->Illuminate\Routing\{closure}(Object(Illuminate\Http\Request))
#14 D:\laragon\www\jaibangla_dv\jaibangla\vendor\laravel\framework\src\Illuminate\Pipeline\Pipeline.php(148): Illuminate\Routing\Middleware\SubstituteBindings->handle(Object(Illuminate\Http\Request), Object(Closure))
#15 D:\laragon\www\jaibangla_dv\jaibangla\vendor\laravel\framework\src\Illuminate\Routing\Pipeline.php(53): Illuminate\Pipeline\Pipeline->Illuminate\Pipeline\{closure}(Object(Illuminate\Http\Request))
#16 D:\laragon\www\jaibangla_dv\jaibangla\vendor\laravel\framework\src\Illuminate\Auth\Middleware\Authenticate.php(43): Illuminate\Routing\Pipeline->Illuminate\Routing\{closure}(Object(Illuminate\Http\Request))
#17 D:\laragon\www\jaibangla_dv\jaibangla\vendor\laravel\framework\src\Illuminate\Pipeline\Pipeline.php(148): Illuminate\Auth\Middleware\Authenticate->handle(Object(Illuminate\Http\Request), Object(Closure))
#18 D:\laragon\www\jaibangla_dv\jaibangla\vendor\laravel\framework\src\Illuminate\Routing\Pipeline.php(53): Illuminate\Pipeline\Pipeline->Illuminate\Pipeline\{closure}(Object(Illuminate\Http\Request))
#19 D:\laragon\www\jaibangla_dv\jaibangla\vendor\laravel\framework\src\Illuminate\Foundation\Http\Middleware\VerifyCsrfToken.php(65): Illuminate\Routing\Pipeline->Illuminate\Routing\{closure}(Object(Illuminate\Http\Request))
#20 D:\laragon\www\jaibangla_dv\jaibangla\vendor\laravel\framework\src\Illuminate\Pipeline\Pipeline.php(148): Illuminate\Foundation\Http\Middleware\VerifyCsrfToken->handle(Object(Illuminate\Http\Request), Object(Closure))
#21 D:\laragon\www\jaibangla_dv\jaibangla\vendor\laravel\framework\src\Illuminate\Routing\Pipeline.php(53): Illuminate\Pipeline\Pipeline->Illuminate\Pipeline\{closure}(Object(Illuminate\Http\Request))
#22 D:\laragon\www\jaibangla_dv\jaibangla\vendor\laravel\framework\src\Illuminate\View\Middleware\ShareErrorsFromSession.php(49): Illuminate\Routing\Pipeline->Illuminate\Routing\{closure}(Object(Illuminate\Http\Request))
#23 D:\laragon\www\jaibangla_dv\jaibangla\vendor\laravel\framework\src\Illuminate\Pipeline\Pipeline.php(148): Illuminate\View\Middleware\ShareErrorsFromSession->handle(Object(Illuminate\Http\Request), Object(Closure))
#24 D:\laragon\www\jaibangla_dv\jaibangla\vendor\laravel\framework\src\Illuminate\Routing\Pipeline.php(53): Illuminate\Pipeline\Pipeline->Illuminate\Pipeline\{closure}(Object(Illuminate\Http\Request))
#25 D:\laragon\www\jaibangla_dv\jaibangla\vendor\laravel\framework\src\Illuminate\Session\Middleware\StartSession.php(64): Illuminate\Routing\Pipeline->Illuminate\Routing\{closure}(Object(Illuminate\Http\Request))
#26 D:\laragon\www\jaibangla_dv\jaibangla\vendor\laravel\framework\src\Illuminate\Pipeline\Pipeline.php(148): Illuminate\Session\Middleware\StartSession->handle(Object(Illuminate\Http\Request), Object(Closure))
#27 D:\laragon\www\jaibangla_dv\jaibangla\vendor\laravel\framework\src\Illuminate\Routing\Pipeline.php(53): Illuminate\Pipeline\Pipeline->Illuminate\Pipeline\{closure}(Object(Illuminate\Http\Request))
#28 D:\laragon\www\jaibangla_dv\jaibangla\vendor\laravel\framework\src\Illuminate\Cookie\Middleware\AddQueuedCookiesToResponse.php(37): Illuminate\Routing\Pipeline->Illuminate\Routing\{closure}(Object(Illuminate\Http\Request))
#29 D:\laragon\www\jaibangla_dv\jaibangla\vendor\laravel\framework\src\Illuminate\Pipeline\Pipeline.php(148): Illuminate\Cookie\Middleware\AddQueuedCookiesToResponse->handle(Object(Illuminate\Http\Request), Object(Closure))
#30 D:\laragon\www\jaibangla_dv\jaibangla\vendor\laravel\framework\src\Illuminate\Routing\Pipeline.php(53): Illuminate\Pipeline\Pipeline->Illuminate\Pipeline\{closure}(Object(Illuminate\Http\Request))
#31 D:\laragon\www\jaibangla_dv\jaibangla\vendor\laravel\framework\src\Illuminate\Cookie\Middleware\EncryptCookies.php(59): Illuminate\Routing\Pipeline->Illuminate\Routing\{closure}(Object(Illuminate\Http\Request))
#32 D:\laragon\www\jaibangla_dv\jaibangla\vendor\laravel\framework\src\Illuminate\Pipeline\Pipeline.php(148): Illuminate\Cookie\Middleware\EncryptCookies->handle(Object(Illuminate\Http\Request), Object(Closure))
#33 D:\laragon\www\jaibangla_dv\jaibangla\vendor\laravel\framework\src\Illuminate\Routing\Pipeline.php(53): Illuminate\Pipeline\Pipeline->Illuminate\Pipeline\{closure}(Object(Illuminate\Http\Request))
#34 D:\laragon\www\jaibangla_dv\jaibangla\vendor\laravel\framework\src\Illuminate\Pipeline\Pipeline.php(102): Illuminate\Routing\Pipeline->Illuminate\Routing\{closure}(Object(Illuminate\Http\Request))
#35 D:\laragon\www\jaibangla_dv\jaibangla\vendor\laravel\framework\src\Illuminate\Routing\Router.php(574): Illuminate\Pipeline\Pipeline->then(Object(Closure))
#36 D:\laragon\www\jaibangla_dv\jaibangla\vendor\laravel\framework\src\Illuminate\Routing\Router.php(533): Illuminate\Routing\Router->runRouteWithinStack(Object(Illuminate\Routing\Route), Object(Illuminate\Http\Request))
#37 D:\laragon\www\jaibangla_dv\jaibangla\vendor\laravel\framework\src\Illuminate\Routing\Router.php(511): Illuminate\Routing\Router->dispatchToRoute(Object(Illuminate\Http\Request))
#38 D:\laragon\www\jaibangla_dv\jaibangla\vendor\laravel\framework\src\Illuminate\Foundation\Http\Kernel.php(176): Illuminate\Routing\Router->dispatch(Object(Illuminate\Http\Request))
#39 D:\laragon\www\jaibangla_dv\jaibangla\vendor\laravel\framework\src\Illuminate\Routing\Pipeline.php(30): Illuminate\Foundation\Http\Kernel->Illuminate\Foundation\Http\{closure}(Object(Illuminate\Http\Request))
#40 D:\laragon\www\jaibangla_dv\jaibangla\vendor\laravel\framework\src\Illuminate\Foundation\Http\Middleware\TransformsRequest.php(30): Illuminate\Routing\Pipeline->Illuminate\Routing\{closure}(Object(Illuminate\Http\Request))
#41 D:\laragon\www\jaibangla_dv\jaibangla\vendor\laravel\framework\src\Illuminate\Pipeline\Pipeline.php(148): Illuminate\Foundation\Http\Middleware\TransformsRequest->handle(Object(Illuminate\Http\Request), Object(Closure))
#42 D:\laragon\www\jaibangla_dv\jaibangla\vendor\laravel\framework\src\Illuminate\Routing\Pipeline.php(53): Illuminate\Pipeline\Pipeline->Illuminate\Pipeline\{closure}(Object(Illuminate\Http\Request))
#43 D:\laragon\www\jaibangla_dv\jaibangla\vendor\laravel\framework\src\Illuminate\Foundation\Http\Middleware\TransformsRequest.php(30): Illuminate\Routing\Pipeline->Illuminate\Routing\{closure}(Object(Illuminate\Http\Request))
#44 D:\laragon\www\jaibangla_dv\jaibangla\vendor\laravel\framework\src\Illuminate\Pipeline\Pipeline.php(148): Illuminate\Foundation\Http\Middleware\TransformsRequest->handle(Object(Illuminate\Http\Request), Object(Closure))
#45 D:\laragon\www\jaibangla_dv\jaibangla\vendor\laravel\framework\src\Illuminate\Routing\Pipeline.php(53): Illuminate\Pipeline\Pipeline->Illuminate\Pipeline\{closure}(Object(Illuminate\Http\Request))
#46 D:\laragon\www\jaibangla_dv\jaibangla\vendor\laravel\framework\src\Illuminate\Foundation\Http\Middleware\ValidatePostSize.php(27): Illuminate\Routing\Pipeline->Illuminate\Routing\{closure}(Object(Illuminate\Http\Request))
#47 D:\laragon\www\jaibangla_dv\jaibangla\vendor\laravel\framework\src\Illuminate\Pipeline\Pipeline.php(148): Illuminate\Foundation\Http\Middleware\ValidatePostSize->handle(Object(Illuminate\Http\Request), Object(Closure))
#48 D:\laragon\www\jaibangla_dv\jaibangla\vendor\laravel\framework\src\Illuminate\Routing\Pipeline.php(53): Illuminate\Pipeline\Pipeline->Illuminate\Pipeline\{closure}(Object(Illuminate\Http\Request))
#49 D:\laragon\www\jaibangla_dv\jaibangla\vendor\laravel\framework\src\Illuminate\Foundation\Http\Middleware\CheckForMaintenanceMode.php(46): Illuminate\Routing\Pipeline->Illuminate\Routing\{closure}(Object(Illuminate\Http\Request))
#50 D:\laragon\www\jaibangla_dv\jaibangla\vendor\laravel\framework\src\Illuminate\Pipeline\Pipeline.php(148): Illuminate\Foundation\Http\Middleware\CheckForMaintenanceMode->handle(Object(Illuminate\Http\Request), Object(Closure))
#51 D:\laragon\www\jaibangla_dv\jaibangla\vendor\laravel\framework\src\Illuminate\Routing\Pipeline.php(53): Illuminate\Pipeline\Pipeline->Illuminate\Pipeline\{closure}(Object(Illuminate\Http\Request))
#52 D:\laragon\www\jaibangla_dv\jaibangla\vendor\laravel\framework\src\Illuminate\Pipeline\Pipeline.php(102): Illuminate\Routing\Pipeline->Illuminate\Routing\{closure}(Object(Illuminate\Http\Request))
#53 D:\laragon\www\jaibangla_dv\jaibangla\vendor\laravel\framework\src\Illuminate\Foundation\Http\Kernel.php(151): Illuminate\Pipeline\Pipeline->then(Object(Closure))
#54 D:\laragon\www\jaibangla_dv\jaibangla\vendor\laravel\framework\src\Illuminate\Foundation\Http\Kernel.php(116): Illuminate\Foundation\Http\Kernel->sendRequestThroughRouter(Object(Illuminate\Http\Request))
#55 D:\laragon\www\jaibangla_dv\index.php(53): Illuminate\Foundation\Http\Kernel->handle(Object(Illuminate\Http\Request))
#56 {main}  
[2024-12-18 04:57:41] production.ERROR: InvalidArgumentException: View [JBProcessApplication.pension_view_details_common] not found. in D:\laragon\www\jaibangla_dv\jaibangla\vendor\laravel\framework\src\Illuminate\View\FileViewFinder.php:137
Stack trace:
#0 D:\laragon\www\jaibangla_dv\jaibangla\vendor\laravel\framework\src\Illuminate\View\FileViewFinder.php(79): Illuminate\View\FileViewFinder->findInPaths('JBProcessApplic...', Array)
#1 D:\laragon\www\jaibangla_dv\jaibangla\vendor\laravel\framework\src\Illuminate\View\Factory.php(128): Illuminate\View\FileViewFinder->find('JBProcessApplic...')
#2 D:\laragon\www\jaibangla_dv\jaibangla\storage\framework\views\d7a184fbc476d9ba1623f1c7f4ccbb74c47bd814.php(166): Illuminate\View\Factory->make('JBProcessApplic...', Array)
#3 D:\laragon\www\jaibangla_dv\jaibangla\vendor\laravel\framework\src\Illuminate\View\Engines\PhpEngine.php(42): include('D:\\laragon\\www\\...')
#4 D:\laragon\www\jaibangla_dv\jaibangla\vendor\laravel\framework\src\Illuminate\View\Engines\CompilerEngine.php(59): Illuminate\View\Engines\PhpEngine->evaluatePath('D:\\laragon\\www\\...', Array)
#5 D:\laragon\www\jaibangla_dv\jaibangla\vendor\laravel\framework\src\Illuminate\View\View.php(137): Illuminate\View\Engines\CompilerEngine->get('D:\\laragon\\www\\...', Array)
#6 D:\laragon\www\jaibangla_dv\jaibangla\vendor\laravel\framework\src\Illuminate\View\View.php(120): Illuminate\View\View->getContents()
#7 D:\laragon\www\jaibangla_dv\jaibangla\vendor\laravel\framework\src\Illuminate\View\View.php(85): Illuminate\View\View->renderContents()
#8 D:\laragon\www\jaibangla_dv\jaibangla\storage\framework\views\0d34c288b4683bdc33b71c9ec48a768027506d47.php(59): Illuminate\View\View->render()
#9 D:\laragon\www\jaibangla_dv\jaibangla\vendor\laravel\framework\src\Illuminate\View\Engines\PhpEngine.php(42): include('D:\\laragon\\www\\...')
#10 D:\laragon\www\jaibangla_dv\jaibangla\vendor\laravel\framework\src\Illuminate\View\Engines\CompilerEngine.php(59): Illuminate\View\Engines\PhpEngine->evaluatePath('D:\\laragon\\www\\...', Array)
#11 D:\laragon\www\jaibangla_dv\jaibangla\vendor\laravel\framework\src\Illuminate\View\View.php(137): Illuminate\View\Engines\CompilerEngine->get('D:\\laragon\\www\\...', Array)
#12 D:\laragon\www\jaibangla_dv\jaibangla\vendor\laravel\framework\src\Illuminate\View\View.php(120): Illuminate\View\View->getContents()
#13 D:\laragon\www\jaibangla_dv\jaibangla\vendor\laravel\framework\src\Illuminate\View\View.php(85): Illuminate\View\View->renderContents()
#14 D:\laragon\www\jaibangla_dv\jaibangla\vendor\laravel\framework\src\Illuminate\Http\Response.php(38): Illuminate\View\View->render()
#15 D:\laragon\www\jaibangla_dv\jaibangla\vendor\symfony\http-foundation\Response.php(206): Illuminate\Http\Response->setContent(Object(Illuminate\View\View))
#16 D:\laragon\www\jaibangla_dv\jaibangla\vendor\laravel\framework\src\Illuminate\Routing\Router.php(615): Symfony\Component\HttpFoundation\Response->__construct(Object(Illuminate\View\View))
#17 D:\laragon\www\jaibangla_dv\jaibangla\vendor\laravel\framework\src\Illuminate\Routing\Router.php(572): Illuminate\Routing\Router->prepareResponse(Object(Illuminate\Http\Request), Object(Illuminate\View\View))
#18 D:\laragon\www\jaibangla_dv\jaibangla\vendor\laravel\framework\src\Illuminate\Routing\Pipeline.php(30): Illuminate\Routing\Router->Illuminate\Routing\{closure}(Object(Illuminate\Http\Request))
#19 D:\laragon\www\jaibangla_dv\jaibangla\app\Http\Middleware\TrackPageCount.php(29): Illuminate\Routing\Pipeline->Illuminate\Routing\{closure}(Object(Illuminate\Http\Request))
#20 D:\laragon\www\jaibangla_dv\jaibangla\vendor\laravel\framework\src\Illuminate\Pipeline\Pipeline.php(148): App\Http\Middleware\TrackPageCount->handle(Object(Illuminate\Http\Request), Object(Closure))
#21 D:\laragon\www\jaibangla_dv\jaibangla\vendor\laravel\framework\src\Illuminate\Routing\Pipeline.php(53): Illuminate\Pipeline\Pipeline->Illuminate\Pipeline\{closure}(Object(Illuminate\Http\Request))
#22 D:\laragon\www\jaibangla_dv\jaibangla\vendor\laravel\framework\src\Illuminate\Routing\Middleware\SubstituteBindings.php(41): Illuminate\Routing\Pipeline->Illuminate\Routing\{closure}(Object(Illuminate\Http\Request))
#23 D:\laragon\www\jaibangla_dv\jaibangla\vendor\laravel\framework\src\Illuminate\Pipeline\Pipeline.php(148): Illuminate\Routing\Middleware\SubstituteBindings->handle(Object(Illuminate\Http\Request), Object(Closure))
#24 D:\laragon\www\jaibangla_dv\jaibangla\vendor\laravel\framework\src\Illuminate\Routing\Pipeline.php(53): Illuminate\Pipeline\Pipeline->Illuminate\Pipeline\{closure}(Object(Illuminate\Http\Request))
#25 D:\laragon\www\jaibangla_dv\jaibangla\vendor\laravel\framework\src\Illuminate\Auth\Middleware\Authenticate.php(43): Illuminate\Routing\Pipeline->Illuminate\Routing\{closure}(Object(Illuminate\Http\Request))
#26 D:\laragon\www\jaibangla_dv\jaibangla\vendor\laravel\framework\src\Illuminate\Pipeline\Pipeline.php(148): Illuminate\Auth\Middleware\Authenticate->handle(Object(Illuminate\Http\Request), Object(Closure))
#27 D:\laragon\www\jaibangla_dv\jaibangla\vendor\laravel\framework\src\Illuminate\Routing\Pipeline.php(53): Illuminate\Pipeline\Pipeline->Illuminate\Pipeline\{closure}(Object(Illuminate\Http\Request))
#28 D:\laragon\www\jaibangla_dv\jaibangla\vendor\laravel\framework\src\Illuminate\Foundation\Http\Middleware\VerifyCsrfToken.php(65): Illuminate\Routing\Pipeline->Illuminate\Routing\{closure}(Object(Illuminate\Http\Request))
#29 D:\laragon\www\jaibangla_dv\jaibangla\vendor\laravel\framework\src\Illuminate\Pipeline\Pipeline.php(148): Illuminate\Foundation\Http\Middleware\VerifyCsrfToken->handle(Object(Illuminate\Http\Request), Object(Closure))
#30 D:\laragon\www\jaibangla_dv\jaibangla\vendor\laravel\framework\src\Illuminate\Routing\Pipeline.php(53): Illuminate\Pipeline\Pipeline->Illuminate\Pipeline\{closure}(Object(Illuminate\Http\Request))
#31 D:\laragon\www\jaibangla_dv\jaibangla\vendor\laravel\framework\src\Illuminate\View\Middleware\ShareErrorsFromSession.php(49): Illuminate\Routing\Pipeline->Illuminate\Routing\{closure}(Object(Illuminate\Http\Request))
#32 D:\laragon\www\jaibangla_dv\jaibangla\vendor\laravel\framework\src\Illuminate\Pipeline\Pipeline.php(148): Illuminate\View\Middleware\ShareErrorsFromSession->handle(Object(Illuminate\Http\Request), Object(Closure))
#33 D:\laragon\www\jaibangla_dv\jaibangla\vendor\laravel\framework\src\Illuminate\Routing\Pipeline.php(53): Illuminate\Pipeline\Pipeline->Illuminate\Pipeline\{closure}(Object(Illuminate\Http\Request))
#34 D:\laragon\www\jaibangla_dv\jaibangla\vendor\laravel\framework\src\Illuminate\Session\Middleware\StartSession.php(64): Illuminate\Routing\Pipeline->Illuminate\Routing\{closure}(Object(Illuminate\Http\Request))
#35 D:\laragon\www\jaibangla_dv\jaibangla\vendor\laravel\framework\src\Illuminate\Pipeline\Pipeline.php(148): Illuminate\Session\Middleware\StartSession->handle(Object(Illuminate\Http\Request), Object(Closure))
#36 D:\laragon\www\jaibangla_dv\jaibangla\vendor\laravel\framework\src\Illuminate\Routing\Pipeline.php(53): Illuminate\Pipeline\Pipeline->Illuminate\Pipeline\{closure}(Object(Illuminate\Http\Request))
#37 D:\laragon\www\jaibangla_dv\jaibangla\vendor\laravel\framework\src\Illuminate\Cookie\Middleware\AddQueuedCookiesToResponse.php(37): Illuminate\Routing\Pipeline->Illuminate\Routing\{closure}(Object(Illuminate\Http\Request))
#38 D:\laragon\www\jaibangla_dv\jaibangla\vendor\laravel\framework\src\Illuminate\Pipeline\Pipeline.php(148): Illuminate\Cookie\Middleware\AddQueuedCookiesToResponse->handle(Object(Illuminate\Http\Request), Object(Closure))
#39 D:\laragon\www\jaibangla_dv\jaibangla\vendor\laravel\framework\src\Illuminate\Routing\Pipeline.php(53): Illuminate\Pipeline\Pipeline->Illuminate\Pipeline\{closure}(Object(Illuminate\Http\Request))
#40 D:\laragon\www\jaibangla_dv\jaibangla\vendor\laravel\framework\src\Illuminate\Cookie\Middleware\EncryptCookies.php(59): Illuminate\Routing\Pipeline->Illuminate\Routing\{closure}(Object(Illuminate\Http\Request))
#41 D:\laragon\www\jaibangla_dv\jaibangla\vendor\laravel\framework\src\Illuminate\Pipeline\Pipeline.php(148): Illuminate\Cookie\Middleware\EncryptCookies->handle(Object(Illuminate\Http\Request), Object(Closure))
#42 D:\laragon\www\jaibangla_dv\jaibangla\vendor\laravel\framework\src\Illuminate\Routing\Pipeline.php(53): Illuminate\Pipeline\Pipeline->Illuminate\Pipeline\{closure}(Object(Illuminate\Http\Request))
#43 D:\laragon\www\jaibangla_dv\jaibangla\vendor\laravel\framework\src\Illuminate\Pipeline\Pipeline.php(102): Illuminate\Routing\Pipeline->Illuminate\Routing\{closure}(Object(Illuminate\Http\Request))
#44 D:\laragon\www\jaibangla_dv\jaibangla\vendor\laravel\framework\src\Illuminate\Routing\Router.php(574): Illuminate\Pipeline\Pipeline->then(Object(Closure))
#45 D:\laragon\www\jaibangla_dv\jaibangla\vendor\laravel\framework\src\Illuminate\Routing\Router.php(533): Illuminate\Routing\Router->runRouteWithinStack(Object(Illuminate\Routing\Route), Object(Illuminate\Http\Request))
#46 D:\laragon\www\jaibangla_dv\jaibangla\vendor\laravel\framework\src\Illuminate\Routing\Router.php(511): Illuminate\Routing\Router->dispatchToRoute(Object(Illuminate\Http\Request))
#47 D:\laragon\www\jaibangla_dv\jaibangla\vendor\laravel\framework\src\Illuminate\Foundation\Http\Kernel.php(176): Illuminate\Routing\Router->dispatch(Object(Illuminate\Http\Request))
#48 D:\laragon\www\jaibangla_dv\jaibangla\vendor\laravel\framework\src\Illuminate\Routing\Pipeline.php(30): Illuminate\Foundation\Http\Kernel->Illuminate\Foundation\Http\{closure}(Object(Illuminate\Http\Request))
#49 D:\laragon\www\jaibangla_dv\jaibangla\vendor\laravel\framework\src\Illuminate\Foundation\Http\Middleware\TransformsRequest.php(30): Illuminate\Routing\Pipeline->Illuminate\Routing\{closure}(Object(Illuminate\Http\Request))
#50 D:\laragon\www\jaibangla_dv\jaibangla\vendor\laravel\framework\src\Illuminate\Pipeline\Pipeline.php(148): Illuminate\Foundation\Http\Middleware\TransformsRequest->handle(Object(Illuminate\Http\Request), Object(Closure))
#51 D:\laragon\www\jaibangla_dv\jaibangla\vendor\laravel\framework\src\Illuminate\Routing\Pipeline.php(53): Illuminate\Pipeline\Pipeline->Illuminate\Pipeline\{closure}(Object(Illuminate\Http\Request))
#52 D:\laragon\www\jaibangla_dv\jaibangla\vendor\laravel\framework\src\Illuminate\Foundation\Http\Middleware\TransformsRequest.php(30): Illuminate\Routing\Pipeline->Illuminate\Routing\{closure}(Object(Illuminate\Http\Request))
#53 D:\laragon\www\jaibangla_dv\jaibangla\vendor\laravel\framework\src\Illuminate\Pipeline\Pipeline.php(148): Illuminate\Foundation\Http\Middleware\TransformsRequest->handle(Object(Illuminate\Http\Request), Object(Closure))
#54 D:\laragon\www\jaibangla_dv\jaibangla\vendor\laravel\framework\src\Illuminate\Routing\Pipeline.php(53): Illuminate\Pipeline\Pipeline->Illuminate\Pipeline\{closure}(Object(Illuminate\Http\Request))
#55 D:\laragon\www\jaibangla_dv\jaibangla\vendor\laravel\framework\src\Illuminate\Foundation\Http\Middleware\ValidatePostSize.php(27): Illuminate\Routing\Pipeline->Illuminate\Routing\{closure}(Object(Illuminate\Http\Request))
#56 D:\laragon\www\jaibangla_dv\jaibangla\vendor\laravel\framework\src\Illuminate\Pipeline\Pipeline.php(148): Illuminate\Foundation\Http\Middleware\ValidatePostSize->handle(Object(Illuminate\Http\Request), Object(Closure))
#57 D:\laragon\www\jaibangla_dv\jaibangla\vendor\laravel\framework\src\Illuminate\Routing\Pipeline.php(53): Illuminate\Pipeline\Pipeline->Illuminate\Pipeline\{closure}(Object(Illuminate\Http\Request))
#58 D:\laragon\www\jaibangla_dv\jaibangla\vendor\laravel\framework\src\Illuminate\Foundation\Http\Middleware\CheckForMaintenanceMode.php(46): Illuminate\Routing\Pipeline->Illuminate\Routing\{closure}(Object(Illuminate\Http\Request))
#59 D:\laragon\www\jaibangla_dv\jaibangla\vendor\laravel\framework\src\Illuminate\Pipeline\Pipeline.php(148): Illuminate\Foundation\Http\Middleware\CheckForMaintenanceMode->handle(Object(Illuminate\Http\Request), Object(Closure))
#60 D:\laragon\www\jaibangla_dv\jaibangla\vendor\laravel\framework\src\Illuminate\Routing\Pipeline.php(53): Illuminate\Pipeline\Pipeline->Illuminate\Pipeline\{closure}(Object(Illuminate\Http\Request))
#61 D:\laragon\www\jaibangla_dv\jaibangla\vendor\laravel\framework\src\Illuminate\Pipeline\Pipeline.php(102): Illuminate\Routing\Pipeline->Illuminate\Routing\{closure}(Object(Illuminate\Http\Request))
#62 D:\laragon\www\jaibangla_dv\jaibangla\vendor\laravel\framework\src\Illuminate\Foundation\Http\Kernel.php(151): Illuminate\Pipeline\Pipeline->then(Object(Closure))
#63 D:\laragon\www\jaibangla_dv\jaibangla\vendor\laravel\framework\src\Illuminate\Foundation\Http\Kernel.php(116): Illuminate\Foundation\Http\Kernel->sendRequestThroughRouter(Object(Illuminate\Http\Request))
#64 D:\laragon\www\jaibangla_dv\index.php(53): Illuminate\Foundation\Http\Kernel->handle(Object(Illuminate\Http\Request))
#65 {main}

Next ErrorException: View [JBProcessApplication.pension_view_details_common] not found. (View: D:\laragon\www\jaibangla_dv\jaibangla\resources\views\pension-details-view\pension_view_details.blade.php) in D:\laragon\www\jaibangla_dv\jaibangla\vendor\laravel\framework\src\Illuminate\View\FileViewFinder.php:137
Stack trace:
#0 D:\laragon\www\jaibangla_dv\jaibangla\vendor\laravel\framework\src\Illuminate\View\Engines\PhpEngine.php(44): Illuminate\View\Engines\CompilerEngine->handleViewException(Object(InvalidArgumentException), 2)
#1 D:\laragon\www\jaibangla_dv\jaibangla\vendor\laravel\framework\src\Illuminate\View\Engines\CompilerEngine.php(59): Illuminate\View\Engines\PhpEngine->evaluatePath('D:\\laragon\\www\\...', Array)
#2 D:\laragon\www\jaibangla_dv\jaibangla\vendor\laravel\framework\src\Illuminate\View\View.php(137): Illuminate\View\Engines\CompilerEngine->get('D:\\laragon\\www\\...', Array)
#3 D:\laragon\www\jaibangla_dv\jaibangla\vendor\laravel\framework\src\Illuminate\View\View.php(120): Illuminate\View\View->getContents()
#4 D:\laragon\www\jaibangla_dv\jaibangla\vendor\laravel\framework\src\Illuminate\View\View.php(85): Illuminate\View\View->renderContents()
#5 D:\laragon\www\jaibangla_dv\jaibangla\storage\framework\views\0d34c288b4683bdc33b71c9ec48a768027506d47.php(59): Illuminate\View\View->render()
#6 D:\laragon\www\jaibangla_dv\jaibangla\vendor\laravel\framework\src\Illuminate\View\Engines\PhpEngine.php(42): include('D:\\laragon\\www\\...')
#7 D:\laragon\www\jaibangla_dv\jaibangla\vendor\laravel\framework\src\Illuminate\View\Engines\CompilerEngine.php(59): Illuminate\View\Engines\PhpEngine->evaluatePath('D:\\laragon\\www\\...', Array)
#8 D:\laragon\www\jaibangla_dv\jaibangla\vendor\laravel\framework\src\Illuminate\View\View.php(137): Illuminate\View\Engines\CompilerEngine->get('D:\\laragon\\www\\...', Array)
#9 D:\laragon\www\jaibangla_dv\jaibangla\vendor\laravel\framework\src\Illuminate\View\View.php(120): Illuminate\View\View->getContents()
#10 D:\laragon\www\jaibangla_dv\jaibangla\vendor\laravel\framework\src\Illuminate\View\View.php(85): Illuminate\View\View->renderContents()
#11 D:\laragon\www\jaibangla_dv\jaibangla\vendor\laravel\framework\src\Illuminate\Http\Response.php(38): Illuminate\View\View->render()
#12 D:\laragon\www\jaibangla_dv\jaibangla\vendor\symfony\http-foundation\Response.php(206): Illuminate\Http\Response->setContent(Object(Illuminate\View\View))
#13 D:\laragon\www\jaibangla_dv\jaibangla\vendor\laravel\framework\src\Illuminate\Routing\Router.php(615): Symfony\Component\HttpFoundation\Response->__construct(Object(Illuminate\View\View))
#14 D:\laragon\www\jaibangla_dv\jaibangla\vendor\laravel\framework\src\Illuminate\Routing\Router.php(572): Illuminate\Routing\Router->prepareResponse(Object(Illuminate\Http\Request), Object(Illuminate\View\View))
#15 D:\laragon\www\jaibangla_dv\jaibangla\vendor\laravel\framework\src\Illuminate\Routing\Pipeline.php(30): Illuminate\Routing\Router->Illuminate\Routing\{closure}(Object(Illuminate\Http\Request))
#16 D:\laragon\www\jaibangla_dv\jaibangla\app\Http\Middleware\TrackPageCount.php(29): Illuminate\Routing\Pipeline->Illuminate\Routing\{closure}(Object(Illuminate\Http\Request))
#17 D:\laragon\www\jaibangla_dv\jaibangla\vendor\laravel\framework\src\Illuminate\Pipeline\Pipeline.php(148): App\Http\Middleware\TrackPageCount->handle(Object(Illuminate\Http\Request), Object(Closure))
#18 D:\laragon\www\jaibangla_dv\jaibangla\vendor\laravel\framework\src\Illuminate\Routing\Pipeline.php(53): Illuminate\Pipeline\Pipeline->Illuminate\Pipeline\{closure}(Object(Illuminate\Http\Request))
#19 D:\laragon\www\jaibangla_dv\jaibangla\vendor\laravel\framework\src\Illuminate\Routing\Middleware\SubstituteBindings.php(41): Illuminate\Routing\Pipeline->Illuminate\Routing\{closure}(Object(Illuminate\Http\Request))
#20 D:\laragon\www\jaibangla_dv\jaibangla\vendor\laravel\framework\src\Illuminate\Pipeline\Pipeline.php(148): Illuminate\Routing\Middleware\SubstituteBindings->handle(Object(Illuminate\Http\Request), Object(Closure))
#21 D:\laragon\www\jaibangla_dv\jaibangla\vendor\laravel\framework\src\Illuminate\Routing\Pipeline.php(53): Illuminate\Pipeline\Pipeline->Illuminate\Pipeline\{closure}(Object(Illuminate\Http\Request))
#22 D:\laragon\www\jaibangla_dv\jaibangla\vendor\laravel\framework\src\Illuminate\Auth\Middleware\Authenticate.php(43): Illuminate\Routing\Pipeline->Illuminate\Routing\{closure}(Object(Illuminate\Http\Request))
#23 D:\laragon\www\jaibangla_dv\jaibangla\vendor\laravel\framework\src\Illuminate\Pipeline\Pipeline.php(148): Illuminate\Auth\Middleware\Authenticate->handle(Object(Illuminate\Http\Request), Object(Closure))
#24 D:\laragon\www\jaibangla_dv\jaibangla\vendor\laravel\framework\src\Illuminate\Routing\Pipeline.php(53): Illuminate\Pipeline\Pipeline->Illuminate\Pipeline\{closure}(Object(Illuminate\Http\Request))
#25 D:\laragon\www\jaibangla_dv\jaibangla\vendor\laravel\framework\src\Illuminate\Foundation\Http\Middleware\VerifyCsrfToken.php(65): Illuminate\Routing\Pipeline->Illuminate\Routing\{closure}(Object(Illuminate\Http\Request))
#26 D:\laragon\www\jaibangla_dv\jaibangla\vendor\laravel\framework\src\Illuminate\Pipeline\Pipeline.php(148): Illuminate\Foundation\Http\Middleware\VerifyCsrfToken->handle(Object(Illuminate\Http\Request), Object(Closure))
#27 D:\laragon\www\jaibangla_dv\jaibangla\vendor\laravel\framework\src\Illuminate\Routing\Pipeline.php(53): Illuminate\Pipeline\Pipeline->Illuminate\Pipeline\{closure}(Object(Illuminate\Http\Request))
#28 D:\laragon\www\jaibangla_dv\jaibangla\vendor\laravel\framework\src\Illuminate\View\Middleware\ShareErrorsFromSession.php(49): Illuminate\Routing\Pipeline->Illuminate\Routing\{closure}(Object(Illuminate\Http\Request))
#29 D:\laragon\www\jaibangla_dv\jaibangla\vendor\laravel\framework\src\Illuminate\Pipeline\Pipeline.php(148): Illuminate\View\Middleware\ShareErrorsFromSession->handle(Object(Illuminate\Http\Request), Object(Closure))
#30 D:\laragon\www\jaibangla_dv\jaibangla\vendor\laravel\framework\src\Illuminate\Routing\Pipeline.php(53): Illuminate\Pipeline\Pipeline->Illuminate\Pipeline\{closure}(Object(Illuminate\Http\Request))
#31 D:\laragon\www\jaibangla_dv\jaibangla\vendor\laravel\framework\src\Illuminate\Session\Middleware\StartSession.php(64): Illuminate\Routing\Pipeline->Illuminate\Routing\{closure}(Object(Illuminate\Http\Request))
#32 D:\laragon\www\jaibangla_dv\jaibangla\vendor\laravel\framework\src\Illuminate\Pipeline\Pipeline.php(148): Illuminate\Session\Middleware\StartSession->handle(Object(Illuminate\Http\Request), Object(Closure))
#33 D:\laragon\www\jaibangla_dv\jaibangla\vendor\laravel\framework\src\Illuminate\Routing\Pipeline.php(53): Illuminate\Pipeline\Pipeline->Illuminate\Pipeline\{closure}(Object(Illuminate\Http\Request))
#34 D:\laragon\www\jaibangla_dv\jaibangla\vendor\laravel\framework\src\Illuminate\Cookie\Middleware\AddQueuedCookiesToResponse.php(37): Illuminate\Routing\Pipeline->Illuminate\Routing\{closure}(Object(Illuminate\Http\Request))
#35 D:\laragon\www\jaibangla_dv\jaibangla\vendor\laravel\framework\src\Illuminate\Pipeline\Pipeline.php(148): Illuminate\Cookie\Middleware\AddQueuedCookiesToResponse->handle(Object(Illuminate\Http\Request), Object(Closure))
#36 D:\laragon\www\jaibangla_dv\jaibangla\vendor\laravel\framework\src\Illuminate\Routing\Pipeline.php(53): Illuminate\Pipeline\Pipeline->Illuminate\Pipeline\{closure}(Object(Illuminate\Http\Request))
#37 D:\laragon\www\jaibangla_dv\jaibangla\vendor\laravel\framework\src\Illuminate\Cookie\Middleware\EncryptCookies.php(59): Illuminate\Routing\Pipeline->Illuminate\Routing\{closure}(Object(Illuminate\Http\Request))
#38 D:\laragon\www\jaibangla_dv\jaibangla\vendor\laravel\framework\src\Illuminate\Pipeline\Pipeline.php(148): Illuminate\Cookie\Middleware\EncryptCookies->handle(Object(Illuminate\Http\Request), Object(Closure))
#39 D:\laragon\www\jaibangla_dv\jaibangla\vendor\laravel\framework\src\Illuminate\Routing\Pipeline.php(53): Illuminate\Pipeline\Pipeline->Illuminate\Pipeline\{closure}(Object(Illuminate\Http\Request))
#40 D:\laragon\www\jaibangla_dv\jaibangla\vendor\laravel\framework\src\Illuminate\Pipeline\Pipeline.php(102): Illuminate\Routing\Pipeline->Illuminate\Routing\{closure}(Object(Illuminate\Http\Request))
#41 D:\laragon\www\jaibangla_dv\jaibangla\vendor\laravel\framework\src\Illuminate\Routing\Router.php(574): Illuminate\Pipeline\Pipeline->then(Object(Closure))
#42 D:\laragon\www\jaibangla_dv\jaibangla\vendor\laravel\framework\src\Illuminate\Routing\Router.php(533): Illuminate\Routing\Router->runRouteWithinStack(Object(Illuminate\Routing\Route), Object(Illuminate\Http\Request))
#43 D:\laragon\www\jaibangla_dv\jaibangla\vendor\laravel\framework\src\Illuminate\Routing\Router.php(511): Illuminate\Routing\Router->dispatchToRoute(Object(Illuminate\Http\Request))
#44 D:\laragon\www\jaibangla_dv\jaibangla\vendor\laravel\framework\src\Illuminate\Foundation\Http\Kernel.php(176): Illuminate\Routing\Router->dispatch(Object(Illuminate\Http\Request))
#45 D:\laragon\www\jaibangla_dv\jaibangla\vendor\laravel\framework\src\Illuminate\Routing\Pipeline.php(30): Illuminate\Foundation\Http\Kernel->Illuminate\Foundation\Http\{closure}(Object(Illuminate\Http\Request))
#46 D:\laragon\www\jaibangla_dv\jaibangla\vendor\laravel\framework\src\Illuminate\Foundation\Http\Middleware\TransformsRequest.php(30): Illuminate\Routing\Pipeline->Illuminate\Routing\{closure}(Object(Illuminate\Http\Request))
#47 D:\laragon\www\jaibangla_dv\jaibangla\vendor\laravel\framework\src\Illuminate\Pipeline\Pipeline.php(148): Illuminate\Foundation\Http\Middleware\TransformsRequest->handle(Object(Illuminate\Http\Request), Object(Closure))
#48 D:\laragon\www\jaibangla_dv\jaibangla\vendor\laravel\framework\src\Illuminate\Routing\Pipeline.php(53): Illuminate\Pipeline\Pipeline->Illuminate\Pipeline\{closure}(Object(Illuminate\Http\Request))
#49 D:\laragon\www\jaibangla_dv\jaibangla\vendor\laravel\framework\src\Illuminate\Foundation\Http\Middleware\TransformsRequest.php(30): Illuminate\Routing\Pipeline->Illuminate\Routing\{closure}(Object(Illuminate\Http\Request))
#50 D:\laragon\www\jaibangla_dv\jaibangla\vendor\laravel\framework\src\Illuminate\Pipeline\Pipeline.php(148): Illuminate\Foundation\Http\Middleware\TransformsRequest->handle(Object(Illuminate\Http\Request), Object(Closure))
#51 D:\laragon\www\jaibangla_dv\jaibangla\vendor\laravel\framework\src\Illuminate\Routing\Pipeline.php(53): Illuminate\Pipeline\Pipeline->Illuminate\Pipeline\{closure}(Object(Illuminate\Http\Request))
#52 D:\laragon\www\jaibangla_dv\jaibangla\vendor\laravel\framework\src\Illuminate\Foundation\Http\Middleware\ValidatePostSize.php(27): Illuminate\Routing\Pipeline->Illuminate\Routing\{closure}(Object(Illuminate\Http\Request))
#53 D:\laragon\www\jaibangla_dv\jaibangla\vendor\laravel\framework\src\Illuminate\Pipeline\Pipeline.php(148): Illuminate\Foundation\Http\Middleware\ValidatePostSize->handle(Object(Illuminate\Http\Request), Object(Closure))
#54 D:\laragon\www\jaibangla_dv\jaibangla\vendor\laravel\framework\src\Illuminate\Routing\Pipeline.php(53): Illuminate\Pipeline\Pipeline->Illuminate\Pipeline\{closure}(Object(Illuminate\Http\Request))
#55 D:\laragon\www\jaibangla_dv\jaibangla\vendor\laravel\framework\src\Illuminate\Foundation\Http\Middleware\CheckForMaintenanceMode.php(46): Illuminate\Routing\Pipeline->Illuminate\Routing\{closure}(Object(Illuminate\Http\Request))
#56 D:\laragon\www\jaibangla_dv\jaibangla\vendor\laravel\framework\src\Illuminate\Pipeline\Pipeline.php(148): Illuminate\Foundation\Http\Middleware\CheckForMaintenanceMode->handle(Object(Illuminate\Http\Request), Object(Closure))
#57 D:\laragon\www\jaibangla_dv\jaibangla\vendor\laravel\framework\src\Illuminate\Routing\Pipeline.php(53): Illuminate\Pipeline\Pipeline->Illuminate\Pipeline\{closure}(Object(Illuminate\Http\Request))
#58 D:\laragon\www\jaibangla_dv\jaibangla\vendor\laravel\framework\src\Illuminate\Pipeline\Pipeline.php(102): Illuminate\Routing\Pipeline->Illuminate\Routing\{closure}(Object(Illuminate\Http\Request))
#59 D:\laragon\www\jaibangla_dv\jaibangla\vendor\laravel\framework\src\Illuminate\Foundation\Http\Kernel.php(151): Illuminate\Pipeline\Pipeline->then(Object(Closure))
#60 D:\laragon\www\jaibangla_dv\jaibangla\vendor\laravel\framework\src\Illuminate\Foundation\Http\Kernel.php(116): Illuminate\Foundation\Http\Kernel->sendRequestThroughRouter(Object(Illuminate\Http\Request))
#61 D:\laragon\www\jaibangla_dv\index.php(53): Illuminate\Foundation\Http\Kernel->handle(Object(Illuminate\Http\Request))
#62 {main}

Next ErrorException: View [JBProcessApplication.pension_view_details_common] not found. (View: D:\laragon\www\jaibangla_dv\jaibangla\resources\views\pension-details-view\pension_view_details.blade.php) (View: D:\laragon\www\jaibangla_dv\jaibangla\resources\views\pension-details-view\pension_view_details.blade.php) in D:\laragon\www\jaibangla_dv\jaibangla\vendor\laravel\framework\src\Illuminate\View\FileViewFinder.php:137
Stack trace:
#0 D:\laragon\www\jaibangla_dv\jaibangla\vendor\laravel\framework\src\Illuminate\View\Engines\PhpEngine.php(44): Illuminate\View\Engines\CompilerEngine->handleViewException(Object(ErrorException), 1)
#1 D:\laragon\www\jaibangla_dv\jaibangla\vendor\laravel\framework\src\Illuminate\View\Engines\CompilerEngine.php(59): Illuminate\View\Engines\PhpEngine->evaluatePath('D:\\laragon\\www\\...', Array)
#2 D:\laragon\www\jaibangla_dv\jaibangla\vendor\laravel\framework\src\Illuminate\View\View.php(137): Illuminate\View\Engines\CompilerEngine->get('D:\\laragon\\www\\...', Array)
#3 D:\laragon\www\jaibangla_dv\jaibangla\vendor\laravel\framework\src\Illuminate\View\View.php(120): Illuminate\View\View->getContents()
#4 D:\laragon\www\jaibangla_dv\jaibangla\vendor\laravel\framework\src\Illuminate\View\View.php(85): Illuminate\View\View->renderContents()
#5 D:\laragon\www\jaibangla_dv\jaibangla\vendor\laravel\framework\src\Illuminate\Http\Response.php(38): Illuminate\View\View->render()
#6 D:\laragon\www\jaibangla_dv\jaibangla\vendor\symfony\http-foundation\Response.php(206): Illuminate\Http\Response->setContent(Object(Illuminate\View\View))
#7 D:\laragon\www\jaibangla_dv\jaibangla\vendor\laravel\framework\src\Illuminate\Routing\Router.php(615): Symfony\Component\HttpFoundation\Response->__construct(Object(Illuminate\View\View))
#8 D:\laragon\www\jaibangla_dv\jaibangla\vendor\laravel\framework\src\Illuminate\Routing\Router.php(572): Illuminate\Routing\Router->prepareResponse(Object(Illuminate\Http\Request), Object(Illuminate\View\View))
#9 D:\laragon\www\jaibangla_dv\jaibangla\vendor\laravel\framework\src\Illuminate\Routing\Pipeline.php(30): Illuminate\Routing\Router->Illuminate\Routing\{closure}(Object(Illuminate\Http\Request))
#10 D:\laragon\www\jaibangla_dv\jaibangla\app\Http\Middleware\TrackPageCount.php(29): Illuminate\Routing\Pipeline->Illuminate\Routing\{closure}(Object(Illuminate\Http\Request))
#11 D:\laragon\www\jaibangla_dv\jaibangla\vendor\laravel\framework\src\Illuminate\Pipeline\Pipeline.php(148): App\Http\Middleware\TrackPageCount->handle(Object(Illuminate\Http\Request), Object(Closure))
#12 D:\laragon\www\jaibangla_dv\jaibangla\vendor\laravel\framework\src\Illuminate\Routing\Pipeline.php(53): Illuminate\Pipeline\Pipeline->Illuminate\Pipeline\{closure}(Object(Illuminate\Http\Request))
#13 D:\laragon\www\jaibangla_dv\jaibangla\vendor\laravel\framework\src\Illuminate\Routing\Middleware\SubstituteBindings.php(41): Illuminate\Routing\Pipeline->Illuminate\Routing\{closure}(Object(Illuminate\Http\Request))
#14 D:\laragon\www\jaibangla_dv\jaibangla\vendor\laravel\framework\src\Illuminate\Pipeline\Pipeline.php(148): Illuminate\Routing\Middleware\SubstituteBindings->handle(Object(Illuminate\Http\Request), Object(Closure))
#15 D:\laragon\www\jaibangla_dv\jaibangla\vendor\laravel\framework\src\Illuminate\Routing\Pipeline.php(53): Illuminate\Pipeline\Pipeline->Illuminate\Pipeline\{closure}(Object(Illuminate\Http\Request))
#16 D:\laragon\www\jaibangla_dv\jaibangla\vendor\laravel\framework\src\Illuminate\Auth\Middleware\Authenticate.php(43): Illuminate\Routing\Pipeline->Illuminate\Routing\{closure}(Object(Illuminate\Http\Request))
#17 D:\laragon\www\jaibangla_dv\jaibangla\vendor\laravel\framework\src\Illuminate\Pipeline\Pipeline.php(148): Illuminate\Auth\Middleware\Authenticate->handle(Object(Illuminate\Http\Request), Object(Closure))
#18 D:\laragon\www\jaibangla_dv\jaibangla\vendor\laravel\framework\src\Illuminate\Routing\Pipeline.php(53): Illuminate\Pipeline\Pipeline->Illuminate\Pipeline\{closure}(Object(Illuminate\Http\Request))
#19 D:\laragon\www\jaibangla_dv\jaibangla\vendor\laravel\framework\src\Illuminate\Foundation\Http\Middleware\VerifyCsrfToken.php(65): Illuminate\Routing\Pipeline->Illuminate\Routing\{closure}(Object(Illuminate\Http\Request))
#20 D:\laragon\www\jaibangla_dv\jaibangla\vendor\laravel\framework\src\Illuminate\Pipeline\Pipeline.php(148): Illuminate\Foundation\Http\Middleware\VerifyCsrfToken->handle(Object(Illuminate\Http\Request), Object(Closure))
#21 D:\laragon\www\jaibangla_dv\jaibangla\vendor\laravel\framework\src\Illuminate\Routing\Pipeline.php(53): Illuminate\Pipeline\Pipeline->Illuminate\Pipeline\{closure}(Object(Illuminate\Http\Request))
#22 D:\laragon\www\jaibangla_dv\jaibangla\vendor\laravel\framework\src\Illuminate\View\Middleware\ShareErrorsFromSession.php(49): Illuminate\Routing\Pipeline->Illuminate\Routing\{closure}(Object(Illuminate\Http\Request))
#23 D:\laragon\www\jaibangla_dv\jaibangla\vendor\laravel\framework\src\Illuminate\Pipeline\Pipeline.php(148): Illuminate\View\Middleware\ShareErrorsFromSession->handle(Object(Illuminate\Http\Request), Object(Closure))
#24 D:\laragon\www\jaibangla_dv\jaibangla\vendor\laravel\framework\src\Illuminate\Routing\Pipeline.php(53): Illuminate\Pipeline\Pipeline->Illuminate\Pipeline\{closure}(Object(Illuminate\Http\Request))
#25 D:\laragon\www\jaibangla_dv\jaibangla\vendor\laravel\framework\src\Illuminate\Session\Middleware\StartSession.php(64): Illuminate\Routing\Pipeline->Illuminate\Routing\{closure}(Object(Illuminate\Http\Request))
#26 D:\laragon\www\jaibangla_dv\jaibangla\vendor\laravel\framework\src\Illuminate\Pipeline\Pipeline.php(148): Illuminate\Session\Middleware\StartSession->handle(Object(Illuminate\Http\Request), Object(Closure))
#27 D:\laragon\www\jaibangla_dv\jaibangla\vendor\laravel\framework\src\Illuminate\Routing\Pipeline.php(53): Illuminate\Pipeline\Pipeline->Illuminate\Pipeline\{closure}(Object(Illuminate\Http\Request))
#28 D:\laragon\www\jaibangla_dv\jaibangla\vendor\laravel\framework\src\Illuminate\Cookie\Middleware\AddQueuedCookiesToResponse.php(37): Illuminate\Routing\Pipeline->Illuminate\Routing\{closure}(Object(Illuminate\Http\Request))
#29 D:\laragon\www\jaibangla_dv\jaibangla\vendor\laravel\framework\src\Illuminate\Pipeline\Pipeline.php(148): Illuminate\Cookie\Middleware\AddQueuedCookiesToResponse->handle(Object(Illuminate\Http\Request), Object(Closure))
#30 D:\laragon\www\jaibangla_dv\jaibangla\vendor\laravel\framework\src\Illuminate\Routing\Pipeline.php(53): Illuminate\Pipeline\Pipeline->Illuminate\Pipeline\{closure}(Object(Illuminate\Http\Request))
#31 D:\laragon\www\jaibangla_dv\jaibangla\vendor\laravel\framework\src\Illuminate\Cookie\Middleware\EncryptCookies.php(59): Illuminate\Routing\Pipeline->Illuminate\Routing\{closure}(Object(Illuminate\Http\Request))
#32 D:\laragon\www\jaibangla_dv\jaibangla\vendor\laravel\framework\src\Illuminate\Pipeline\Pipeline.php(148): Illuminate\Cookie\Middleware\EncryptCookies->handle(Object(Illuminate\Http\Request), Object(Closure))
#33 D:\laragon\www\jaibangla_dv\jaibangla\vendor\laravel\framework\src\Illuminate\Routing\Pipeline.php(53): Illuminate\Pipeline\Pipeline->Illuminate\Pipeline\{closure}(Object(Illuminate\Http\Request))
#34 D:\laragon\www\jaibangla_dv\jaibangla\vendor\laravel\framework\src\Illuminate\Pipeline\Pipeline.php(102): Illuminate\Routing\Pipeline->Illuminate\Routing\{closure}(Object(Illuminate\Http\Request))
#35 D:\laragon\www\jaibangla_dv\jaibangla\vendor\laravel\framework\src\Illuminate\Routing\Router.php(574): Illuminate\Pipeline\Pipeline->then(Object(Closure))
#36 D:\laragon\www\jaibangla_dv\jaibangla\vendor\laravel\framework\src\Illuminate\Routing\Router.php(533): Illuminate\Routing\Router->runRouteWithinStack(Object(Illuminate\Routing\Route), Object(Illuminate\Http\Request))
#37 D:\laragon\www\jaibangla_dv\jaibangla\vendor\laravel\framework\src\Illuminate\Routing\Router.php(511): Illuminate\Routing\Router->dispatchToRoute(Object(Illuminate\Http\Request))
#38 D:\laragon\www\jaibangla_dv\jaibangla\vendor\laravel\framework\src\Illuminate\Foundation\Http\Kernel.php(176): Illuminate\Routing\Router->dispatch(Object(Illuminate\Http\Request))
#39 D:\laragon\www\jaibangla_dv\jaibangla\vendor\laravel\framework\src\Illuminate\Routing\Pipeline.php(30): Illuminate\Foundation\Http\Kernel->Illuminate\Foundation\Http\{closure}(Object(Illuminate\Http\Request))
#40 D:\laragon\www\jaibangla_dv\jaibangla\vendor\laravel\framework\src\Illuminate\Foundation\Http\Middleware\TransformsRequest.php(30): Illuminate\Routing\Pipeline->Illuminate\Routing\{closure}(Object(Illuminate\Http\Request))
#41 D:\laragon\www\jaibangla_dv\jaibangla\vendor\laravel\framework\src\Illuminate\Pipeline\Pipeline.php(148): Illuminate\Foundation\Http\Middleware\TransformsRequest->handle(Object(Illuminate\Http\Request), Object(Closure))
#42 D:\laragon\www\jaibangla_dv\jaibangla\vendor\laravel\framework\src\Illuminate\Routing\Pipeline.php(53): Illuminate\Pipeline\Pipeline->Illuminate\Pipeline\{closure}(Object(Illuminate\Http\Request))
#43 D:\laragon\www\jaibangla_dv\jaibangla\vendor\laravel\framework\src\Illuminate\Foundation\Http\Middleware\TransformsRequest.php(30): Illuminate\Routing\Pipeline->Illuminate\Routing\{closure}(Object(Illuminate\Http\Request))
#44 D:\laragon\www\jaibangla_dv\jaibangla\vendor\laravel\framework\src\Illuminate\Pipeline\Pipeline.php(148): Illuminate\Foundation\Http\Middleware\TransformsRequest->handle(Object(Illuminate\Http\Request), Object(Closure))
#45 D:\laragon\www\jaibangla_dv\jaibangla\vendor\laravel\framework\src\Illuminate\Routing\Pipeline.php(53): Illuminate\Pipeline\Pipeline->Illuminate\Pipeline\{closure}(Object(Illuminate\Http\Request))
#46 D:\laragon\www\jaibangla_dv\jaibangla\vendor\laravel\framework\src\Illuminate\Foundation\Http\Middleware\ValidatePostSize.php(27): Illuminate\Routing\Pipeline->Illuminate\Routing\{closure}(Object(Illuminate\Http\Request))
#47 D:\laragon\www\jaibangla_dv\jaibangla\vendor\laravel\framework\src\Illuminate\Pipeline\Pipeline.php(148): Illuminate\Foundation\Http\Middleware\ValidatePostSize->handle(Object(Illuminate\Http\Request), Object(Closure))
#48 D:\laragon\www\jaibangla_dv\jaibangla\vendor\laravel\framework\src\Illuminate\Routing\Pipeline.php(53): Illuminate\Pipeline\Pipeline->Illuminate\Pipeline\{closure}(Object(Illuminate\Http\Request))
#49 D:\laragon\www\jaibangla_dv\jaibangla\vendor\laravel\framework\src\Illuminate\Foundation\Http\Middleware\CheckForMaintenanceMode.php(46): Illuminate\Routing\Pipeline->Illuminate\Routing\{closure}(Object(Illuminate\Http\Request))
#50 D:\laragon\www\jaibangla_dv\jaibangla\vendor\laravel\framework\src\Illuminate\Pipeline\Pipeline.php(148): Illuminate\Foundation\Http\Middleware\CheckForMaintenanceMode->handle(Object(Illuminate\Http\Request), Object(Closure))
#51 D:\laragon\www\jaibangla_dv\jaibangla\vendor\laravel\framework\src\Illuminate\Routing\Pipeline.php(53): Illuminate\Pipeline\Pipeline->Illuminate\Pipeline\{closure}(Object(Illuminate\Http\Request))
#52 D:\laragon\www\jaibangla_dv\jaibangla\vendor\laravel\framework\src\Illuminate\Pipeline\Pipeline.php(102): Illuminate\Routing\Pipeline->Illuminate\Routing\{closure}(Object(Illuminate\Http\Request))
#53 D:\laragon\www\jaibangla_dv\jaibangla\vendor\laravel\framework\src\Illuminate\Foundation\Http\Kernel.php(151): Illuminate\Pipeline\Pipeline->then(Object(Closure))
#54 D:\laragon\www\jaibangla_dv\jaibangla\vendor\laravel\framework\src\Illuminate\Foundation\Http\Kernel.php(116): Illuminate\Foundation\Http\Kernel->sendRequestThroughRouter(Object(Illuminate\Http\Request))
#55 D:\laragon\www\jaibangla_dv\index.php(53): Illuminate\Foundation\Http\Kernel->handle(Object(Illuminate\Http\Request))
#56 {main}  
[2024-12-18 05:16:28] production.ERROR: InvalidArgumentException: View [pension-details-view.perosnal_identification] not found. in D:\laragon\www\jaibangla_dv\jaibangla\vendor\laravel\framework\src\Illuminate\View\FileViewFinder.php:137
Stack trace:
#0 D:\laragon\www\jaibangla_dv\jaibangla\vendor\laravel\framework\src\Illuminate\View\FileViewFinder.php(79): Illuminate\View\FileViewFinder->findInPaths('pension-details...', Array)
#1 D:\laragon\www\jaibangla_dv\jaibangla\vendor\laravel\framework\src\Illuminate\View\Factory.php(128): Illuminate\View\FileViewFinder->find('pension-details...')
#2 D:\laragon\www\jaibangla_dv\jaibangla\storage\framework\views\d7a184fbc476d9ba1623f1c7f4ccbb74c47bd814.php(177): Illuminate\View\Factory->make('pension-details...', Array)
#3 D:\laragon\www\jaibangla_dv\jaibangla\vendor\laravel\framework\src\Illuminate\View\Engines\PhpEngine.php(42): include('D:\\laragon\\www\\...')
#4 D:\laragon\www\jaibangla_dv\jaibangla\vendor\laravel\framework\src\Illuminate\View\Engines\CompilerEngine.php(59): Illuminate\View\Engines\PhpEngine->evaluatePath('D:\\laragon\\www\\...', Array)
#5 D:\laragon\www\jaibangla_dv\jaibangla\vendor\laravel\framework\src\Illuminate\View\View.php(137): Illuminate\View\Engines\CompilerEngine->get('D:\\laragon\\www\\...', Array)
#6 D:\laragon\www\jaibangla_dv\jaibangla\vendor\laravel\framework\src\Illuminate\View\View.php(120): Illuminate\View\View->getContents()
#7 D:\laragon\www\jaibangla_dv\jaibangla\vendor\laravel\framework\src\Illuminate\View\View.php(85): Illuminate\View\View->renderContents()
#8 D:\laragon\www\jaibangla_dv\jaibangla\storage\framework\views\0d34c288b4683bdc33b71c9ec48a768027506d47.php(59): Illuminate\View\View->render()
#9 D:\laragon\www\jaibangla_dv\jaibangla\vendor\laravel\framework\src\Illuminate\View\Engines\PhpEngine.php(42): include('D:\\laragon\\www\\...')
#10 D:\laragon\www\jaibangla_dv\jaibangla\vendor\laravel\framework\src\Illuminate\View\Engines\CompilerEngine.php(59): Illuminate\View\Engines\PhpEngine->evaluatePath('D:\\laragon\\www\\...', Array)
#11 D:\laragon\www\jaibangla_dv\jaibangla\vendor\laravel\framework\src\Illuminate\View\View.php(137): Illuminate\View\Engines\CompilerEngine->get('D:\\laragon\\www\\...', Array)
#12 D:\laragon\www\jaibangla_dv\jaibangla\vendor\laravel\framework\src\Illuminate\View\View.php(120): Illuminate\View\View->getContents()
#13 D:\laragon\www\jaibangla_dv\jaibangla\vendor\laravel\framework\src\Illuminate\View\View.php(85): Illuminate\View\View->renderContents()
#14 D:\laragon\www\jaibangla_dv\jaibangla\vendor\laravel\framework\src\Illuminate\Http\Response.php(38): Illuminate\View\View->render()
#15 D:\laragon\www\jaibangla_dv\jaibangla\vendor\symfony\http-foundation\Response.php(206): Illuminate\Http\Response->setContent(Object(Illuminate\View\View))
#16 D:\laragon\www\jaibangla_dv\jaibangla\vendor\laravel\framework\src\Illuminate\Routing\Router.php(615): Symfony\Component\HttpFoundation\Response->__construct(Object(Illuminate\View\View))
#17 D:\laragon\www\jaibangla_dv\jaibangla\vendor\laravel\framework\src\Illuminate\Routing\Router.php(572): Illuminate\Routing\Router->prepareResponse(Object(Illuminate\Http\Request), Object(Illuminate\View\View))
#18 D:\laragon\www\jaibangla_dv\jaibangla\vendor\laravel\framework\src\Illuminate\Routing\Pipeline.php(30): Illuminate\Routing\Router->Illuminate\Routing\{closure}(Object(Illuminate\Http\Request))
#19 D:\laragon\www\jaibangla_dv\jaibangla\app\Http\Middleware\TrackPageCount.php(29): Illuminate\Routing\Pipeline->Illuminate\Routing\{closure}(Object(Illuminate\Http\Request))
#20 D:\laragon\www\jaibangla_dv\jaibangla\vendor\laravel\framework\src\Illuminate\Pipeline\Pipeline.php(148): App\Http\Middleware\TrackPageCount->handle(Object(Illuminate\Http\Request), Object(Closure))
#21 D:\laragon\www\jaibangla_dv\jaibangla\vendor\laravel\framework\src\Illuminate\Routing\Pipeline.php(53): Illuminate\Pipeline\Pipeline->Illuminate\Pipeline\{closure}(Object(Illuminate\Http\Request))
#22 D:\laragon\www\jaibangla_dv\jaibangla\vendor\laravel\framework\src\Illuminate\Routing\Middleware\SubstituteBindings.php(41): Illuminate\Routing\Pipeline->Illuminate\Routing\{closure}(Object(Illuminate\Http\Request))
#23 D:\laragon\www\jaibangla_dv\jaibangla\vendor\laravel\framework\src\Illuminate\Pipeline\Pipeline.php(148): Illuminate\Routing\Middleware\SubstituteBindings->handle(Object(Illuminate\Http\Request), Object(Closure))
#24 D:\laragon\www\jaibangla_dv\jaibangla\vendor\laravel\framework\src\Illuminate\Routing\Pipeline.php(53): Illuminate\Pipeline\Pipeline->Illuminate\Pipeline\{closure}(Object(Illuminate\Http\Request))
#25 D:\laragon\www\jaibangla_dv\jaibangla\vendor\laravel\framework\src\Illuminate\Auth\Middleware\Authenticate.php(43): Illuminate\Routing\Pipeline->Illuminate\Routing\{closure}(Object(Illuminate\Http\Request))
#26 D:\laragon\www\jaibangla_dv\jaibangla\vendor\laravel\framework\src\Illuminate\Pipeline\Pipeline.php(148): Illuminate\Auth\Middleware\Authenticate->handle(Object(Illuminate\Http\Request), Object(Closure))
#27 D:\laragon\www\jaibangla_dv\jaibangla\vendor\laravel\framework\src\Illuminate\Routing\Pipeline.php(53): Illuminate\Pipeline\Pipeline->Illuminate\Pipeline\{closure}(Object(Illuminate\Http\Request))
#28 D:\laragon\www\jaibangla_dv\jaibangla\vendor\laravel\framework\src\Illuminate\Foundation\Http\Middleware\VerifyCsrfToken.php(65): Illuminate\Routing\Pipeline->Illuminate\Routing\{closure}(Object(Illuminate\Http\Request))
#29 D:\laragon\www\jaibangla_dv\jaibangla\vendor\laravel\framework\src\Illuminate\Pipeline\Pipeline.php(148): Illuminate\Foundation\Http\Middleware\VerifyCsrfToken->handle(Object(Illuminate\Http\Request), Object(Closure))
#30 D:\laragon\www\jaibangla_dv\jaibangla\vendor\laravel\framework\src\Illuminate\Routing\Pipeline.php(53): Illuminate\Pipeline\Pipeline->Illuminate\Pipeline\{closure}(Object(Illuminate\Http\Request))
#31 D:\laragon\www\jaibangla_dv\jaibangla\vendor\laravel\framework\src\Illuminate\View\Middleware\ShareErrorsFromSession.php(49): Illuminate\Routing\Pipeline->Illuminate\Routing\{closure}(Object(Illuminate\Http\Request))
#32 D:\laragon\www\jaibangla_dv\jaibangla\vendor\laravel\framework\src\Illuminate\Pipeline\Pipeline.php(148): Illuminate\View\Middleware\ShareErrorsFromSession->handle(Object(Illuminate\Http\Request), Object(Closure))
#33 D:\laragon\www\jaibangla_dv\jaibangla\vendor\laravel\framework\src\Illuminate\Routing\Pipeline.php(53): Illuminate\Pipeline\Pipeline->Illuminate\Pipeline\{closure}(Object(Illuminate\Http\Request))
#34 D:\laragon\www\jaibangla_dv\jaibangla\vendor\laravel\framework\src\Illuminate\Session\Middleware\StartSession.php(64): Illuminate\Routing\Pipeline->Illuminate\Routing\{closure}(Object(Illuminate\Http\Request))
#35 D:\laragon\www\jaibangla_dv\jaibangla\vendor\laravel\framework\src\Illuminate\Pipeline\Pipeline.php(148): Illuminate\Session\Middleware\StartSession->handle(Object(Illuminate\Http\Request), Object(Closure))
#36 D:\laragon\www\jaibangla_dv\jaibangla\vendor\laravel\framework\src\Illuminate\Routing\Pipeline.php(53): Illuminate\Pipeline\Pipeline->Illuminate\Pipeline\{closure}(Object(Illuminate\Http\Request))
#37 D:\laragon\www\jaibangla_dv\jaibangla\vendor\laravel\framework\src\Illuminate\Cookie\Middleware\AddQueuedCookiesToResponse.php(37): Illuminate\Routing\Pipeline->Illuminate\Routing\{closure}(Object(Illuminate\Http\Request))
#38 D:\laragon\www\jaibangla_dv\jaibangla\vendor\laravel\framework\src\Illuminate\Pipeline\Pipeline.php(148): Illuminate\Cookie\Middleware\AddQueuedCookiesToResponse->handle(Object(Illuminate\Http\Request), Object(Closure))
#39 D:\laragon\www\jaibangla_dv\jaibangla\vendor\laravel\framework\src\Illuminate\Routing\Pipeline.php(53): Illuminate\Pipeline\Pipeline->Illuminate\Pipeline\{closure}(Object(Illuminate\Http\Request))
#40 D:\laragon\www\jaibangla_dv\jaibangla\vendor\laravel\framework\src\Illuminate\Cookie\Middleware\EncryptCookies.php(59): Illuminate\Routing\Pipeline->Illuminate\Routing\{closure}(Object(Illuminate\Http\Request))
#41 D:\laragon\www\jaibangla_dv\jaibangla\vendor\laravel\framework\src\Illuminate\Pipeline\Pipeline.php(148): Illuminate\Cookie\Middleware\EncryptCookies->handle(Object(Illuminate\Http\Request), Object(Closure))
#42 D:\laragon\www\jaibangla_dv\jaibangla\vendor\laravel\framework\src\Illuminate\Routing\Pipeline.php(53): Illuminate\Pipeline\Pipeline->Illuminate\Pipeline\{closure}(Object(Illuminate\Http\Request))
#43 D:\laragon\www\jaibangla_dv\jaibangla\vendor\laravel\framework\src\Illuminate\Pipeline\Pipeline.php(102): Illuminate\Routing\Pipeline->Illuminate\Routing\{closure}(Object(Illuminate\Http\Request))
#44 D:\laragon\www\jaibangla_dv\jaibangla\vendor\laravel\framework\src\Illuminate\Routing\Router.php(574): Illuminate\Pipeline\Pipeline->then(Object(Closure))
#45 D:\laragon\www\jaibangla_dv\jaibangla\vendor\laravel\framework\src\Illuminate\Routing\Router.php(533): Illuminate\Routing\Router->runRouteWithinStack(Object(Illuminate\Routing\Route), Object(Illuminate\Http\Request))
#46 D:\laragon\www\jaibangla_dv\jaibangla\vendor\laravel\framework\src\Illuminate\Routing\Router.php(511): Illuminate\Routing\Router->dispatchToRoute(Object(Illuminate\Http\Request))
#47 D:\laragon\www\jaibangla_dv\jaibangla\vendor\laravel\framework\src\Illuminate\Foundation\Http\Kernel.php(176): Illuminate\Routing\Router->dispatch(Object(Illuminate\Http\Request))
#48 D:\laragon\www\jaibangla_dv\jaibangla\vendor\laravel\framework\src\Illuminate\Routing\Pipeline.php(30): Illuminate\Foundation\Http\Kernel->Illuminate\Foundation\Http\{closure}(Object(Illuminate\Http\Request))
#49 D:\laragon\www\jaibangla_dv\jaibangla\vendor\laravel\framework\src\Illuminate\Foundation\Http\Middleware\TransformsRequest.php(30): Illuminate\Routing\Pipeline->Illuminate\Routing\{closure}(Object(Illuminate\Http\Request))
#50 D:\laragon\www\jaibangla_dv\jaibangla\vendor\laravel\framework\src\Illuminate\Pipeline\Pipeline.php(148): Illuminate\Foundation\Http\Middleware\TransformsRequest->handle(Object(Illuminate\Http\Request), Object(Closure))
#51 D:\laragon\www\jaibangla_dv\jaibangla\vendor\laravel\framework\src\Illuminate\Routing\Pipeline.php(53): Illuminate\Pipeline\Pipeline->Illuminate\Pipeline\{closure}(Object(Illuminate\Http\Request))
#52 D:\laragon\www\jaibangla_dv\jaibangla\vendor\laravel\framework\src\Illuminate\Foundation\Http\Middleware\TransformsRequest.php(30): Illuminate\Routing\Pipeline->Illuminate\Routing\{closure}(Object(Illuminate\Http\Request))
#53 D:\laragon\www\jaibangla_dv\jaibangla\vendor\laravel\framework\src\Illuminate\Pipeline\Pipeline.php(148): Illuminate\Foundation\Http\Middleware\TransformsRequest->handle(Object(Illuminate\Http\Request), Object(Closure))
#54 D:\laragon\www\jaibangla_dv\jaibangla\vendor\laravel\framework\src\Illuminate\Routing\Pipeline.php(53): Illuminate\Pipeline\Pipeline->Illuminate\Pipeline\{closure}(Object(Illuminate\Http\Request))
#55 D:\laragon\www\jaibangla_dv\jaibangla\vendor\laravel\framework\src\Illuminate\Foundation\Http\Middleware\ValidatePostSize.php(27): Illuminate\Routing\Pipeline->Illuminate\Routing\{closure}(Object(Illuminate\Http\Request))
#56 D:\laragon\www\jaibangla_dv\jaibangla\vendor\laravel\framework\src\Illuminate\Pipeline\Pipeline.php(148): Illuminate\Foundation\Http\Middleware\ValidatePostSize->handle(Object(Illuminate\Http\Request), Object(Closure))
#57 D:\laragon\www\jaibangla_dv\jaibangla\vendor\laravel\framework\src\Illuminate\Routing\Pipeline.php(53): Illuminate\Pipeline\Pipeline->Illuminate\Pipeline\{closure}(Object(Illuminate\Http\Request))
#58 D:\laragon\www\jaibangla_dv\jaibangla\vendor\laravel\framework\src\Illuminate\Foundation\Http\Middleware\CheckForMaintenanceMode.php(46): Illuminate\Routing\Pipeline->Illuminate\Routing\{closure}(Object(Illuminate\Http\Request))
#59 D:\laragon\www\jaibangla_dv\jaibangla\vendor\laravel\framework\src\Illuminate\Pipeline\Pipeline.php(148): Illuminate\Foundation\Http\Middleware\CheckForMaintenanceMode->handle(Object(Illuminate\Http\Request), Object(Closure))
#60 D:\laragon\www\jaibangla_dv\jaibangla\vendor\laravel\framework\src\Illuminate\Routing\Pipeline.php(53): Illuminate\Pipeline\Pipeline->Illuminate\Pipeline\{closure}(Object(Illuminate\Http\Request))
#61 D:\laragon\www\jaibangla_dv\jaibangla\vendor\laravel\framework\src\Illuminate\Pipeline\Pipeline.php(102): Illuminate\Routing\Pipeline->Illuminate\Routing\{closure}(Object(Illuminate\Http\Request))
#62 D:\laragon\www\jaibangla_dv\jaibangla\vendor\laravel\framework\src\Illuminate\Foundation\Http\Kernel.php(151): Illuminate\Pipeline\Pipeline->then(Object(Closure))
#63 D:\laragon\www\jaibangla_dv\jaibangla\vendor\laravel\framework\src\Illuminate\Foundation\Http\Kernel.php(116): Illuminate\Foundation\Http\Kernel->sendRequestThroughRouter(Object(Illuminate\Http\Request))
#64 D:\laragon\www\jaibangla_dv\index.php(53): Illuminate\Foundation\Http\Kernel->handle(Object(Illuminate\Http\Request))
#65 {main}

Next ErrorException: View [pension-details-view.perosnal_identification] not found. (View: D:\laragon\www\jaibangla_dv\jaibangla\resources\views\pension-details-view\pension_view_details.blade.php) in D:\laragon\www\jaibangla_dv\jaibangla\vendor\laravel\framework\src\Illuminate\View\FileViewFinder.php:137
Stack trace:
#0 D:\laragon\www\jaibangla_dv\jaibangla\vendor\laravel\framework\src\Illuminate\View\Engines\PhpEngine.php(44): Illuminate\View\Engines\CompilerEngine->handleViewException(Object(InvalidArgumentException), 2)
#1 D:\laragon\www\jaibangla_dv\jaibangla\vendor\laravel\framework\src\Illuminate\View\Engines\CompilerEngine.php(59): Illuminate\View\Engines\PhpEngine->evaluatePath('D:\\laragon\\www\\...', Array)
#2 D:\laragon\www\jaibangla_dv\jaibangla\vendor\laravel\framework\src\Illuminate\View\View.php(137): Illuminate\View\Engines\CompilerEngine->get('D:\\laragon\\www\\...', Array)
#3 D:\laragon\www\jaibangla_dv\jaibangla\vendor\laravel\framework\src\Illuminate\View\View.php(120): Illuminate\View\View->getContents()
#4 D:\laragon\www\jaibangla_dv\jaibangla\vendor\laravel\framework\src\Illuminate\View\View.php(85): Illuminate\View\View->renderContents()
#5 D:\laragon\www\jaibangla_dv\jaibangla\storage\framework\views\0d34c288b4683bdc33b71c9ec48a768027506d47.php(59): Illuminate\View\View->render()
#6 D:\laragon\www\jaibangla_dv\jaibangla\vendor\laravel\framework\src\Illuminate\View\Engines\PhpEngine.php(42): include('D:\\laragon\\www\\...')
#7 D:\laragon\www\jaibangla_dv\jaibangla\vendor\laravel\framework\src\Illuminate\View\Engines\CompilerEngine.php(59): Illuminate\View\Engines\PhpEngine->evaluatePath('D:\\laragon\\www\\...', Array)
#8 D:\laragon\www\jaibangla_dv\jaibangla\vendor\laravel\framework\src\Illuminate\View\View.php(137): Illuminate\View\Engines\CompilerEngine->get('D:\\laragon\\www\\...', Array)
#9 D:\laragon\www\jaibangla_dv\jaibangla\vendor\laravel\framework\src\Illuminate\View\View.php(120): Illuminate\View\View->getContents()
#10 D:\laragon\www\jaibangla_dv\jaibangla\vendor\laravel\framework\src\Illuminate\View\View.php(85): Illuminate\View\View->renderContents()
#11 D:\laragon\www\jaibangla_dv\jaibangla\vendor\laravel\framework\src\Illuminate\Http\Response.php(38): Illuminate\View\View->render()
#12 D:\laragon\www\jaibangla_dv\jaibangla\vendor\symfony\http-foundation\Response.php(206): Illuminate\Http\Response->setContent(Object(Illuminate\View\View))
#13 D:\laragon\www\jaibangla_dv\jaibangla\vendor\laravel\framework\src\Illuminate\Routing\Router.php(615): Symfony\Component\HttpFoundation\Response->__construct(Object(Illuminate\View\View))
#14 D:\laragon\www\jaibangla_dv\jaibangla\vendor\laravel\framework\src\Illuminate\Routing\Router.php(572): Illuminate\Routing\Router->prepareResponse(Object(Illuminate\Http\Request), Object(Illuminate\View\View))
#15 D:\laragon\www\jaibangla_dv\jaibangla\vendor\laravel\framework\src\Illuminate\Routing\Pipeline.php(30): Illuminate\Routing\Router->Illuminate\Routing\{closure}(Object(Illuminate\Http\Request))
#16 D:\laragon\www\jaibangla_dv\jaibangla\app\Http\Middleware\TrackPageCount.php(29): Illuminate\Routing\Pipeline->Illuminate\Routing\{closure}(Object(Illuminate\Http\Request))
#17 D:\laragon\www\jaibangla_dv\jaibangla\vendor\laravel\framework\src\Illuminate\Pipeline\Pipeline.php(148): App\Http\Middleware\TrackPageCount->handle(Object(Illuminate\Http\Request), Object(Closure))
#18 D:\laragon\www\jaibangla_dv\jaibangla\vendor\laravel\framework\src\Illuminate\Routing\Pipeline.php(53): Illuminate\Pipeline\Pipeline->Illuminate\Pipeline\{closure}(Object(Illuminate\Http\Request))
#19 D:\laragon\www\jaibangla_dv\jaibangla\vendor\laravel\framework\src\Illuminate\Routing\Middleware\SubstituteBindings.php(41): Illuminate\Routing\Pipeline->Illuminate\Routing\{closure}(Object(Illuminate\Http\Request))
#20 D:\laragon\www\jaibangla_dv\jaibangla\vendor\laravel\framework\src\Illuminate\Pipeline\Pipeline.php(148): Illuminate\Routing\Middleware\SubstituteBindings->handle(Object(Illuminate\Http\Request), Object(Closure))
#21 D:\laragon\www\jaibangla_dv\jaibangla\vendor\laravel\framework\src\Illuminate\Routing\Pipeline.php(53): Illuminate\Pipeline\Pipeline->Illuminate\Pipeline\{closure}(Object(Illuminate\Http\Request))
#22 D:\laragon\www\jaibangla_dv\jaibangla\vendor\laravel\framework\src\Illuminate\Auth\Middleware\Authenticate.php(43): Illuminate\Routing\Pipeline->Illuminate\Routing\{closure}(Object(Illuminate\Http\Request))
#23 D:\laragon\www\jaibangla_dv\jaibangla\vendor\laravel\framework\src\Illuminate\Pipeline\Pipeline.php(148): Illuminate\Auth\Middleware\Authenticate->handle(Object(Illuminate\Http\Request), Object(Closure))
#24 D:\laragon\www\jaibangla_dv\jaibangla\vendor\laravel\framework\src\Illuminate\Routing\Pipeline.php(53): Illuminate\Pipeline\Pipeline->Illuminate\Pipeline\{closure}(Object(Illuminate\Http\Request))
#25 D:\laragon\www\jaibangla_dv\jaibangla\vendor\laravel\framework\src\Illuminate\Foundation\Http\Middleware\VerifyCsrfToken.php(65): Illuminate\Routing\Pipeline->Illuminate\Routing\{closure}(Object(Illuminate\Http\Request))
#26 D:\laragon\www\jaibangla_dv\jaibangla\vendor\laravel\framework\src\Illuminate\Pipeline\Pipeline.php(148): Illuminate\Foundation\Http\Middleware\VerifyCsrfToken->handle(Object(Illuminate\Http\Request), Object(Closure))
#27 D:\laragon\www\jaibangla_dv\jaibangla\vendor\laravel\framework\src\Illuminate\Routing\Pipeline.php(53): Illuminate\Pipeline\Pipeline->Illuminate\Pipeline\{closure}(Object(Illuminate\Http\Request))
#28 D:\laragon\www\jaibangla_dv\jaibangla\vendor\laravel\framework\src\Illuminate\View\Middleware\ShareErrorsFromSession.php(49): Illuminate\Routing\Pipeline->Illuminate\Routing\{closure}(Object(Illuminate\Http\Request))
#29 D:\laragon\www\jaibangla_dv\jaibangla\vendor\laravel\framework\src\Illuminate\Pipeline\Pipeline.php(148): Illuminate\View\Middleware\ShareErrorsFromSession->handle(Object(Illuminate\Http\Request), Object(Closure))
#30 D:\laragon\www\jaibangla_dv\jaibangla\vendor\laravel\framework\src\Illuminate\Routing\Pipeline.php(53): Illuminate\Pipeline\Pipeline->Illuminate\Pipeline\{closure}(Object(Illuminate\Http\Request))
#31 D:\laragon\www\jaibangla_dv\jaibangla\vendor\laravel\framework\src\Illuminate\Session\Middleware\StartSession.php(64): Illuminate\Routing\Pipeline->Illuminate\Routing\{closure}(Object(Illuminate\Http\Request))
#32 D:\laragon\www\jaibangla_dv\jaibangla\vendor\laravel\framework\src\Illuminate\Pipeline\Pipeline.php(148): Illuminate\Session\Middleware\StartSession->handle(Object(Illuminate\Http\Request), Object(Closure))
#33 D:\laragon\www\jaibangla_dv\jaibangla\vendor\laravel\framework\src\Illuminate\Routing\Pipeline.php(53): Illuminate\Pipeline\Pipeline->Illuminate\Pipeline\{closure}(Object(Illuminate\Http\Request))
#34 D:\laragon\www\jaibangla_dv\jaibangla\vendor\laravel\framework\src\Illuminate\Cookie\Middleware\AddQueuedCookiesToResponse.php(37): Illuminate\Routing\Pipeline->Illuminate\Routing\{closure}(Object(Illuminate\Http\Request))
#35 D:\laragon\www\jaibangla_dv\jaibangla\vendor\laravel\framework\src\Illuminate\Pipeline\Pipeline.php(148): Illuminate\Cookie\Middleware\AddQueuedCookiesToResponse->handle(Object(Illuminate\Http\Request), Object(Closure))
#36 D:\laragon\www\jaibangla_dv\jaibangla\vendor\laravel\framework\src\Illuminate\Routing\Pipeline.php(53): Illuminate\Pipeline\Pipeline->Illuminate\Pipeline\{closure}(Object(Illuminate\Http\Request))
#37 D:\laragon\www\jaibangla_dv\jaibangla\vendor\laravel\framework\src\Illuminate\Cookie\Middleware\EncryptCookies.php(59): Illuminate\Routing\Pipeline->Illuminate\Routing\{closure}(Object(Illuminate\Http\Request))
#38 D:\laragon\www\jaibangla_dv\jaibangla\vendor\laravel\framework\src\Illuminate\Pipeline\Pipeline.php(148): Illuminate\Cookie\Middleware\EncryptCookies->handle(Object(Illuminate\Http\Request), Object(Closure))
#39 D:\laragon\www\jaibangla_dv\jaibangla\vendor\laravel\framework\src\Illuminate\Routing\Pipeline.php(53): Illuminate\Pipeline\Pipeline->Illuminate\Pipeline\{closure}(Object(Illuminate\Http\Request))
#40 D:\laragon\www\jaibangla_dv\jaibangla\vendor\laravel\framework\src\Illuminate\Pipeline\Pipeline.php(102): Illuminate\Routing\Pipeline->Illuminate\Routing\{closure}(Object(Illuminate\Http\Request))
#41 D:\laragon\www\jaibangla_dv\jaibangla\vendor\laravel\framework\src\Illuminate\Routing\Router.php(574): Illuminate\Pipeline\Pipeline->then(Object(Closure))
#42 D:\laragon\www\jaibangla_dv\jaibangla\vendor\laravel\framework\src\Illuminate\Routing\Router.php(533): Illuminate\Routing\Router->runRouteWithinStack(Object(Illuminate\Routing\Route), Object(Illuminate\Http\Request))
#43 D:\laragon\www\jaibangla_dv\jaibangla\vendor\laravel\framework\src\Illuminate\Routing\Router.php(511): Illuminate\Routing\Router->dispatchToRoute(Object(Illuminate\Http\Request))
#44 D:\laragon\www\jaibangla_dv\jaibangla\vendor\laravel\framework\src\Illuminate\Foundation\Http\Kernel.php(176): Illuminate\Routing\Router->dispatch(Object(Illuminate\Http\Request))
#45 D:\laragon\www\jaibangla_dv\jaibangla\vendor\laravel\framework\src\Illuminate\Routing\Pipeline.php(30): Illuminate\Foundation\Http\Kernel->Illuminate\Foundation\Http\{closure}(Object(Illuminate\Http\Request))
#46 D:\laragon\www\jaibangla_dv\jaibangla\vendor\laravel\framework\src\Illuminate\Foundation\Http\Middleware\TransformsRequest.php(30): Illuminate\Routing\Pipeline->Illuminate\Routing\{closure}(Object(Illuminate\Http\Request))
#47 D:\laragon\www\jaibangla_dv\jaibangla\vendor\laravel\framework\src\Illuminate\Pipeline\Pipeline.php(148): Illuminate\Foundation\Http\Middleware\TransformsRequest->handle(Object(Illuminate\Http\Request), Object(Closure))
#48 D:\laragon\www\jaibangla_dv\jaibangla\vendor\laravel\framework\src\Illuminate\Routing\Pipeline.php(53): Illuminate\Pipeline\Pipeline->Illuminate\Pipeline\{closure}(Object(Illuminate\Http\Request))
#49 D:\laragon\www\jaibangla_dv\jaibangla\vendor\laravel\framework\src\Illuminate\Foundation\Http\Middleware\TransformsRequest.php(30): Illuminate\Routing\Pipeline->Illuminate\Routing\{closure}(Object(Illuminate\Http\Request))
#50 D:\laragon\www\jaibangla_dv\jaibangla\vendor\laravel\framework\src\Illuminate\Pipeline\Pipeline.php(148): Illuminate\Foundation\Http\Middleware\TransformsRequest->handle(Object(Illuminate\Http\Request), Object(Closure))
#51 D:\laragon\www\jaibangla_dv\jaibangla\vendor\laravel\framework\src\Illuminate\Routing\Pipeline.php(53): Illuminate\Pipeline\Pipeline->Illuminate\Pipeline\{closure}(Object(Illuminate\Http\Request))
#52 D:\laragon\www\jaibangla_dv\jaibangla\vendor\laravel\framework\src\Illuminate\Foundation\Http\Middleware\ValidatePostSize.php(27): Illuminate\Routing\Pipeline->Illuminate\Routing\{closure}(Object(Illuminate\Http\Request))
#53 D:\laragon\www\jaibangla_dv\jaibangla\vendor\laravel\framework\src\Illuminate\Pipeline\Pipeline.php(148): Illuminate\Foundation\Http\Middleware\ValidatePostSize->handle(Object(Illuminate\Http\Request), Object(Closure))
#54 D:\laragon\www\jaibangla_dv\jaibangla\vendor\laravel\framework\src\Illuminate\Routing\Pipeline.php(53): Illuminate\Pipeline\Pipeline->Illuminate\Pipeline\{closure}(Object(Illuminate\Http\Request))
#55 D:\laragon\www\jaibangla_dv\jaibangla\vendor\laravel\framework\src\Illuminate\Foundation\Http\Middleware\CheckForMaintenanceMode.php(46): Illuminate\Routing\Pipeline->Illuminate\Routing\{closure}(Object(Illuminate\Http\Request))
#56 D:\laragon\www\jaibangla_dv\jaibangla\vendor\laravel\framework\src\Illuminate\Pipeline\Pipeline.php(148): Illuminate\Foundation\Http\Middleware\CheckForMaintenanceMode->handle(Object(Illuminate\Http\Request), Object(Closure))
#57 D:\laragon\www\jaibangla_dv\jaibangla\vendor\laravel\framework\src\Illuminate\Routing\Pipeline.php(53): Illuminate\Pipeline\Pipeline->Illuminate\Pipeline\{closure}(Object(Illuminate\Http\Request))
#58 D:\laragon\www\jaibangla_dv\jaibangla\vendor\laravel\framework\src\Illuminate\Pipeline\Pipeline.php(102): Illuminate\Routing\Pipeline->Illuminate\Routing\{closure}(Object(Illuminate\Http\Request))
#59 D:\laragon\www\jaibangla_dv\jaibangla\vendor\laravel\framework\src\Illuminate\Foundation\Http\Kernel.php(151): Illuminate\Pipeline\Pipeline->then(Object(Closure))
#60 D:\laragon\www\jaibangla_dv\jaibangla\vendor\laravel\framework\src\Illuminate\Foundation\Http\Kernel.php(116): Illuminate\Foundation\Http\Kernel->sendRequestThroughRouter(Object(Illuminate\Http\Request))
#61 D:\laragon\www\jaibangla_dv\index.php(53): Illuminate\Foundation\Http\Kernel->handle(Object(Illuminate\Http\Request))
#62 {main}

Next ErrorException: View [pension-details-view.perosnal_identification] not found. (View: D:\laragon\www\jaibangla_dv\jaibangla\resources\views\pension-details-view\pension_view_details.blade.php) (View: D:\laragon\www\jaibangla_dv\jaibangla\resources\views\pension-details-view\pension_view_details.blade.php) in D:\laragon\www\jaibangla_dv\jaibangla\vendor\laravel\framework\src\Illuminate\View\FileViewFinder.php:137
Stack trace:
#0 D:\laragon\www\jaibangla_dv\jaibangla\vendor\laravel\framework\src\Illuminate\View\Engines\PhpEngine.php(44): Illuminate\View\Engines\CompilerEngine->handleViewException(Object(ErrorException), 1)
#1 D:\laragon\www\jaibangla_dv\jaibangla\vendor\laravel\framework\src\Illuminate\View\Engines\CompilerEngine.php(59): Illuminate\View\Engines\PhpEngine->evaluatePath('D:\\laragon\\www\\...', Array)
#2 D:\laragon\www\jaibangla_dv\jaibangla\vendor\laravel\framework\src\Illuminate\View\View.php(137): Illuminate\View\Engines\CompilerEngine->get('D:\\laragon\\www\\...', Array)
#3 D:\laragon\www\jaibangla_dv\jaibangla\vendor\laravel\framework\src\Illuminate\View\View.php(120): Illuminate\View\View->getContents()
#4 D:\laragon\www\jaibangla_dv\jaibangla\vendor\laravel\framework\src\Illuminate\View\View.php(85): Illuminate\View\View->renderContents()
#5 D:\laragon\www\jaibangla_dv\jaibangla\vendor\laravel\framework\src\Illuminate\Http\Response.php(38): Illuminate\View\View->render()
#6 D:\laragon\www\jaibangla_dv\jaibangla\vendor\symfony\http-foundation\Response.php(206): Illuminate\Http\Response->setContent(Object(Illuminate\View\View))
#7 D:\laragon\www\jaibangla_dv\jaibangla\vendor\laravel\framework\src\Illuminate\Routing\Router.php(615): Symfony\Component\HttpFoundation\Response->__construct(Object(Illuminate\View\View))
#8 D:\laragon\www\jaibangla_dv\jaibangla\vendor\laravel\framework\src\Illuminate\Routing\Router.php(572): Illuminate\Routing\Router->prepareResponse(Object(Illuminate\Http\Request), Object(Illuminate\View\View))
#9 D:\laragon\www\jaibangla_dv\jaibangla\vendor\laravel\framework\src\Illuminate\Routing\Pipeline.php(30): Illuminate\Routing\Router->Illuminate\Routing\{closure}(Object(Illuminate\Http\Request))
#10 D:\laragon\www\jaibangla_dv\jaibangla\app\Http\Middleware\TrackPageCount.php(29): Illuminate\Routing\Pipeline->Illuminate\Routing\{closure}(Object(Illuminate\Http\Request))
#11 D:\laragon\www\jaibangla_dv\jaibangla\vendor\laravel\framework\src\Illuminate\Pipeline\Pipeline.php(148): App\Http\Middleware\TrackPageCount->handle(Object(Illuminate\Http\Request), Object(Closure))
#12 D:\laragon\www\jaibangla_dv\jaibangla\vendor\laravel\framework\src\Illuminate\Routing\Pipeline.php(53): Illuminate\Pipeline\Pipeline->Illuminate\Pipeline\{closure}(Object(Illuminate\Http\Request))
#13 D:\laragon\www\jaibangla_dv\jaibangla\vendor\laravel\framework\src\Illuminate\Routing\Middleware\SubstituteBindings.php(41): Illuminate\Routing\Pipeline->Illuminate\Routing\{closure}(Object(Illuminate\Http\Request))
#14 D:\laragon\www\jaibangla_dv\jaibangla\vendor\laravel\framework\src\Illuminate\Pipeline\Pipeline.php(148): Illuminate\Routing\Middleware\SubstituteBindings->handle(Object(Illuminate\Http\Request), Object(Closure))
#15 D:\laragon\www\jaibangla_dv\jaibangla\vendor\laravel\framework\src\Illuminate\Routing\Pipeline.php(53): Illuminate\Pipeline\Pipeline->Illuminate\Pipeline\{closure}(Object(Illuminate\Http\Request))
#16 D:\laragon\www\jaibangla_dv\jaibangla\vendor\laravel\framework\src\Illuminate\Auth\Middleware\Authenticate.php(43): Illuminate\Routing\Pipeline->Illuminate\Routing\{closure}(Object(Illuminate\Http\Request))
#17 D:\laragon\www\jaibangla_dv\jaibangla\vendor\laravel\framework\src\Illuminate\Pipeline\Pipeline.php(148): Illuminate\Auth\Middleware\Authenticate->handle(Object(Illuminate\Http\Request), Object(Closure))
#18 D:\laragon\www\jaibangla_dv\jaibangla\vendor\laravel\framework\src\Illuminate\Routing\Pipeline.php(53): Illuminate\Pipeline\Pipeline->Illuminate\Pipeline\{closure}(Object(Illuminate\Http\Request))
#19 D:\laragon\www\jaibangla_dv\jaibangla\vendor\laravel\framework\src\Illuminate\Foundation\Http\Middleware\VerifyCsrfToken.php(65): Illuminate\Routing\Pipeline->Illuminate\Routing\{closure}(Object(Illuminate\Http\Request))
#20 D:\laragon\www\jaibangla_dv\jaibangla\vendor\laravel\framework\src\Illuminate\Pipeline\Pipeline.php(148): Illuminate\Foundation\Http\Middleware\VerifyCsrfToken->handle(Object(Illuminate\Http\Request), Object(Closure))
#21 D:\laragon\www\jaibangla_dv\jaibangla\vendor\laravel\framework\src\Illuminate\Routing\Pipeline.php(53): Illuminate\Pipeline\Pipeline->Illuminate\Pipeline\{closure}(Object(Illuminate\Http\Request))
#22 D:\laragon\www\jaibangla_dv\jaibangla\vendor\laravel\framework\src\Illuminate\View\Middleware\ShareErrorsFromSession.php(49): Illuminate\Routing\Pipeline->Illuminate\Routing\{closure}(Object(Illuminate\Http\Request))
#23 D:\laragon\www\jaibangla_dv\jaibangla\vendor\laravel\framework\src\Illuminate\Pipeline\Pipeline.php(148): Illuminate\View\Middleware\ShareErrorsFromSession->handle(Object(Illuminate\Http\Request), Object(Closure))
#24 D:\laragon\www\jaibangla_dv\jaibangla\vendor\laravel\framework\src\Illuminate\Routing\Pipeline.php(53): Illuminate\Pipeline\Pipeline->Illuminate\Pipeline\{closure}(Object(Illuminate\Http\Request))
#25 D:\laragon\www\jaibangla_dv\jaibangla\vendor\laravel\framework\src\Illuminate\Session\Middleware\StartSession.php(64): Illuminate\Routing\Pipeline->Illuminate\Routing\{closure}(Object(Illuminate\Http\Request))
#26 D:\laragon\www\jaibangla_dv\jaibangla\vendor\laravel\framework\src\Illuminate\Pipeline\Pipeline.php(148): Illuminate\Session\Middleware\StartSession->handle(Object(Illuminate\Http\Request), Object(Closure))
#27 D:\laragon\www\jaibangla_dv\jaibangla\vendor\laravel\framework\src\Illuminate\Routing\Pipeline.php(53): Illuminate\Pipeline\Pipeline->Illuminate\Pipeline\{closure}(Object(Illuminate\Http\Request))
#28 D:\laragon\www\jaibangla_dv\jaibangla\vendor\laravel\framework\src\Illuminate\Cookie\Middleware\AddQueuedCookiesToResponse.php(37): Illuminate\Routing\Pipeline->Illuminate\Routing\{closure}(Object(Illuminate\Http\Request))
#29 D:\laragon\www\jaibangla_dv\jaibangla\vendor\laravel\framework\src\Illuminate\Pipeline\Pipeline.php(148): Illuminate\Cookie\Middleware\AddQueuedCookiesToResponse->handle(Object(Illuminate\Http\Request), Object(Closure))
#30 D:\laragon\www\jaibangla_dv\jaibangla\vendor\laravel\framework\src\Illuminate\Routing\Pipeline.php(53): Illuminate\Pipeline\Pipeline->Illuminate\Pipeline\{closure}(Object(Illuminate\Http\Request))
#31 D:\laragon\www\jaibangla_dv\jaibangla\vendor\laravel\framework\src\Illuminate\Cookie\Middleware\EncryptCookies.php(59): Illuminate\Routing\Pipeline->Illuminate\Routing\{closure}(Object(Illuminate\Http\Request))
#32 D:\laragon\www\jaibangla_dv\jaibangla\vendor\laravel\framework\src\Illuminate\Pipeline\Pipeline.php(148): Illuminate\Cookie\Middleware\EncryptCookies->handle(Object(Illuminate\Http\Request), Object(Closure))
#33 D:\laragon\www\jaibangla_dv\jaibangla\vendor\laravel\framework\src\Illuminate\Routing\Pipeline.php(53): Illuminate\Pipeline\Pipeline->Illuminate\Pipeline\{closure}(Object(Illuminate\Http\Request))
#34 D:\laragon\www\jaibangla_dv\jaibangla\vendor\laravel\framework\src\Illuminate\Pipeline\Pipeline.php(102): Illuminate\Routing\Pipeline->Illuminate\Routing\{closure}(Object(Illuminate\Http\Request))
#35 D:\laragon\www\jaibangla_dv\jaibangla\vendor\laravel\framework\src\Illuminate\Routing\Router.php(574): Illuminate\Pipeline\Pipeline->then(Object(Closure))
#36 D:\laragon\www\jaibangla_dv\jaibangla\vendor\laravel\framework\src\Illuminate\Routing\Router.php(533): Illuminate\Routing\Router->runRouteWithinStack(Object(Illuminate\Routing\Route), Object(Illuminate\Http\Request))
#37 D:\laragon\www\jaibangla_dv\jaibangla\vendor\laravel\framework\src\Illuminate\Routing\Router.php(511): Illuminate\Routing\Router->dispatchToRoute(Object(Illuminate\Http\Request))
#38 D:\laragon\www\jaibangla_dv\jaibangla\vendor\laravel\framework\src\Illuminate\Foundation\Http\Kernel.php(176): Illuminate\Routing\Router->dispatch(Object(Illuminate\Http\Request))
#39 D:\laragon\www\jaibangla_dv\jaibangla\vendor\laravel\framework\src\Illuminate\Routing\Pipeline.php(30): Illuminate\Foundation\Http\Kernel->Illuminate\Foundation\Http\{closure}(Object(Illuminate\Http\Request))
#40 D:\laragon\www\jaibangla_dv\jaibangla\vendor\laravel\framework\src\Illuminate\Foundation\Http\Middleware\TransformsRequest.php(30): Illuminate\Routing\Pipeline->Illuminate\Routing\{closure}(Object(Illuminate\Http\Request))
#41 D:\laragon\www\jaibangla_dv\jaibangla\vendor\laravel\framework\src\Illuminate\Pipeline\Pipeline.php(148): Illuminate\Foundation\Http\Middleware\TransformsRequest->handle(Object(Illuminate\Http\Request), Object(Closure))
#42 D:\laragon\www\jaibangla_dv\jaibangla\vendor\laravel\framework\src\Illuminate\Routing\Pipeline.php(53): Illuminate\Pipeline\Pipeline->Illuminate\Pipeline\{closure}(Object(Illuminate\Http\Request))
#43 D:\laragon\www\jaibangla_dv\jaibangla\vendor\laravel\framework\src\Illuminate\Foundation\Http\Middleware\TransformsRequest.php(30): Illuminate\Routing\Pipeline->Illuminate\Routing\{closure}(Object(Illuminate\Http\Request))
#44 D:\laragon\www\jaibangla_dv\jaibangla\vendor\laravel\framework\src\Illuminate\Pipeline\Pipeline.php(148): Illuminate\Foundation\Http\Middleware\TransformsRequest->handle(Object(Illuminate\Http\Request), Object(Closure))
#45 D:\laragon\www\jaibangla_dv\jaibangla\vendor\laravel\framework\src\Illuminate\Routing\Pipeline.php(53): Illuminate\Pipeline\Pipeline->Illuminate\Pipeline\{closure}(Object(Illuminate\Http\Request))
#46 D:\laragon\www\jaibangla_dv\jaibangla\vendor\laravel\framework\src\Illuminate\Foundation\Http\Middleware\ValidatePostSize.php(27): Illuminate\Routing\Pipeline->Illuminate\Routing\{closure}(Object(Illuminate\Http\Request))
#47 D:\laragon\www\jaibangla_dv\jaibangla\vendor\laravel\framework\src\Illuminate\Pipeline\Pipeline.php(148): Illuminate\Foundation\Http\Middleware\ValidatePostSize->handle(Object(Illuminate\Http\Request), Object(Closure))
#48 D:\laragon\www\jaibangla_dv\jaibangla\vendor\laravel\framework\src\Illuminate\Routing\Pipeline.php(53): Illuminate\Pipeline\Pipeline->Illuminate\Pipeline\{closure}(Object(Illuminate\Http\Request))
#49 D:\laragon\www\jaibangla_dv\jaibangla\vendor\laravel\framework\src\Illuminate\Foundation\Http\Middleware\CheckForMaintenanceMode.php(46): Illuminate\Routing\Pipeline->Illuminate\Routing\{closure}(Object(Illuminate\Http\Request))
#50 D:\laragon\www\jaibangla_dv\jaibangla\vendor\laravel\framework\src\Illuminate\Pipeline\Pipeline.php(148): Illuminate\Foundation\Http\Middleware\CheckForMaintenanceMode->handle(Object(Illuminate\Http\Request), Object(Closure))
#51 D:\laragon\www\jaibangla_dv\jaibangla\vendor\laravel\framework\src\Illuminate\Routing\Pipeline.php(53): Illuminate\Pipeline\Pipeline->Illuminate\Pipeline\{closure}(Object(Illuminate\Http\Request))
#52 D:\laragon\www\jaibangla_dv\jaibangla\vendor\laravel\framework\src\Illuminate\Pipeline\Pipeline.php(102): Illuminate\Routing\Pipeline->Illuminate\Routing\{closure}(Object(Illuminate\Http\Request))
#53 D:\laragon\www\jaibangla_dv\jaibangla\vendor\laravel\framework\src\Illuminate\Foundation\Http\Kernel.php(151): Illuminate\Pipeline\Pipeline->then(Object(Closure))
#54 D:\laragon\www\jaibangla_dv\jaibangla\vendor\laravel\framework\src\Illuminate\Foundation\Http\Kernel.php(116): Illuminate\Foundation\Http\Kernel->sendRequestThroughRouter(Object(Illuminate\Http\Request))
#55 D:\laragon\www\jaibangla_dv\index.php(53): Illuminate\Foundation\Http\Kernel->handle(Object(Illuminate\Http\Request))
#56 {main}  
[2024-12-18 05:17:21] production.ERROR: InvalidArgumentException: View [pension-details-view.contact_details] not found. in D:\laragon\www\jaibangla_dv\jaibangla\vendor\laravel\framework\src\Illuminate\View\FileViewFinder.php:137
Stack trace:
#0 D:\laragon\www\jaibangla_dv\jaibangla\vendor\laravel\framework\src\Illuminate\View\FileViewFinder.php(79): Illuminate\View\FileViewFinder->findInPaths('pension-details...', Array)
#1 D:\laragon\www\jaibangla_dv\jaibangla\vendor\laravel\framework\src\Illuminate\View\Factory.php(128): Illuminate\View\FileViewFinder->find('pension-details...')
#2 D:\laragon\www\jaibangla_dv\jaibangla\storage\framework\views\d7a184fbc476d9ba1623f1c7f4ccbb74c47bd814.php(178): Illuminate\View\Factory->make('pension-details...', Array)
#3 D:\laragon\www\jaibangla_dv\jaibangla\vendor\laravel\framework\src\Illuminate\View\Engines\PhpEngine.php(42): include('D:\\laragon\\www\\...')
#4 D:\laragon\www\jaibangla_dv\jaibangla\vendor\laravel\framework\src\Illuminate\View\Engines\CompilerEngine.php(59): Illuminate\View\Engines\PhpEngine->evaluatePath('D:\\laragon\\www\\...', Array)
#5 D:\laragon\www\jaibangla_dv\jaibangla\vendor\laravel\framework\src\Illuminate\View\View.php(137): Illuminate\View\Engines\CompilerEngine->get('D:\\laragon\\www\\...', Array)
#6 D:\laragon\www\jaibangla_dv\jaibangla\vendor\laravel\framework\src\Illuminate\View\View.php(120): Illuminate\View\View->getContents()
#7 D:\laragon\www\jaibangla_dv\jaibangla\vendor\laravel\framework\src\Illuminate\View\View.php(85): Illuminate\View\View->renderContents()
#8 D:\laragon\www\jaibangla_dv\jaibangla\storage\framework\views\0d34c288b4683bdc33b71c9ec48a768027506d47.php(59): Illuminate\View\View->render()
#9 D:\laragon\www\jaibangla_dv\jaibangla\vendor\laravel\framework\src\Illuminate\View\Engines\PhpEngine.php(42): include('D:\\laragon\\www\\...')
#10 D:\laragon\www\jaibangla_dv\jaibangla\vendor\laravel\framework\src\Illuminate\View\Engines\CompilerEngine.php(59): Illuminate\View\Engines\PhpEngine->evaluatePath('D:\\laragon\\www\\...', Array)
#11 D:\laragon\www\jaibangla_dv\jaibangla\vendor\laravel\framework\src\Illuminate\View\View.php(137): Illuminate\View\Engines\CompilerEngine->get('D:\\laragon\\www\\...', Array)
#12 D:\laragon\www\jaibangla_dv\jaibangla\vendor\laravel\framework\src\Illuminate\View\View.php(120): Illuminate\View\View->getContents()
#13 D:\laragon\www\jaibangla_dv\jaibangla\vendor\laravel\framework\src\Illuminate\View\View.php(85): Illuminate\View\View->renderContents()
#14 D:\laragon\www\jaibangla_dv\jaibangla\vendor\laravel\framework\src\Illuminate\Http\Response.php(38): Illuminate\View\View->render()
#15 D:\laragon\www\jaibangla_dv\jaibangla\vendor\symfony\http-foundation\Response.php(206): Illuminate\Http\Response->setContent(Object(Illuminate\View\View))
#16 D:\laragon\www\jaibangla_dv\jaibangla\vendor\laravel\framework\src\Illuminate\Routing\Router.php(615): Symfony\Component\HttpFoundation\Response->__construct(Object(Illuminate\View\View))
#17 D:\laragon\www\jaibangla_dv\jaibangla\vendor\laravel\framework\src\Illuminate\Routing\Router.php(572): Illuminate\Routing\Router->prepareResponse(Object(Illuminate\Http\Request), Object(Illuminate\View\View))
#18 D:\laragon\www\jaibangla_dv\jaibangla\vendor\laravel\framework\src\Illuminate\Routing\Pipeline.php(30): Illuminate\Routing\Router->Illuminate\Routing\{closure}(Object(Illuminate\Http\Request))
#19 D:\laragon\www\jaibangla_dv\jaibangla\app\Http\Middleware\TrackPageCount.php(29): Illuminate\Routing\Pipeline->Illuminate\Routing\{closure}(Object(Illuminate\Http\Request))
#20 D:\laragon\www\jaibangla_dv\jaibangla\vendor\laravel\framework\src\Illuminate\Pipeline\Pipeline.php(148): App\Http\Middleware\TrackPageCount->handle(Object(Illuminate\Http\Request), Object(Closure))
#21 D:\laragon\www\jaibangla_dv\jaibangla\vendor\laravel\framework\src\Illuminate\Routing\Pipeline.php(53): Illuminate\Pipeline\Pipeline->Illuminate\Pipeline\{closure}(Object(Illuminate\Http\Request))
#22 D:\laragon\www\jaibangla_dv\jaibangla\vendor\laravel\framework\src\Illuminate\Routing\Middleware\SubstituteBindings.php(41): Illuminate\Routing\Pipeline->Illuminate\Routing\{closure}(Object(Illuminate\Http\Request))
#23 D:\laragon\www\jaibangla_dv\jaibangla\vendor\laravel\framework\src\Illuminate\Pipeline\Pipeline.php(148): Illuminate\Routing\Middleware\SubstituteBindings->handle(Object(Illuminate\Http\Request), Object(Closure))
#24 D:\laragon\www\jaibangla_dv\jaibangla\vendor\laravel\framework\src\Illuminate\Routing\Pipeline.php(53): Illuminate\Pipeline\Pipeline->Illuminate\Pipeline\{closure}(Object(Illuminate\Http\Request))
#25 D:\laragon\www\jaibangla_dv\jaibangla\vendor\laravel\framework\src\Illuminate\Auth\Middleware\Authenticate.php(43): Illuminate\Routing\Pipeline->Illuminate\Routing\{closure}(Object(Illuminate\Http\Request))
#26 D:\laragon\www\jaibangla_dv\jaibangla\vendor\laravel\framework\src\Illuminate\Pipeline\Pipeline.php(148): Illuminate\Auth\Middleware\Authenticate->handle(Object(Illuminate\Http\Request), Object(Closure))
#27 D:\laragon\www\jaibangla_dv\jaibangla\vendor\laravel\framework\src\Illuminate\Routing\Pipeline.php(53): Illuminate\Pipeline\Pipeline->Illuminate\Pipeline\{closure}(Object(Illuminate\Http\Request))
#28 D:\laragon\www\jaibangla_dv\jaibangla\vendor\laravel\framework\src\Illuminate\Foundation\Http\Middleware\VerifyCsrfToken.php(65): Illuminate\Routing\Pipeline->Illuminate\Routing\{closure}(Object(Illuminate\Http\Request))
#29 D:\laragon\www\jaibangla_dv\jaibangla\vendor\laravel\framework\src\Illuminate\Pipeline\Pipeline.php(148): Illuminate\Foundation\Http\Middleware\VerifyCsrfToken->handle(Object(Illuminate\Http\Request), Object(Closure))
#30 D:\laragon\www\jaibangla_dv\jaibangla\vendor\laravel\framework\src\Illuminate\Routing\Pipeline.php(53): Illuminate\Pipeline\Pipeline->Illuminate\Pipeline\{closure}(Object(Illuminate\Http\Request))
#31 D:\laragon\www\jaibangla_dv\jaibangla\vendor\laravel\framework\src\Illuminate\View\Middleware\ShareErrorsFromSession.php(49): Illuminate\Routing\Pipeline->Illuminate\Routing\{closure}(Object(Illuminate\Http\Request))
#32 D:\laragon\www\jaibangla_dv\jaibangla\vendor\laravel\framework\src\Illuminate\Pipeline\Pipeline.php(148): Illuminate\View\Middleware\ShareErrorsFromSession->handle(Object(Illuminate\Http\Request), Object(Closure))
#33 D:\laragon\www\jaibangla_dv\jaibangla\vendor\laravel\framework\src\Illuminate\Routing\Pipeline.php(53): Illuminate\Pipeline\Pipeline->Illuminate\Pipeline\{closure}(Object(Illuminate\Http\Request))
#34 D:\laragon\www\jaibangla_dv\jaibangla\vendor\laravel\framework\src\Illuminate\Session\Middleware\StartSession.php(64): Illuminate\Routing\Pipeline->Illuminate\Routing\{closure}(Object(Illuminate\Http\Request))
#35 D:\laragon\www\jaibangla_dv\jaibangla\vendor\laravel\framework\src\Illuminate\Pipeline\Pipeline.php(148): Illuminate\Session\Middleware\StartSession->handle(Object(Illuminate\Http\Request), Object(Closure))
#36 D:\laragon\www\jaibangla_dv\jaibangla\vendor\laravel\framework\src\Illuminate\Routing\Pipeline.php(53): Illuminate\Pipeline\Pipeline->Illuminate\Pipeline\{closure}(Object(Illuminate\Http\Request))
#37 D:\laragon\www\jaibangla_dv\jaibangla\vendor\laravel\framework\src\Illuminate\Cookie\Middleware\AddQueuedCookiesToResponse.php(37): Illuminate\Routing\Pipeline->Illuminate\Routing\{closure}(Object(Illuminate\Http\Request))
#38 D:\laragon\www\jaibangla_dv\jaibangla\vendor\laravel\framework\src\Illuminate\Pipeline\Pipeline.php(148): Illuminate\Cookie\Middleware\AddQueuedCookiesToResponse->handle(Object(Illuminate\Http\Request), Object(Closure))
#39 D:\laragon\www\jaibangla_dv\jaibangla\vendor\laravel\framework\src\Illuminate\Routing\Pipeline.php(53): Illuminate\Pipeline\Pipeline->Illuminate\Pipeline\{closure}(Object(Illuminate\Http\Request))
#40 D:\laragon\www\jaibangla_dv\jaibangla\vendor\laravel\framework\src\Illuminate\Cookie\Middleware\EncryptCookies.php(59): Illuminate\Routing\Pipeline->Illuminate\Routing\{closure}(Object(Illuminate\Http\Request))
#41 D:\laragon\www\jaibangla_dv\jaibangla\vendor\laravel\framework\src\Illuminate\Pipeline\Pipeline.php(148): Illuminate\Cookie\Middleware\EncryptCookies->handle(Object(Illuminate\Http\Request), Object(Closure))
#42 D:\laragon\www\jaibangla_dv\jaibangla\vendor\laravel\framework\src\Illuminate\Routing\Pipeline.php(53): Illuminate\Pipeline\Pipeline->Illuminate\Pipeline\{closure}(Object(Illuminate\Http\Request))
#43 D:\laragon\www\jaibangla_dv\jaibangla\vendor\laravel\framework\src\Illuminate\Pipeline\Pipeline.php(102): Illuminate\Routing\Pipeline->Illuminate\Routing\{closure}(Object(Illuminate\Http\Request))
#44 D:\laragon\www\jaibangla_dv\jaibangla\vendor\laravel\framework\src\Illuminate\Routing\Router.php(574): Illuminate\Pipeline\Pipeline->then(Object(Closure))
#45 D:\laragon\www\jaibangla_dv\jaibangla\vendor\laravel\framework\src\Illuminate\Routing\Router.php(533): Illuminate\Routing\Router->runRouteWithinStack(Object(Illuminate\Routing\Route), Object(Illuminate\Http\Request))
#46 D:\laragon\www\jaibangla_dv\jaibangla\vendor\laravel\framework\src\Illuminate\Routing\Router.php(511): Illuminate\Routing\Router->dispatchToRoute(Object(Illuminate\Http\Request))
#47 D:\laragon\www\jaibangla_dv\jaibangla\vendor\laravel\framework\src\Illuminate\Foundation\Http\Kernel.php(176): Illuminate\Routing\Router->dispatch(Object(Illuminate\Http\Request))
#48 D:\laragon\www\jaibangla_dv\jaibangla\vendor\laravel\framework\src\Illuminate\Routing\Pipeline.php(30): Illuminate\Foundation\Http\Kernel->Illuminate\Foundation\Http\{closure}(Object(Illuminate\Http\Request))
#49 D:\laragon\www\jaibangla_dv\jaibangla\vendor\laravel\framework\src\Illuminate\Foundation\Http\Middleware\TransformsRequest.php(30): Illuminate\Routing\Pipeline->Illuminate\Routing\{closure}(Object(Illuminate\Http\Request))
#50 D:\laragon\www\jaibangla_dv\jaibangla\vendor\laravel\framework\src\Illuminate\Pipeline\Pipeline.php(148): Illuminate\Foundation\Http\Middleware\TransformsRequest->handle(Object(Illuminate\Http\Request), Object(Closure))
#51 D:\laragon\www\jaibangla_dv\jaibangla\vendor\laravel\framework\src\Illuminate\Routing\Pipeline.php(53): Illuminate\Pipeline\Pipeline->Illuminate\Pipeline\{closure}(Object(Illuminate\Http\Request))
#52 D:\laragon\www\jaibangla_dv\jaibangla\vendor\laravel\framework\src\Illuminate\Foundation\Http\Middleware\TransformsRequest.php(30): Illuminate\Routing\Pipeline->Illuminate\Routing\{closure}(Object(Illuminate\Http\Request))
#53 D:\laragon\www\jaibangla_dv\jaibangla\vendor\laravel\framework\src\Illuminate\Pipeline\Pipeline.php(148): Illuminate\Foundation\Http\Middleware\TransformsRequest->handle(Object(Illuminate\Http\Request), Object(Closure))
#54 D:\laragon\www\jaibangla_dv\jaibangla\vendor\laravel\framework\src\Illuminate\Routing\Pipeline.php(53): Illuminate\Pipeline\Pipeline->Illuminate\Pipeline\{closure}(Object(Illuminate\Http\Request))
#55 D:\laragon\www\jaibangla_dv\jaibangla\vendor\laravel\framework\src\Illuminate\Foundation\Http\Middleware\ValidatePostSize.php(27): Illuminate\Routing\Pipeline->Illuminate\Routing\{closure}(Object(Illuminate\Http\Request))
#56 D:\laragon\www\jaibangla_dv\jaibangla\vendor\laravel\framework\src\Illuminate\Pipeline\Pipeline.php(148): Illuminate\Foundation\Http\Middleware\ValidatePostSize->handle(Object(Illuminate\Http\Request), Object(Closure))
#57 D:\laragon\www\jaibangla_dv\jaibangla\vendor\laravel\framework\src\Illuminate\Routing\Pipeline.php(53): Illuminate\Pipeline\Pipeline->Illuminate\Pipeline\{closure}(Object(Illuminate\Http\Request))
#58 D:\laragon\www\jaibangla_dv\jaibangla\vendor\laravel\framework\src\Illuminate\Foundation\Http\Middleware\CheckForMaintenanceMode.php(46): Illuminate\Routing\Pipeline->Illuminate\Routing\{closure}(Object(Illuminate\Http\Request))
#59 D:\laragon\www\jaibangla_dv\jaibangla\vendor\laravel\framework\src\Illuminate\Pipeline\Pipeline.php(148): Illuminate\Foundation\Http\Middleware\CheckForMaintenanceMode->handle(Object(Illuminate\Http\Request), Object(Closure))
#60 D:\laragon\www\jaibangla_dv\jaibangla\vendor\laravel\framework\src\Illuminate\Routing\Pipeline.php(53): Illuminate\Pipeline\Pipeline->Illuminate\Pipeline\{closure}(Object(Illuminate\Http\Request))
#61 D:\laragon\www\jaibangla_dv\jaibangla\vendor\laravel\framework\src\Illuminate\Pipeline\Pipeline.php(102): Illuminate\Routing\Pipeline->Illuminate\Routing\{closure}(Object(Illuminate\Http\Request))
#62 D:\laragon\www\jaibangla_dv\jaibangla\vendor\laravel\framework\src\Illuminate\Foundation\Http\Kernel.php(151): Illuminate\Pipeline\Pipeline->then(Object(Closure))
#63 D:\laragon\www\jaibangla_dv\jaibangla\vendor\laravel\framework\src\Illuminate\Foundation\Http\Kernel.php(116): Illuminate\Foundation\Http\Kernel->sendRequestThroughRouter(Object(Illuminate\Http\Request))
#64 D:\laragon\www\jaibangla_dv\index.php(53): Illuminate\Foundation\Http\Kernel->handle(Object(Illuminate\Http\Request))
#65 {main}

Next ErrorException: View [pension-details-view.contact_details] not found. (View: D:\laragon\www\jaibangla_dv\jaibangla\resources\views\pension-details-view\pension_view_details.blade.php) in D:\laragon\www\jaibangla_dv\jaibangla\vendor\laravel\framework\src\Illuminate\View\FileViewFinder.php:137
Stack trace:
#0 D:\laragon\www\jaibangla_dv\jaibangla\vendor\laravel\framework\src\Illuminate\View\Engines\PhpEngine.php(44): Illuminate\View\Engines\CompilerEngine->handleViewException(Object(InvalidArgumentException), 2)
#1 D:\laragon\www\jaibangla_dv\jaibangla\vendor\laravel\framework\src\Illuminate\View\Engines\CompilerEngine.php(59): Illuminate\View\Engines\PhpEngine->evaluatePath('D:\\laragon\\www\\...', Array)
#2 D:\laragon\www\jaibangla_dv\jaibangla\vendor\laravel\framework\src\Illuminate\View\View.php(137): Illuminate\View\Engines\CompilerEngine->get('D:\\laragon\\www\\...', Array)
#3 D:\laragon\www\jaibangla_dv\jaibangla\vendor\laravel\framework\src\Illuminate\View\View.php(120): Illuminate\View\View->getContents()
#4 D:\laragon\www\jaibangla_dv\jaibangla\vendor\laravel\framework\src\Illuminate\View\View.php(85): Illuminate\View\View->renderContents()
#5 D:\laragon\www\jaibangla_dv\jaibangla\storage\framework\views\0d34c288b4683bdc33b71c9ec48a768027506d47.php(59): Illuminate\View\View->render()
#6 D:\laragon\www\jaibangla_dv\jaibangla\vendor\laravel\framework\src\Illuminate\View\Engines\PhpEngine.php(42): include('D:\\laragon\\www\\...')
#7 D:\laragon\www\jaibangla_dv\jaibangla\vendor\laravel\framework\src\Illuminate\View\Engines\CompilerEngine.php(59): Illuminate\View\Engines\PhpEngine->evaluatePath('D:\\laragon\\www\\...', Array)
#8 D:\laragon\www\jaibangla_dv\jaibangla\vendor\laravel\framework\src\Illuminate\View\View.php(137): Illuminate\View\Engines\CompilerEngine->get('D:\\laragon\\www\\...', Array)
#9 D:\laragon\www\jaibangla_dv\jaibangla\vendor\laravel\framework\src\Illuminate\View\View.php(120): Illuminate\View\View->getContents()
#10 D:\laragon\www\jaibangla_dv\jaibangla\vendor\laravel\framework\src\Illuminate\View\View.php(85): Illuminate\View\View->renderContents()
#11 D:\laragon\www\jaibangla_dv\jaibangla\vendor\laravel\framework\src\Illuminate\Http\Response.php(38): Illuminate\View\View->render()
#12 D:\laragon\www\jaibangla_dv\jaibangla\vendor\symfony\http-foundation\Response.php(206): Illuminate\Http\Response->setContent(Object(Illuminate\View\View))
#13 D:\laragon\www\jaibangla_dv\jaibangla\vendor\laravel\framework\src\Illuminate\Routing\Router.php(615): Symfony\Component\HttpFoundation\Response->__construct(Object(Illuminate\View\View))
#14 D:\laragon\www\jaibangla_dv\jaibangla\vendor\laravel\framework\src\Illuminate\Routing\Router.php(572): Illuminate\Routing\Router->prepareResponse(Object(Illuminate\Http\Request), Object(Illuminate\View\View))
#15 D:\laragon\www\jaibangla_dv\jaibangla\vendor\laravel\framework\src\Illuminate\Routing\Pipeline.php(30): Illuminate\Routing\Router->Illuminate\Routing\{closure}(Object(Illuminate\Http\Request))
#16 D:\laragon\www\jaibangla_dv\jaibangla\app\Http\Middleware\TrackPageCount.php(29): Illuminate\Routing\Pipeline->Illuminate\Routing\{closure}(Object(Illuminate\Http\Request))
#17 D:\laragon\www\jaibangla_dv\jaibangla\vendor\laravel\framework\src\Illuminate\Pipeline\Pipeline.php(148): App\Http\Middleware\TrackPageCount->handle(Object(Illuminate\Http\Request), Object(Closure))
#18 D:\laragon\www\jaibangla_dv\jaibangla\vendor\laravel\framework\src\Illuminate\Routing\Pipeline.php(53): Illuminate\Pipeline\Pipeline->Illuminate\Pipeline\{closure}(Object(Illuminate\Http\Request))
#19 D:\laragon\www\jaibangla_dv\jaibangla\vendor\laravel\framework\src\Illuminate\Routing\Middleware\SubstituteBindings.php(41): Illuminate\Routing\Pipeline->Illuminate\Routing\{closure}(Object(Illuminate\Http\Request))
#20 D:\laragon\www\jaibangla_dv\jaibangla\vendor\laravel\framework\src\Illuminate\Pipeline\Pipeline.php(148): Illuminate\Routing\Middleware\SubstituteBindings->handle(Object(Illuminate\Http\Request), Object(Closure))
#21 D:\laragon\www\jaibangla_dv\jaibangla\vendor\laravel\framework\src\Illuminate\Routing\Pipeline.php(53): Illuminate\Pipeline\Pipeline->Illuminate\Pipeline\{closure}(Object(Illuminate\Http\Request))
#22 D:\laragon\www\jaibangla_dv\jaibangla\vendor\laravel\framework\src\Illuminate\Auth\Middleware\Authenticate.php(43): Illuminate\Routing\Pipeline->Illuminate\Routing\{closure}(Object(Illuminate\Http\Request))
#23 D:\laragon\www\jaibangla_dv\jaibangla\vendor\laravel\framework\src\Illuminate\Pipeline\Pipeline.php(148): Illuminate\Auth\Middleware\Authenticate->handle(Object(Illuminate\Http\Request), Object(Closure))
#24 D:\laragon\www\jaibangla_dv\jaibangla\vendor\laravel\framework\src\Illuminate\Routing\Pipeline.php(53): Illuminate\Pipeline\Pipeline->Illuminate\Pipeline\{closure}(Object(Illuminate\Http\Request))
#25 D:\laragon\www\jaibangla_dv\jaibangla\vendor\laravel\framework\src\Illuminate\Foundation\Http\Middleware\VerifyCsrfToken.php(65): Illuminate\Routing\Pipeline->Illuminate\Routing\{closure}(Object(Illuminate\Http\Request))
#26 D:\laragon\www\jaibangla_dv\jaibangla\vendor\laravel\framework\src\Illuminate\Pipeline\Pipeline.php(148): Illuminate\Foundation\Http\Middleware\VerifyCsrfToken->handle(Object(Illuminate\Http\Request), Object(Closure))
#27 D:\laragon\www\jaibangla_dv\jaibangla\vendor\laravel\framework\src\Illuminate\Routing\Pipeline.php(53): Illuminate\Pipeline\Pipeline->Illuminate\Pipeline\{closure}(Object(Illuminate\Http\Request))
#28 D:\laragon\www\jaibangla_dv\jaibangla\vendor\laravel\framework\src\Illuminate\View\Middleware\ShareErrorsFromSession.php(49): Illuminate\Routing\Pipeline->Illuminate\Routing\{closure}(Object(Illuminate\Http\Request))
#29 D:\laragon\www\jaibangla_dv\jaibangla\vendor\laravel\framework\src\Illuminate\Pipeline\Pipeline.php(148): Illuminate\View\Middleware\ShareErrorsFromSession->handle(Object(Illuminate\Http\Request), Object(Closure))
#30 D:\laragon\www\jaibangla_dv\jaibangla\vendor\laravel\framework\src\Illuminate\Routing\Pipeline.php(53): Illuminate\Pipeline\Pipeline->Illuminate\Pipeline\{closure}(Object(Illuminate\Http\Request))
#31 D:\laragon\www\jaibangla_dv\jaibangla\vendor\laravel\framework\src\Illuminate\Session\Middleware\StartSession.php(64): Illuminate\Routing\Pipeline->Illuminate\Routing\{closure}(Object(Illuminate\Http\Request))
#32 D:\laragon\www\jaibangla_dv\jaibangla\vendor\laravel\framework\src\Illuminate\Pipeline\Pipeline.php(148): Illuminate\Session\Middleware\StartSession->handle(Object(Illuminate\Http\Request), Object(Closure))
#33 D:\laragon\www\jaibangla_dv\jaibangla\vendor\laravel\framework\src\Illuminate\Routing\Pipeline.php(53): Illuminate\Pipeline\Pipeline->Illuminate\Pipeline\{closure}(Object(Illuminate\Http\Request))
#34 D:\laragon\www\jaibangla_dv\jaibangla\vendor\laravel\framework\src\Illuminate\Cookie\Middleware\AddQueuedCookiesToResponse.php(37): Illuminate\Routing\Pipeline->Illuminate\Routing\{closure}(Object(Illuminate\Http\Request))
#35 D:\laragon\www\jaibangla_dv\jaibangla\vendor\laravel\framework\src\Illuminate\Pipeline\Pipeline.php(148): Illuminate\Cookie\Middleware\AddQueuedCookiesToResponse->handle(Object(Illuminate\Http\Request), Object(Closure))
#36 D:\laragon\www\jaibangla_dv\jaibangla\vendor\laravel\framework\src\Illuminate\Routing\Pipeline.php(53): Illuminate\Pipeline\Pipeline->Illuminate\Pipeline\{closure}(Object(Illuminate\Http\Request))
#37 D:\laragon\www\jaibangla_dv\jaibangla\vendor\laravel\framework\src\Illuminate\Cookie\Middleware\EncryptCookies.php(59): Illuminate\Routing\Pipeline->Illuminate\Routing\{closure}(Object(Illuminate\Http\Request))
#38 D:\laragon\www\jaibangla_dv\jaibangla\vendor\laravel\framework\src\Illuminate\Pipeline\Pipeline.php(148): Illuminate\Cookie\Middleware\EncryptCookies->handle(Object(Illuminate\Http\Request), Object(Closure))
#39 D:\laragon\www\jaibangla_dv\jaibangla\vendor\laravel\framework\src\Illuminate\Routing\Pipeline.php(53): Illuminate\Pipeline\Pipeline->Illuminate\Pipeline\{closure}(Object(Illuminate\Http\Request))
#40 D:\laragon\www\jaibangla_dv\jaibangla\vendor\laravel\framework\src\Illuminate\Pipeline\Pipeline.php(102): Illuminate\Routing\Pipeline->Illuminate\Routing\{closure}(Object(Illuminate\Http\Request))
#41 D:\laragon\www\jaibangla_dv\jaibangla\vendor\laravel\framework\src\Illuminate\Routing\Router.php(574): Illuminate\Pipeline\Pipeline->then(Object(Closure))
#42 D:\laragon\www\jaibangla_dv\jaibangla\vendor\laravel\framework\src\Illuminate\Routing\Router.php(533): Illuminate\Routing\Router->runRouteWithinStack(Object(Illuminate\Routing\Route), Object(Illuminate\Http\Request))
#43 D:\laragon\www\jaibangla_dv\jaibangla\vendor\laravel\framework\src\Illuminate\Routing\Router.php(511): Illuminate\Routing\Router->dispatchToRoute(Object(Illuminate\Http\Request))
#44 D:\laragon\www\jaibangla_dv\jaibangla\vendor\laravel\framework\src\Illuminate\Foundation\Http\Kernel.php(176): Illuminate\Routing\Router->dispatch(Object(Illuminate\Http\Request))
#45 D:\laragon\www\jaibangla_dv\jaibangla\vendor\laravel\framework\src\Illuminate\Routing\Pipeline.php(30): Illuminate\Foundation\Http\Kernel->Illuminate\Foundation\Http\{closure}(Object(Illuminate\Http\Request))
#46 D:\laragon\www\jaibangla_dv\jaibangla\vendor\laravel\framework\src\Illuminate\Foundation\Http\Middleware\TransformsRequest.php(30): Illuminate\Routing\Pipeline->Illuminate\Routing\{closure}(Object(Illuminate\Http\Request))
#47 D:\laragon\www\jaibangla_dv\jaibangla\vendor\laravel\framework\src\Illuminate\Pipeline\Pipeline.php(148): Illuminate\Foundation\Http\Middleware\TransformsRequest->handle(Object(Illuminate\Http\Request), Object(Closure))
#48 D:\laragon\www\jaibangla_dv\jaibangla\vendor\laravel\framework\src\Illuminate\Routing\Pipeline.php(53): Illuminate\Pipeline\Pipeline->Illuminate\Pipeline\{closure}(Object(Illuminate\Http\Request))
#49 D:\laragon\www\jaibangla_dv\jaibangla\vendor\laravel\framework\src\Illuminate\Foundation\Http\Middleware\TransformsRequest.php(30): Illuminate\Routing\Pipeline->Illuminate\Routing\{closure}(Object(Illuminate\Http\Request))
#50 D:\laragon\www\jaibangla_dv\jaibangla\vendor\laravel\framework\src\Illuminate\Pipeline\Pipeline.php(148): Illuminate\Foundation\Http\Middleware\TransformsRequest->handle(Object(Illuminate\Http\Request), Object(Closure))
#51 D:\laragon\www\jaibangla_dv\jaibangla\vendor\laravel\framework\src\Illuminate\Routing\Pipeline.php(53): Illuminate\Pipeline\Pipeline->Illuminate\Pipeline\{closure}(Object(Illuminate\Http\Request))
#52 D:\laragon\www\jaibangla_dv\jaibangla\vendor\laravel\framework\src\Illuminate\Foundation\Http\Middleware\ValidatePostSize.php(27): Illuminate\Routing\Pipeline->Illuminate\Routing\{closure}(Object(Illuminate\Http\Request))
#53 D:\laragon\www\jaibangla_dv\jaibangla\vendor\laravel\framework\src\Illuminate\Pipeline\Pipeline.php(148): Illuminate\Foundation\Http\Middleware\ValidatePostSize->handle(Object(Illuminate\Http\Request), Object(Closure))
#54 D:\laragon\www\jaibangla_dv\jaibangla\vendor\laravel\framework\src\Illuminate\Routing\Pipeline.php(53): Illuminate\Pipeline\Pipeline->Illuminate\Pipeline\{closure}(Object(Illuminate\Http\Request))
#55 D:\laragon\www\jaibangla_dv\jaibangla\vendor\laravel\framework\src\Illuminate\Foundation\Http\Middleware\CheckForMaintenanceMode.php(46): Illuminate\Routing\Pipeline->Illuminate\Routing\{closure}(Object(Illuminate\Http\Request))
#56 D:\laragon\www\jaibangla_dv\jaibangla\vendor\laravel\framework\src\Illuminate\Pipeline\Pipeline.php(148): Illuminate\Foundation\Http\Middleware\CheckForMaintenanceMode->handle(Object(Illuminate\Http\Request), Object(Closure))
#57 D:\laragon\www\jaibangla_dv\jaibangla\vendor\laravel\framework\src\Illuminate\Routing\Pipeline.php(53): Illuminate\Pipeline\Pipeline->Illuminate\Pipeline\{closure}(Object(Illuminate\Http\Request))
#58 D:\laragon\www\jaibangla_dv\jaibangla\vendor\laravel\framework\src\Illuminate\Pipeline\Pipeline.php(102): Illuminate\Routing\Pipeline->Illuminate\Routing\{closure}(Object(Illuminate\Http\Request))
#59 D:\laragon\www\jaibangla_dv\jaibangla\vendor\laravel\framework\src\Illuminate\Foundation\Http\Kernel.php(151): Illuminate\Pipeline\Pipeline->then(Object(Closure))
#60 D:\laragon\www\jaibangla_dv\jaibangla\vendor\laravel\framework\src\Illuminate\Foundation\Http\Kernel.php(116): Illuminate\Foundation\Http\Kernel->sendRequestThroughRouter(Object(Illuminate\Http\Request))
#61 D:\laragon\www\jaibangla_dv\index.php(53): Illuminate\Foundation\Http\Kernel->handle(Object(Illuminate\Http\Request))
#62 {main}

Next ErrorException: View [pension-details-view.contact_details] not found. (View: D:\laragon\www\jaibangla_dv\jaibangla\resources\views\pension-details-view\pension_view_details.blade.php) (View: D:\laragon\www\jaibangla_dv\jaibangla\resources\views\pension-details-view\pension_view_details.blade.php) in D:\laragon\www\jaibangla_dv\jaibangla\vendor\laravel\framework\src\Illuminate\View\FileViewFinder.php:137
Stack trace:
#0 D:\laragon\www\jaibangla_dv\jaibangla\vendor\laravel\framework\src\Illuminate\View\Engines\PhpEngine.php(44): Illuminate\View\Engines\CompilerEngine->handleViewException(Object(ErrorException), 1)
#1 D:\laragon\www\jaibangla_dv\jaibangla\vendor\laravel\framework\src\Illuminate\View\Engines\CompilerEngine.php(59): Illuminate\View\Engines\PhpEngine->evaluatePath('D:\\laragon\\www\\...', Array)
#2 D:\laragon\www\jaibangla_dv\jaibangla\vendor\laravel\framework\src\Illuminate\View\View.php(137): Illuminate\View\Engines\CompilerEngine->get('D:\\laragon\\www\\...', Array)
#3 D:\laragon\www\jaibangla_dv\jaibangla\vendor\laravel\framework\src\Illuminate\View\View.php(120): Illuminate\View\View->getContents()
#4 D:\laragon\www\jaibangla_dv\jaibangla\vendor\laravel\framework\src\Illuminate\View\View.php(85): Illuminate\View\View->renderContents()
#5 D:\laragon\www\jaibangla_dv\jaibangla\vendor\laravel\framework\src\Illuminate\Http\Response.php(38): Illuminate\View\View->render()
#6 D:\laragon\www\jaibangla_dv\jaibangla\vendor\symfony\http-foundation\Response.php(206): Illuminate\Http\Response->setContent(Object(Illuminate\View\View))
#7 D:\laragon\www\jaibangla_dv\jaibangla\vendor\laravel\framework\src\Illuminate\Routing\Router.php(615): Symfony\Component\HttpFoundation\Response->__construct(Object(Illuminate\View\View))
#8 D:\laragon\www\jaibangla_dv\jaibangla\vendor\laravel\framework\src\Illuminate\Routing\Router.php(572): Illuminate\Routing\Router->prepareResponse(Object(Illuminate\Http\Request), Object(Illuminate\View\View))
#9 D:\laragon\www\jaibangla_dv\jaibangla\vendor\laravel\framework\src\Illuminate\Routing\Pipeline.php(30): Illuminate\Routing\Router->Illuminate\Routing\{closure}(Object(Illuminate\Http\Request))
#10 D:\laragon\www\jaibangla_dv\jaibangla\app\Http\Middleware\TrackPageCount.php(29): Illuminate\Routing\Pipeline->Illuminate\Routing\{closure}(Object(Illuminate\Http\Request))
#11 D:\laragon\www\jaibangla_dv\jaibangla\vendor\laravel\framework\src\Illuminate\Pipeline\Pipeline.php(148): App\Http\Middleware\TrackPageCount->handle(Object(Illuminate\Http\Request), Object(Closure))
#12 D:\laragon\www\jaibangla_dv\jaibangla\vendor\laravel\framework\src\Illuminate\Routing\Pipeline.php(53): Illuminate\Pipeline\Pipeline->Illuminate\Pipeline\{closure}(Object(Illuminate\Http\Request))
#13 D:\laragon\www\jaibangla_dv\jaibangla\vendor\laravel\framework\src\Illuminate\Routing\Middleware\SubstituteBindings.php(41): Illuminate\Routing\Pipeline->Illuminate\Routing\{closure}(Object(Illuminate\Http\Request))
#14 D:\laragon\www\jaibangla_dv\jaibangla\vendor\laravel\framework\src\Illuminate\Pipeline\Pipeline.php(148): Illuminate\Routing\Middleware\SubstituteBindings->handle(Object(Illuminate\Http\Request), Object(Closure))
#15 D:\laragon\www\jaibangla_dv\jaibangla\vendor\laravel\framework\src\Illuminate\Routing\Pipeline.php(53): Illuminate\Pipeline\Pipeline->Illuminate\Pipeline\{closure}(Object(Illuminate\Http\Request))
#16 D:\laragon\www\jaibangla_dv\jaibangla\vendor\laravel\framework\src\Illuminate\Auth\Middleware\Authenticate.php(43): Illuminate\Routing\Pipeline->Illuminate\Routing\{closure}(Object(Illuminate\Http\Request))
#17 D:\laragon\www\jaibangla_dv\jaibangla\vendor\laravel\framework\src\Illuminate\Pipeline\Pipeline.php(148): Illuminate\Auth\Middleware\Authenticate->handle(Object(Illuminate\Http\Request), Object(Closure))
#18 D:\laragon\www\jaibangla_dv\jaibangla\vendor\laravel\framework\src\Illuminate\Routing\Pipeline.php(53): Illuminate\Pipeline\Pipeline->Illuminate\Pipeline\{closure}(Object(Illuminate\Http\Request))
#19 D:\laragon\www\jaibangla_dv\jaibangla\vendor\laravel\framework\src\Illuminate\Foundation\Http\Middleware\VerifyCsrfToken.php(65): Illuminate\Routing\Pipeline->Illuminate\Routing\{closure}(Object(Illuminate\Http\Request))
#20 D:\laragon\www\jaibangla_dv\jaibangla\vendor\laravel\framework\src\Illuminate\Pipeline\Pipeline.php(148): Illuminate\Foundation\Http\Middleware\VerifyCsrfToken->handle(Object(Illuminate\Http\Request), Object(Closure))
#21 D:\laragon\www\jaibangla_dv\jaibangla\vendor\laravel\framework\src\Illuminate\Routing\Pipeline.php(53): Illuminate\Pipeline\Pipeline->Illuminate\Pipeline\{closure}(Object(Illuminate\Http\Request))
#22 D:\laragon\www\jaibangla_dv\jaibangla\vendor\laravel\framework\src\Illuminate\View\Middleware\ShareErrorsFromSession.php(49): Illuminate\Routing\Pipeline->Illuminate\Routing\{closure}(Object(Illuminate\Http\Request))
#23 D:\laragon\www\jaibangla_dv\jaibangla\vendor\laravel\framework\src\Illuminate\Pipeline\Pipeline.php(148): Illuminate\View\Middleware\ShareErrorsFromSession->handle(Object(Illuminate\Http\Request), Object(Closure))
#24 D:\laragon\www\jaibangla_dv\jaibangla\vendor\laravel\framework\src\Illuminate\Routing\Pipeline.php(53): Illuminate\Pipeline\Pipeline->Illuminate\Pipeline\{closure}(Object(Illuminate\Http\Request))
#25 D:\laragon\www\jaibangla_dv\jaibangla\vendor\laravel\framework\src\Illuminate\Session\Middleware\StartSession.php(64): Illuminate\Routing\Pipeline->Illuminate\Routing\{closure}(Object(Illuminate\Http\Request))
#26 D:\laragon\www\jaibangla_dv\jaibangla\vendor\laravel\framework\src\Illuminate\Pipeline\Pipeline.php(148): Illuminate\Session\Middleware\StartSession->handle(Object(Illuminate\Http\Request), Object(Closure))
#27 D:\laragon\www\jaibangla_dv\jaibangla\vendor\laravel\framework\src\Illuminate\Routing\Pipeline.php(53): Illuminate\Pipeline\Pipeline->Illuminate\Pipeline\{closure}(Object(Illuminate\Http\Request))
#28 D:\laragon\www\jaibangla_dv\jaibangla\vendor\laravel\framework\src\Illuminate\Cookie\Middleware\AddQueuedCookiesToResponse.php(37): Illuminate\Routing\Pipeline->Illuminate\Routing\{closure}(Object(Illuminate\Http\Request))
#29 D:\laragon\www\jaibangla_dv\jaibangla\vendor\laravel\framework\src\Illuminate\Pipeline\Pipeline.php(148): Illuminate\Cookie\Middleware\AddQueuedCookiesToResponse->handle(Object(Illuminate\Http\Request), Object(Closure))
#30 D:\laragon\www\jaibangla_dv\jaibangla\vendor\laravel\framework\src\Illuminate\Routing\Pipeline.php(53): Illuminate\Pipeline\Pipeline->Illuminate\Pipeline\{closure}(Object(Illuminate\Http\Request))
#31 D:\laragon\www\jaibangla_dv\jaibangla\vendor\laravel\framework\src\Illuminate\Cookie\Middleware\EncryptCookies.php(59): Illuminate\Routing\Pipeline->Illuminate\Routing\{closure}(Object(Illuminate\Http\Request))
#32 D:\laragon\www\jaibangla_dv\jaibangla\vendor\laravel\framework\src\Illuminate\Pipeline\Pipeline.php(148): Illuminate\Cookie\Middleware\EncryptCookies->handle(Object(Illuminate\Http\Request), Object(Closure))
#33 D:\laragon\www\jaibangla_dv\jaibangla\vendor\laravel\framework\src\Illuminate\Routing\Pipeline.php(53): Illuminate\Pipeline\Pipeline->Illuminate\Pipeline\{closure}(Object(Illuminate\Http\Request))
#34 D:\laragon\www\jaibangla_dv\jaibangla\vendor\laravel\framework\src\Illuminate\Pipeline\Pipeline.php(102): Illuminate\Routing\Pipeline->Illuminate\Routing\{closure}(Object(Illuminate\Http\Request))
#35 D:\laragon\www\jaibangla_dv\jaibangla\vendor\laravel\framework\src\Illuminate\Routing\Router.php(574): Illuminate\Pipeline\Pipeline->then(Object(Closure))
#36 D:\laragon\www\jaibangla_dv\jaibangla\vendor\laravel\framework\src\Illuminate\Routing\Router.php(533): Illuminate\Routing\Router->runRouteWithinStack(Object(Illuminate\Routing\Route), Object(Illuminate\Http\Request))
#37 D:\laragon\www\jaibangla_dv\jaibangla\vendor\laravel\framework\src\Illuminate\Routing\Router.php(511): Illuminate\Routing\Router->dispatchToRoute(Object(Illuminate\Http\Request))
#38 D:\laragon\www\jaibangla_dv\jaibangla\vendor\laravel\framework\src\Illuminate\Foundation\Http\Kernel.php(176): Illuminate\Routing\Router->dispatch(Object(Illuminate\Http\Request))
#39 D:\laragon\www\jaibangla_dv\jaibangla\vendor\laravel\framework\src\Illuminate\Routing\Pipeline.php(30): Illuminate\Foundation\Http\Kernel->Illuminate\Foundation\Http\{closure}(Object(Illuminate\Http\Request))
#40 D:\laragon\www\jaibangla_dv\jaibangla\vendor\laravel\framework\src\Illuminate\Foundation\Http\Middleware\TransformsRequest.php(30): Illuminate\Routing\Pipeline->Illuminate\Routing\{closure}(Object(Illuminate\Http\Request))
#41 D:\laragon\www\jaibangla_dv\jaibangla\vendor\laravel\framework\src\Illuminate\Pipeline\Pipeline.php(148): Illuminate\Foundation\Http\Middleware\TransformsRequest->handle(Object(Illuminate\Http\Request), Object(Closure))
#42 D:\laragon\www\jaibangla_dv\jaibangla\vendor\laravel\framework\src\Illuminate\Routing\Pipeline.php(53): Illuminate\Pipeline\Pipeline->Illuminate\Pipeline\{closure}(Object(Illuminate\Http\Request))
#43 D:\laragon\www\jaibangla_dv\jaibangla\vendor\laravel\framework\src\Illuminate\Foundation\Http\Middleware\TransformsRequest.php(30): Illuminate\Routing\Pipeline->Illuminate\Routing\{closure}(Object(Illuminate\Http\Request))
#44 D:\laragon\www\jaibangla_dv\jaibangla\vendor\laravel\framework\src\Illuminate\Pipeline\Pipeline.php(148): Illuminate\Foundation\Http\Middleware\TransformsRequest->handle(Object(Illuminate\Http\Request), Object(Closure))
#45 D:\laragon\www\jaibangla_dv\jaibangla\vendor\laravel\framework\src\Illuminate\Routing\Pipeline.php(53): Illuminate\Pipeline\Pipeline->Illuminate\Pipeline\{closure}(Object(Illuminate\Http\Request))
#46 D:\laragon\www\jaibangla_dv\jaibangla\vendor\laravel\framework\src\Illuminate\Foundation\Http\Middleware\ValidatePostSize.php(27): Illuminate\Routing\Pipeline->Illuminate\Routing\{closure}(Object(Illuminate\Http\Request))
#47 D:\laragon\www\jaibangla_dv\jaibangla\vendor\laravel\framework\src\Illuminate\Pipeline\Pipeline.php(148): Illuminate\Foundation\Http\Middleware\ValidatePostSize->handle(Object(Illuminate\Http\Request), Object(Closure))
#48 D:\laragon\www\jaibangla_dv\jaibangla\vendor\laravel\framework\src\Illuminate\Routing\Pipeline.php(53): Illuminate\Pipeline\Pipeline->Illuminate\Pipeline\{closure}(Object(Illuminate\Http\Request))
#49 D:\laragon\www\jaibangla_dv\jaibangla\vendor\laravel\framework\src\Illuminate\Foundation\Http\Middleware\CheckForMaintenanceMode.php(46): Illuminate\Routing\Pipeline->Illuminate\Routing\{closure}(Object(Illuminate\Http\Request))
#50 D:\laragon\www\jaibangla_dv\jaibangla\vendor\laravel\framework\src\Illuminate\Pipeline\Pipeline.php(148): Illuminate\Foundation\Http\Middleware\CheckForMaintenanceMode->handle(Object(Illuminate\Http\Request), Object(Closure))
#51 D:\laragon\www\jaibangla_dv\jaibangla\vendor\laravel\framework\src\Illuminate\Routing\Pipeline.php(53): Illuminate\Pipeline\Pipeline->Illuminate\Pipeline\{closure}(Object(Illuminate\Http\Request))
#52 D:\laragon\www\jaibangla_dv\jaibangla\vendor\laravel\framework\src\Illuminate\Pipeline\Pipeline.php(102): Illuminate\Routing\Pipeline->Illuminate\Routing\{closure}(Object(Illuminate\Http\Request))
#53 D:\laragon\www\jaibangla_dv\jaibangla\vendor\laravel\framework\src\Illuminate\Foundation\Http\Kernel.php(151): Illuminate\Pipeline\Pipeline->then(Object(Closure))
#54 D:\laragon\www\jaibangla_dv\jaibangla\vendor\laravel\framework\src\Illuminate\Foundation\Http\Kernel.php(116): Illuminate\Foundation\Http\Kernel->sendRequestThroughRouter(Object(Illuminate\Http\Request))
#55 D:\laragon\www\jaibangla_dv\index.php(53): Illuminate\Foundation\Http\Kernel->handle(Object(Illuminate\Http\Request))
#56 {main}  
[2024-12-18 05:17:47] production.ERROR: InvalidArgumentException: View [pension-details-view.contact_details] not found. in D:\laragon\www\jaibangla_dv\jaibangla\vendor\laravel\framework\src\Illuminate\View\FileViewFinder.php:137
Stack trace:
#0 D:\laragon\www\jaibangla_dv\jaibangla\vendor\laravel\framework\src\Illuminate\View\FileViewFinder.php(79): Illuminate\View\FileViewFinder->findInPaths('pension-details...', Array)
#1 D:\laragon\www\jaibangla_dv\jaibangla\vendor\laravel\framework\src\Illuminate\View\Factory.php(128): Illuminate\View\FileViewFinder->find('pension-details...')
#2 D:\laragon\www\jaibangla_dv\jaibangla\storage\framework\views\d7a184fbc476d9ba1623f1c7f4ccbb74c47bd814.php(178): Illuminate\View\Factory->make('pension-details...', Array)
#3 D:\laragon\www\jaibangla_dv\jaibangla\vendor\laravel\framework\src\Illuminate\View\Engines\PhpEngine.php(42): include('D:\\laragon\\www\\...')
#4 D:\laragon\www\jaibangla_dv\jaibangla\vendor\laravel\framework\src\Illuminate\View\Engines\CompilerEngine.php(59): Illuminate\View\Engines\PhpEngine->evaluatePath('D:\\laragon\\www\\...', Array)
#5 D:\laragon\www\jaibangla_dv\jaibangla\vendor\laravel\framework\src\Illuminate\View\View.php(137): Illuminate\View\Engines\CompilerEngine->get('D:\\laragon\\www\\...', Array)
#6 D:\laragon\www\jaibangla_dv\jaibangla\vendor\laravel\framework\src\Illuminate\View\View.php(120): Illuminate\View\View->getContents()
#7 D:\laragon\www\jaibangla_dv\jaibangla\vendor\laravel\framework\src\Illuminate\View\View.php(85): Illuminate\View\View->renderContents()
#8 D:\laragon\www\jaibangla_dv\jaibangla\storage\framework\views\0d34c288b4683bdc33b71c9ec48a768027506d47.php(59): Illuminate\View\View->render()
#9 D:\laragon\www\jaibangla_dv\jaibangla\vendor\laravel\framework\src\Illuminate\View\Engines\PhpEngine.php(42): include('D:\\laragon\\www\\...')
#10 D:\laragon\www\jaibangla_dv\jaibangla\vendor\laravel\framework\src\Illuminate\View\Engines\CompilerEngine.php(59): Illuminate\View\Engines\PhpEngine->evaluatePath('D:\\laragon\\www\\...', Array)
#11 D:\laragon\www\jaibangla_dv\jaibangla\vendor\laravel\framework\src\Illuminate\View\View.php(137): Illuminate\View\Engines\CompilerEngine->get('D:\\laragon\\www\\...', Array)
#12 D:\laragon\www\jaibangla_dv\jaibangla\vendor\laravel\framework\src\Illuminate\View\View.php(120): Illuminate\View\View->getContents()
#13 D:\laragon\www\jaibangla_dv\jaibangla\vendor\laravel\framework\src\Illuminate\View\View.php(85): Illuminate\View\View->renderContents()
#14 D:\laragon\www\jaibangla_dv\jaibangla\vendor\laravel\framework\src\Illuminate\Http\Response.php(38): Illuminate\View\View->render()
#15 D:\laragon\www\jaibangla_dv\jaibangla\vendor\symfony\http-foundation\Response.php(206): Illuminate\Http\Response->setContent(Object(Illuminate\View\View))
#16 D:\laragon\www\jaibangla_dv\jaibangla\vendor\laravel\framework\src\Illuminate\Routing\Router.php(615): Symfony\Component\HttpFoundation\Response->__construct(Object(Illuminate\View\View))
#17 D:\laragon\www\jaibangla_dv\jaibangla\vendor\laravel\framework\src\Illuminate\Routing\Router.php(572): Illuminate\Routing\Router->prepareResponse(Object(Illuminate\Http\Request), Object(Illuminate\View\View))
#18 D:\laragon\www\jaibangla_dv\jaibangla\vendor\laravel\framework\src\Illuminate\Routing\Pipeline.php(30): Illuminate\Routing\Router->Illuminate\Routing\{closure}(Object(Illuminate\Http\Request))
#19 D:\laragon\www\jaibangla_dv\jaibangla\app\Http\Middleware\TrackPageCount.php(29): Illuminate\Routing\Pipeline->Illuminate\Routing\{closure}(Object(Illuminate\Http\Request))
#20 D:\laragon\www\jaibangla_dv\jaibangla\vendor\laravel\framework\src\Illuminate\Pipeline\Pipeline.php(148): App\Http\Middleware\TrackPageCount->handle(Object(Illuminate\Http\Request), Object(Closure))
#21 D:\laragon\www\jaibangla_dv\jaibangla\vendor\laravel\framework\src\Illuminate\Routing\Pipeline.php(53): Illuminate\Pipeline\Pipeline->Illuminate\Pipeline\{closure}(Object(Illuminate\Http\Request))
#22 D:\laragon\www\jaibangla_dv\jaibangla\vendor\laravel\framework\src\Illuminate\Routing\Middleware\SubstituteBindings.php(41): Illuminate\Routing\Pipeline->Illuminate\Routing\{closure}(Object(Illuminate\Http\Request))
#23 D:\laragon\www\jaibangla_dv\jaibangla\vendor\laravel\framework\src\Illuminate\Pipeline\Pipeline.php(148): Illuminate\Routing\Middleware\SubstituteBindings->handle(Object(Illuminate\Http\Request), Object(Closure))
#24 D:\laragon\www\jaibangla_dv\jaibangla\vendor\laravel\framework\src\Illuminate\Routing\Pipeline.php(53): Illuminate\Pipeline\Pipeline->Illuminate\Pipeline\{closure}(Object(Illuminate\Http\Request))
#25 D:\laragon\www\jaibangla_dv\jaibangla\vendor\laravel\framework\src\Illuminate\Auth\Middleware\Authenticate.php(43): Illuminate\Routing\Pipeline->Illuminate\Routing\{closure}(Object(Illuminate\Http\Request))
#26 D:\laragon\www\jaibangla_dv\jaibangla\vendor\laravel\framework\src\Illuminate\Pipeline\Pipeline.php(148): Illuminate\Auth\Middleware\Authenticate->handle(Object(Illuminate\Http\Request), Object(Closure))
#27 D:\laragon\www\jaibangla_dv\jaibangla\vendor\laravel\framework\src\Illuminate\Routing\Pipeline.php(53): Illuminate\Pipeline\Pipeline->Illuminate\Pipeline\{closure}(Object(Illuminate\Http\Request))
#28 D:\laragon\www\jaibangla_dv\jaibangla\vendor\laravel\framework\src\Illuminate\Foundation\Http\Middleware\VerifyCsrfToken.php(65): Illuminate\Routing\Pipeline->Illuminate\Routing\{closure}(Object(Illuminate\Http\Request))
#29 D:\laragon\www\jaibangla_dv\jaibangla\vendor\laravel\framework\src\Illuminate\Pipeline\Pipeline.php(148): Illuminate\Foundation\Http\Middleware\VerifyCsrfToken->handle(Object(Illuminate\Http\Request), Object(Closure))
#30 D:\laragon\www\jaibangla_dv\jaibangla\vendor\laravel\framework\src\Illuminate\Routing\Pipeline.php(53): Illuminate\Pipeline\Pipeline->Illuminate\Pipeline\{closure}(Object(Illuminate\Http\Request))
#31 D:\laragon\www\jaibangla_dv\jaibangla\vendor\laravel\framework\src\Illuminate\View\Middleware\ShareErrorsFromSession.php(49): Illuminate\Routing\Pipeline->Illuminate\Routing\{closure}(Object(Illuminate\Http\Request))
#32 D:\laragon\www\jaibangla_dv\jaibangla\vendor\laravel\framework\src\Illuminate\Pipeline\Pipeline.php(148): Illuminate\View\Middleware\ShareErrorsFromSession->handle(Object(Illuminate\Http\Request), Object(Closure))
#33 D:\laragon\www\jaibangla_dv\jaibangla\vendor\laravel\framework\src\Illuminate\Routing\Pipeline.php(53): Illuminate\Pipeline\Pipeline->Illuminate\Pipeline\{closure}(Object(Illuminate\Http\Request))
#34 D:\laragon\www\jaibangla_dv\jaibangla\vendor\laravel\framework\src\Illuminate\Session\Middleware\StartSession.php(64): Illuminate\Routing\Pipeline->Illuminate\Routing\{closure}(Object(Illuminate\Http\Request))
#35 D:\laragon\www\jaibangla_dv\jaibangla\vendor\laravel\framework\src\Illuminate\Pipeline\Pipeline.php(148): Illuminate\Session\Middleware\StartSession->handle(Object(Illuminate\Http\Request), Object(Closure))
#36 D:\laragon\www\jaibangla_dv\jaibangla\vendor\laravel\framework\src\Illuminate\Routing\Pipeline.php(53): Illuminate\Pipeline\Pipeline->Illuminate\Pipeline\{closure}(Object(Illuminate\Http\Request))
#37 D:\laragon\www\jaibangla_dv\jaibangla\vendor\laravel\framework\src\Illuminate\Cookie\Middleware\AddQueuedCookiesToResponse.php(37): Illuminate\Routing\Pipeline->Illuminate\Routing\{closure}(Object(Illuminate\Http\Request))
#38 D:\laragon\www\jaibangla_dv\jaibangla\vendor\laravel\framework\src\Illuminate\Pipeline\Pipeline.php(148): Illuminate\Cookie\Middleware\AddQueuedCookiesToResponse->handle(Object(Illuminate\Http\Request), Object(Closure))
#39 D:\laragon\www\jaibangla_dv\jaibangla\vendor\laravel\framework\src\Illuminate\Routing\Pipeline.php(53): Illuminate\Pipeline\Pipeline->Illuminate\Pipeline\{closure}(Object(Illuminate\Http\Request))
#40 D:\laragon\www\jaibangla_dv\jaibangla\vendor\laravel\framework\src\Illuminate\Cookie\Middleware\EncryptCookies.php(59): Illuminate\Routing\Pipeline->Illuminate\Routing\{closure}(Object(Illuminate\Http\Request))
#41 D:\laragon\www\jaibangla_dv\jaibangla\vendor\laravel\framework\src\Illuminate\Pipeline\Pipeline.php(148): Illuminate\Cookie\Middleware\EncryptCookies->handle(Object(Illuminate\Http\Request), Object(Closure))
#42 D:\laragon\www\jaibangla_dv\jaibangla\vendor\laravel\framework\src\Illuminate\Routing\Pipeline.php(53): Illuminate\Pipeline\Pipeline->Illuminate\Pipeline\{closure}(Object(Illuminate\Http\Request))
#43 D:\laragon\www\jaibangla_dv\jaibangla\vendor\laravel\framework\src\Illuminate\Pipeline\Pipeline.php(102): Illuminate\Routing\Pipeline->Illuminate\Routing\{closure}(Object(Illuminate\Http\Request))
#44 D:\laragon\www\jaibangla_dv\jaibangla\vendor\laravel\framework\src\Illuminate\Routing\Router.php(574): Illuminate\Pipeline\Pipeline->then(Object(Closure))
#45 D:\laragon\www\jaibangla_dv\jaibangla\vendor\laravel\framework\src\Illuminate\Routing\Router.php(533): Illuminate\Routing\Router->runRouteWithinStack(Object(Illuminate\Routing\Route), Object(Illuminate\Http\Request))
#46 D:\laragon\www\jaibangla_dv\jaibangla\vendor\laravel\framework\src\Illuminate\Routing\Router.php(511): Illuminate\Routing\Router->dispatchToRoute(Object(Illuminate\Http\Request))
#47 D:\laragon\www\jaibangla_dv\jaibangla\vendor\laravel\framework\src\Illuminate\Foundation\Http\Kernel.php(176): Illuminate\Routing\Router->dispatch(Object(Illuminate\Http\Request))
#48 D:\laragon\www\jaibangla_dv\jaibangla\vendor\laravel\framework\src\Illuminate\Routing\Pipeline.php(30): Illuminate\Foundation\Http\Kernel->Illuminate\Foundation\Http\{closure}(Object(Illuminate\Http\Request))
#49 D:\laragon\www\jaibangla_dv\jaibangla\vendor\laravel\framework\src\Illuminate\Foundation\Http\Middleware\TransformsRequest.php(30): Illuminate\Routing\Pipeline->Illuminate\Routing\{closure}(Object(Illuminate\Http\Request))
#50 D:\laragon\www\jaibangla_dv\jaibangla\vendor\laravel\framework\src\Illuminate\Pipeline\Pipeline.php(148): Illuminate\Foundation\Http\Middleware\TransformsRequest->handle(Object(Illuminate\Http\Request), Object(Closure))
#51 D:\laragon\www\jaibangla_dv\jaibangla\vendor\laravel\framework\src\Illuminate\Routing\Pipeline.php(53): Illuminate\Pipeline\Pipeline->Illuminate\Pipeline\{closure}(Object(Illuminate\Http\Request))
#52 D:\laragon\www\jaibangla_dv\jaibangla\vendor\laravel\framework\src\Illuminate\Foundation\Http\Middleware\TransformsRequest.php(30): Illuminate\Routing\Pipeline->Illuminate\Routing\{closure}(Object(Illuminate\Http\Request))
#53 D:\laragon\www\jaibangla_dv\jaibangla\vendor\laravel\framework\src\Illuminate\Pipeline\Pipeline.php(148): Illuminate\Foundation\Http\Middleware\TransformsRequest->handle(Object(Illuminate\Http\Request), Object(Closure))
#54 D:\laragon\www\jaibangla_dv\jaibangla\vendor\laravel\framework\src\Illuminate\Routing\Pipeline.php(53): Illuminate\Pipeline\Pipeline->Illuminate\Pipeline\{closure}(Object(Illuminate\Http\Request))
#55 D:\laragon\www\jaibangla_dv\jaibangla\vendor\laravel\framework\src\Illuminate\Foundation\Http\Middleware\ValidatePostSize.php(27): Illuminate\Routing\Pipeline->Illuminate\Routing\{closure}(Object(Illuminate\Http\Request))
#56 D:\laragon\www\jaibangla_dv\jaibangla\vendor\laravel\framework\src\Illuminate\Pipeline\Pipeline.php(148): Illuminate\Foundation\Http\Middleware\ValidatePostSize->handle(Object(Illuminate\Http\Request), Object(Closure))
#57 D:\laragon\www\jaibangla_dv\jaibangla\vendor\laravel\framework\src\Illuminate\Routing\Pipeline.php(53): Illuminate\Pipeline\Pipeline->Illuminate\Pipeline\{closure}(Object(Illuminate\Http\Request))
#58 D:\laragon\www\jaibangla_dv\jaibangla\vendor\laravel\framework\src\Illuminate\Foundation\Http\Middleware\CheckForMaintenanceMode.php(46): Illuminate\Routing\Pipeline->Illuminate\Routing\{closure}(Object(Illuminate\Http\Request))
#59 D:\laragon\www\jaibangla_dv\jaibangla\vendor\laravel\framework\src\Illuminate\Pipeline\Pipeline.php(148): Illuminate\Foundation\Http\Middleware\CheckForMaintenanceMode->handle(Object(Illuminate\Http\Request), Object(Closure))
#60 D:\laragon\www\jaibangla_dv\jaibangla\vendor\laravel\framework\src\Illuminate\Routing\Pipeline.php(53): Illuminate\Pipeline\Pipeline->Illuminate\Pipeline\{closure}(Object(Illuminate\Http\Request))
#61 D:\laragon\www\jaibangla_dv\jaibangla\vendor\laravel\framework\src\Illuminate\Pipeline\Pipeline.php(102): Illuminate\Routing\Pipeline->Illuminate\Routing\{closure}(Object(Illuminate\Http\Request))
#62 D:\laragon\www\jaibangla_dv\jaibangla\vendor\laravel\framework\src\Illuminate\Foundation\Http\Kernel.php(151): Illuminate\Pipeline\Pipeline->then(Object(Closure))
#63 D:\laragon\www\jaibangla_dv\jaibangla\vendor\laravel\framework\src\Illuminate\Foundation\Http\Kernel.php(116): Illuminate\Foundation\Http\Kernel->sendRequestThroughRouter(Object(Illuminate\Http\Request))
#64 D:\laragon\www\jaibangla_dv\index.php(53): Illuminate\Foundation\Http\Kernel->handle(Object(Illuminate\Http\Request))
#65 {main}

Next ErrorException: View [pension-details-view.contact_details] not found. (View: D:\laragon\www\jaibangla_dv\jaibangla\resources\views\pension-details-view\pension_view_details.blade.php) in D:\laragon\www\jaibangla_dv\jaibangla\vendor\laravel\framework\src\Illuminate\View\FileViewFinder.php:137
Stack trace:
#0 D:\laragon\www\jaibangla_dv\jaibangla\vendor\laravel\framework\src\Illuminate\View\Engines\PhpEngine.php(44): Illuminate\View\Engines\CompilerEngine->handleViewException(Object(InvalidArgumentException), 2)
#1 D:\laragon\www\jaibangla_dv\jaibangla\vendor\laravel\framework\src\Illuminate\View\Engines\CompilerEngine.php(59): Illuminate\View\Engines\PhpEngine->evaluatePath('D:\\laragon\\www\\...', Array)
#2 D:\laragon\www\jaibangla_dv\jaibangla\vendor\laravel\framework\src\Illuminate\View\View.php(137): Illuminate\View\Engines\CompilerEngine->get('D:\\laragon\\www\\...', Array)
#3 D:\laragon\www\jaibangla_dv\jaibangla\vendor\laravel\framework\src\Illuminate\View\View.php(120): Illuminate\View\View->getContents()
#4 D:\laragon\www\jaibangla_dv\jaibangla\vendor\laravel\framework\src\Illuminate\View\View.php(85): Illuminate\View\View->renderContents()
#5 D:\laragon\www\jaibangla_dv\jaibangla\storage\framework\views\0d34c288b4683bdc33b71c9ec48a768027506d47.php(59): Illuminate\View\View->render()
#6 D:\laragon\www\jaibangla_dv\jaibangla\vendor\laravel\framework\src\Illuminate\View\Engines\PhpEngine.php(42): include('D:\\laragon\\www\\...')
#7 D:\laragon\www\jaibangla_dv\jaibangla\vendor\laravel\framework\src\Illuminate\View\Engines\CompilerEngine.php(59): Illuminate\View\Engines\PhpEngine->evaluatePath('D:\\laragon\\www\\...', Array)
#8 D:\laragon\www\jaibangla_dv\jaibangla\vendor\laravel\framework\src\Illuminate\View\View.php(137): Illuminate\View\Engines\CompilerEngine->get('D:\\laragon\\www\\...', Array)
#9 D:\laragon\www\jaibangla_dv\jaibangla\vendor\laravel\framework\src\Illuminate\View\View.php(120): Illuminate\View\View->getContents()
#10 D:\laragon\www\jaibangla_dv\jaibangla\vendor\laravel\framework\src\Illuminate\View\View.php(85): Illuminate\View\View->renderContents()
#11 D:\laragon\www\jaibangla_dv\jaibangla\vendor\laravel\framework\src\Illuminate\Http\Response.php(38): Illuminate\View\View->render()
#12 D:\laragon\www\jaibangla_dv\jaibangla\vendor\symfony\http-foundation\Response.php(206): Illuminate\Http\Response->setContent(Object(Illuminate\View\View))
#13 D:\laragon\www\jaibangla_dv\jaibangla\vendor\laravel\framework\src\Illuminate\Routing\Router.php(615): Symfony\Component\HttpFoundation\Response->__construct(Object(Illuminate\View\View))
#14 D:\laragon\www\jaibangla_dv\jaibangla\vendor\laravel\framework\src\Illuminate\Routing\Router.php(572): Illuminate\Routing\Router->prepareResponse(Object(Illuminate\Http\Request), Object(Illuminate\View\View))
#15 D:\laragon\www\jaibangla_dv\jaibangla\vendor\laravel\framework\src\Illuminate\Routing\Pipeline.php(30): Illuminate\Routing\Router->Illuminate\Routing\{closure}(Object(Illuminate\Http\Request))
#16 D:\laragon\www\jaibangla_dv\jaibangla\app\Http\Middleware\TrackPageCount.php(29): Illuminate\Routing\Pipeline->Illuminate\Routing\{closure}(Object(Illuminate\Http\Request))
#17 D:\laragon\www\jaibangla_dv\jaibangla\vendor\laravel\framework\src\Illuminate\Pipeline\Pipeline.php(148): App\Http\Middleware\TrackPageCount->handle(Object(Illuminate\Http\Request), Object(Closure))
#18 D:\laragon\www\jaibangla_dv\jaibangla\vendor\laravel\framework\src\Illuminate\Routing\Pipeline.php(53): Illuminate\Pipeline\Pipeline->Illuminate\Pipeline\{closure}(Object(Illuminate\Http\Request))
#19 D:\laragon\www\jaibangla_dv\jaibangla\vendor\laravel\framework\src\Illuminate\Routing\Middleware\SubstituteBindings.php(41): Illuminate\Routing\Pipeline->Illuminate\Routing\{closure}(Object(Illuminate\Http\Request))
#20 D:\laragon\www\jaibangla_dv\jaibangla\vendor\laravel\framework\src\Illuminate\Pipeline\Pipeline.php(148): Illuminate\Routing\Middleware\SubstituteBindings->handle(Object(Illuminate\Http\Request), Object(Closure))
#21 D:\laragon\www\jaibangla_dv\jaibangla\vendor\laravel\framework\src\Illuminate\Routing\Pipeline.php(53): Illuminate\Pipeline\Pipeline->Illuminate\Pipeline\{closure}(Object(Illuminate\Http\Request))
#22 D:\laragon\www\jaibangla_dv\jaibangla\vendor\laravel\framework\src\Illuminate\Auth\Middleware\Authenticate.php(43): Illuminate\Routing\Pipeline->Illuminate\Routing\{closure}(Object(Illuminate\Http\Request))
#23 D:\laragon\www\jaibangla_dv\jaibangla\vendor\laravel\framework\src\Illuminate\Pipeline\Pipeline.php(148): Illuminate\Auth\Middleware\Authenticate->handle(Object(Illuminate\Http\Request), Object(Closure))
#24 D:\laragon\www\jaibangla_dv\jaibangla\vendor\laravel\framework\src\Illuminate\Routing\Pipeline.php(53): Illuminate\Pipeline\Pipeline->Illuminate\Pipeline\{closure}(Object(Illuminate\Http\Request))
#25 D:\laragon\www\jaibangla_dv\jaibangla\vendor\laravel\framework\src\Illuminate\Foundation\Http\Middleware\VerifyCsrfToken.php(65): Illuminate\Routing\Pipeline->Illuminate\Routing\{closure}(Object(Illuminate\Http\Request))
#26 D:\laragon\www\jaibangla_dv\jaibangla\vendor\laravel\framework\src\Illuminate\Pipeline\Pipeline.php(148): Illuminate\Foundation\Http\Middleware\VerifyCsrfToken->handle(Object(Illuminate\Http\Request), Object(Closure))
#27 D:\laragon\www\jaibangla_dv\jaibangla\vendor\laravel\framework\src\Illuminate\Routing\Pipeline.php(53): Illuminate\Pipeline\Pipeline->Illuminate\Pipeline\{closure}(Object(Illuminate\Http\Request))
#28 D:\laragon\www\jaibangla_dv\jaibangla\vendor\laravel\framework\src\Illuminate\View\Middleware\ShareErrorsFromSession.php(49): Illuminate\Routing\Pipeline->Illuminate\Routing\{closure}(Object(Illuminate\Http\Request))
#29 D:\laragon\www\jaibangla_dv\jaibangla\vendor\laravel\framework\src\Illuminate\Pipeline\Pipeline.php(148): Illuminate\View\Middleware\ShareErrorsFromSession->handle(Object(Illuminate\Http\Request), Object(Closure))
#30 D:\laragon\www\jaibangla_dv\jaibangla\vendor\laravel\framework\src\Illuminate\Routing\Pipeline.php(53): Illuminate\Pipeline\Pipeline->Illuminate\Pipeline\{closure}(Object(Illuminate\Http\Request))
#31 D:\laragon\www\jaibangla_dv\jaibangla\vendor\laravel\framework\src\Illuminate\Session\Middleware\StartSession.php(64): Illuminate\Routing\Pipeline->Illuminate\Routing\{closure}(Object(Illuminate\Http\Request))
#32 D:\laragon\www\jaibangla_dv\jaibangla\vendor\laravel\framework\src\Illuminate\Pipeline\Pipeline.php(148): Illuminate\Session\Middleware\StartSession->handle(Object(Illuminate\Http\Request), Object(Closure))
#33 D:\laragon\www\jaibangla_dv\jaibangla\vendor\laravel\framework\src\Illuminate\Routing\Pipeline.php(53): Illuminate\Pipeline\Pipeline->Illuminate\Pipeline\{closure}(Object(Illuminate\Http\Request))
#34 D:\laragon\www\jaibangla_dv\jaibangla\vendor\laravel\framework\src\Illuminate\Cookie\Middleware\AddQueuedCookiesToResponse.php(37): Illuminate\Routing\Pipeline->Illuminate\Routing\{closure}(Object(Illuminate\Http\Request))
#35 D:\laragon\www\jaibangla_dv\jaibangla\vendor\laravel\framework\src\Illuminate\Pipeline\Pipeline.php(148): Illuminate\Cookie\Middleware\AddQueuedCookiesToResponse->handle(Object(Illuminate\Http\Request), Object(Closure))
#36 D:\laragon\www\jaibangla_dv\jaibangla\vendor\laravel\framework\src\Illuminate\Routing\Pipeline.php(53): Illuminate\Pipeline\Pipeline->Illuminate\Pipeline\{closure}(Object(Illuminate\Http\Request))
#37 D:\laragon\www\jaibangla_dv\jaibangla\vendor\laravel\framework\src\Illuminate\Cookie\Middleware\EncryptCookies.php(59): Illuminate\Routing\Pipeline->Illuminate\Routing\{closure}(Object(Illuminate\Http\Request))
#38 D:\laragon\www\jaibangla_dv\jaibangla\vendor\laravel\framework\src\Illuminate\Pipeline\Pipeline.php(148): Illuminate\Cookie\Middleware\EncryptCookies->handle(Object(Illuminate\Http\Request), Object(Closure))
#39 D:\laragon\www\jaibangla_dv\jaibangla\vendor\laravel\framework\src\Illuminate\Routing\Pipeline.php(53): Illuminate\Pipeline\Pipeline->Illuminate\Pipeline\{closure}(Object(Illuminate\Http\Request))
#40 D:\laragon\www\jaibangla_dv\jaibangla\vendor\laravel\framework\src\Illuminate\Pipeline\Pipeline.php(102): Illuminate\Routing\Pipeline->Illuminate\Routing\{closure}(Object(Illuminate\Http\Request))
#41 D:\laragon\www\jaibangla_dv\jaibangla\vendor\laravel\framework\src\Illuminate\Routing\Router.php(574): Illuminate\Pipeline\Pipeline->then(Object(Closure))
#42 D:\laragon\www\jaibangla_dv\jaibangla\vendor\laravel\framework\src\Illuminate\Routing\Router.php(533): Illuminate\Routing\Router->runRouteWithinStack(Object(Illuminate\Routing\Route), Object(Illuminate\Http\Request))
#43 D:\laragon\www\jaibangla_dv\jaibangla\vendor\laravel\framework\src\Illuminate\Routing\Router.php(511): Illuminate\Routing\Router->dispatchToRoute(Object(Illuminate\Http\Request))
#44 D:\laragon\www\jaibangla_dv\jaibangla\vendor\laravel\framework\src\Illuminate\Foundation\Http\Kernel.php(176): Illuminate\Routing\Router->dispatch(Object(Illuminate\Http\Request))
#45 D:\laragon\www\jaibangla_dv\jaibangla\vendor\laravel\framework\src\Illuminate\Routing\Pipeline.php(30): Illuminate\Foundation\Http\Kernel->Illuminate\Foundation\Http\{closure}(Object(Illuminate\Http\Request))
#46 D:\laragon\www\jaibangla_dv\jaibangla\vendor\laravel\framework\src\Illuminate\Foundation\Http\Middleware\TransformsRequest.php(30): Illuminate\Routing\Pipeline->Illuminate\Routing\{closure}(Object(Illuminate\Http\Request))
#47 D:\laragon\www\jaibangla_dv\jaibangla\vendor\laravel\framework\src\Illuminate\Pipeline\Pipeline.php(148): Illuminate\Foundation\Http\Middleware\TransformsRequest->handle(Object(Illuminate\Http\Request), Object(Closure))
#48 D:\laragon\www\jaibangla_dv\jaibangla\vendor\laravel\framework\src\Illuminate\Routing\Pipeline.php(53): Illuminate\Pipeline\Pipeline->Illuminate\Pipeline\{closure}(Object(Illuminate\Http\Request))
#49 D:\laragon\www\jaibangla_dv\jaibangla\vendor\laravel\framework\src\Illuminate\Foundation\Http\Middleware\TransformsRequest.php(30): Illuminate\Routing\Pipeline->Illuminate\Routing\{closure}(Object(Illuminate\Http\Request))
#50 D:\laragon\www\jaibangla_dv\jaibangla\vendor\laravel\framework\src\Illuminate\Pipeline\Pipeline.php(148): Illuminate\Foundation\Http\Middleware\TransformsRequest->handle(Object(Illuminate\Http\Request), Object(Closure))
#51 D:\laragon\www\jaibangla_dv\jaibangla\vendor\laravel\framework\src\Illuminate\Routing\Pipeline.php(53): Illuminate\Pipeline\Pipeline->Illuminate\Pipeline\{closure}(Object(Illuminate\Http\Request))
#52 D:\laragon\www\jaibangla_dv\jaibangla\vendor\laravel\framework\src\Illuminate\Foundation\Http\Middleware\ValidatePostSize.php(27): Illuminate\Routing\Pipeline->Illuminate\Routing\{closure}(Object(Illuminate\Http\Request))
#53 D:\laragon\www\jaibangla_dv\jaibangla\vendor\laravel\framework\src\Illuminate\Pipeline\Pipeline.php(148): Illuminate\Foundation\Http\Middleware\ValidatePostSize->handle(Object(Illuminate\Http\Request), Object(Closure))
#54 D:\laragon\www\jaibangla_dv\jaibangla\vendor\laravel\framework\src\Illuminate\Routing\Pipeline.php(53): Illuminate\Pipeline\Pipeline->Illuminate\Pipeline\{closure}(Object(Illuminate\Http\Request))
#55 D:\laragon\www\jaibangla_dv\jaibangla\vendor\laravel\framework\src\Illuminate\Foundation\Http\Middleware\CheckForMaintenanceMode.php(46): Illuminate\Routing\Pipeline->Illuminate\Routing\{closure}(Object(Illuminate\Http\Request))
#56 D:\laragon\www\jaibangla_dv\jaibangla\vendor\laravel\framework\src\Illuminate\Pipeline\Pipeline.php(148): Illuminate\Foundation\Http\Middleware\CheckForMaintenanceMode->handle(Object(Illuminate\Http\Request), Object(Closure))
#57 D:\laragon\www\jaibangla_dv\jaibangla\vendor\laravel\framework\src\Illuminate\Routing\Pipeline.php(53): Illuminate\Pipeline\Pipeline->Illuminate\Pipeline\{closure}(Object(Illuminate\Http\Request))
#58 D:\laragon\www\jaibangla_dv\jaibangla\vendor\laravel\framework\src\Illuminate\Pipeline\Pipeline.php(102): Illuminate\Routing\Pipeline->Illuminate\Routing\{closure}(Object(Illuminate\Http\Request))
#59 D:\laragon\www\jaibangla_dv\jaibangla\vendor\laravel\framework\src\Illuminate\Foundation\Http\Kernel.php(151): Illuminate\Pipeline\Pipeline->then(Object(Closure))
#60 D:\laragon\www\jaibangla_dv\jaibangla\vendor\laravel\framework\src\Illuminate\Foundation\Http\Kernel.php(116): Illuminate\Foundation\Http\Kernel->sendRequestThroughRouter(Object(Illuminate\Http\Request))
#61 D:\laragon\www\jaibangla_dv\index.php(53): Illuminate\Foundation\Http\Kernel->handle(Object(Illuminate\Http\Request))
#62 {main}

Next ErrorException: View [pension-details-view.contact_details] not found. (View: D:\laragon\www\jaibangla_dv\jaibangla\resources\views\pension-details-view\pension_view_details.blade.php) (View: D:\laragon\www\jaibangla_dv\jaibangla\resources\views\pension-details-view\pension_view_details.blade.php) in D:\laragon\www\jaibangla_dv\jaibangla\vendor\laravel\framework\src\Illuminate\View\FileViewFinder.php:137
Stack trace:
#0 D:\laragon\www\jaibangla_dv\jaibangla\vendor\laravel\framework\src\Illuminate\View\Engines\PhpEngine.php(44): Illuminate\View\Engines\CompilerEngine->handleViewException(Object(ErrorException), 1)
#1 D:\laragon\www\jaibangla_dv\jaibangla\vendor\laravel\framework\src\Illuminate\View\Engines\CompilerEngine.php(59): Illuminate\View\Engines\PhpEngine->evaluatePath('D:\\laragon\\www\\...', Array)
#2 D:\laragon\www\jaibangla_dv\jaibangla\vendor\laravel\framework\src\Illuminate\View\View.php(137): Illuminate\View\Engines\CompilerEngine->get('D:\\laragon\\www\\...', Array)
#3 D:\laragon\www\jaibangla_dv\jaibangla\vendor\laravel\framework\src\Illuminate\View\View.php(120): Illuminate\View\View->getContents()
#4 D:\laragon\www\jaibangla_dv\jaibangla\vendor\laravel\framework\src\Illuminate\View\View.php(85): Illuminate\View\View->renderContents()
#5 D:\laragon\www\jaibangla_dv\jaibangla\vendor\laravel\framework\src\Illuminate\Http\Response.php(38): Illuminate\View\View->render()
#6 D:\laragon\www\jaibangla_dv\jaibangla\vendor\symfony\http-foundation\Response.php(206): Illuminate\Http\Response->setContent(Object(Illuminate\View\View))
#7 D:\laragon\www\jaibangla_dv\jaibangla\vendor\laravel\framework\src\Illuminate\Routing\Router.php(615): Symfony\Component\HttpFoundation\Response->__construct(Object(Illuminate\View\View))
#8 D:\laragon\www\jaibangla_dv\jaibangla\vendor\laravel\framework\src\Illuminate\Routing\Router.php(572): Illuminate\Routing\Router->prepareResponse(Object(Illuminate\Http\Request), Object(Illuminate\View\View))
#9 D:\laragon\www\jaibangla_dv\jaibangla\vendor\laravel\framework\src\Illuminate\Routing\Pipeline.php(30): Illuminate\Routing\Router->Illuminate\Routing\{closure}(Object(Illuminate\Http\Request))
#10 D:\laragon\www\jaibangla_dv\jaibangla\app\Http\Middleware\TrackPageCount.php(29): Illuminate\Routing\Pipeline->Illuminate\Routing\{closure}(Object(Illuminate\Http\Request))
#11 D:\laragon\www\jaibangla_dv\jaibangla\vendor\laravel\framework\src\Illuminate\Pipeline\Pipeline.php(148): App\Http\Middleware\TrackPageCount->handle(Object(Illuminate\Http\Request), Object(Closure))
#12 D:\laragon\www\jaibangla_dv\jaibangla\vendor\laravel\framework\src\Illuminate\Routing\Pipeline.php(53): Illuminate\Pipeline\Pipeline->Illuminate\Pipeline\{closure}(Object(Illuminate\Http\Request))
#13 D:\laragon\www\jaibangla_dv\jaibangla\vendor\laravel\framework\src\Illuminate\Routing\Middleware\SubstituteBindings.php(41): Illuminate\Routing\Pipeline->Illuminate\Routing\{closure}(Object(Illuminate\Http\Request))
#14 D:\laragon\www\jaibangla_dv\jaibangla\vendor\laravel\framework\src\Illuminate\Pipeline\Pipeline.php(148): Illuminate\Routing\Middleware\SubstituteBindings->handle(Object(Illuminate\Http\Request), Object(Closure))
#15 D:\laragon\www\jaibangla_dv\jaibangla\vendor\laravel\framework\src\Illuminate\Routing\Pipeline.php(53): Illuminate\Pipeline\Pipeline->Illuminate\Pipeline\{closure}(Object(Illuminate\Http\Request))
#16 D:\laragon\www\jaibangla_dv\jaibangla\vendor\laravel\framework\src\Illuminate\Auth\Middleware\Authenticate.php(43): Illuminate\Routing\Pipeline->Illuminate\Routing\{closure}(Object(Illuminate\Http\Request))
#17 D:\laragon\www\jaibangla_dv\jaibangla\vendor\laravel\framework\src\Illuminate\Pipeline\Pipeline.php(148): Illuminate\Auth\Middleware\Authenticate->handle(Object(Illuminate\Http\Request), Object(Closure))
#18 D:\laragon\www\jaibangla_dv\jaibangla\vendor\laravel\framework\src\Illuminate\Routing\Pipeline.php(53): Illuminate\Pipeline\Pipeline->Illuminate\Pipeline\{closure}(Object(Illuminate\Http\Request))
#19 D:\laragon\www\jaibangla_dv\jaibangla\vendor\laravel\framework\src\Illuminate\Foundation\Http\Middleware\VerifyCsrfToken.php(65): Illuminate\Routing\Pipeline->Illuminate\Routing\{closure}(Object(Illuminate\Http\Request))
#20 D:\laragon\www\jaibangla_dv\jaibangla\vendor\laravel\framework\src\Illuminate\Pipeline\Pipeline.php(148): Illuminate\Foundation\Http\Middleware\VerifyCsrfToken->handle(Object(Illuminate\Http\Request), Object(Closure))
#21 D:\laragon\www\jaibangla_dv\jaibangla\vendor\laravel\framework\src\Illuminate\Routing\Pipeline.php(53): Illuminate\Pipeline\Pipeline->Illuminate\Pipeline\{closure}(Object(Illuminate\Http\Request))
#22 D:\laragon\www\jaibangla_dv\jaibangla\vendor\laravel\framework\src\Illuminate\View\Middleware\ShareErrorsFromSession.php(49): Illuminate\Routing\Pipeline->Illuminate\Routing\{closure}(Object(Illuminate\Http\Request))
#23 D:\laragon\www\jaibangla_dv\jaibangla\vendor\laravel\framework\src\Illuminate\Pipeline\Pipeline.php(148): Illuminate\View\Middleware\ShareErrorsFromSession->handle(Object(Illuminate\Http\Request), Object(Closure))
#24 D:\laragon\www\jaibangla_dv\jaibangla\vendor\laravel\framework\src\Illuminate\Routing\Pipeline.php(53): Illuminate\Pipeline\Pipeline->Illuminate\Pipeline\{closure}(Object(Illuminate\Http\Request))
#25 D:\laragon\www\jaibangla_dv\jaibangla\vendor\laravel\framework\src\Illuminate\Session\Middleware\StartSession.php(64): Illuminate\Routing\Pipeline->Illuminate\Routing\{closure}(Object(Illuminate\Http\Request))
#26 D:\laragon\www\jaibangla_dv\jaibangla\vendor\laravel\framework\src\Illuminate\Pipeline\Pipeline.php(148): Illuminate\Session\Middleware\StartSession->handle(Object(Illuminate\Http\Request), Object(Closure))
#27 D:\laragon\www\jaibangla_dv\jaibangla\vendor\laravel\framework\src\Illuminate\Routing\Pipeline.php(53): Illuminate\Pipeline\Pipeline->Illuminate\Pipeline\{closure}(Object(Illuminate\Http\Request))
#28 D:\laragon\www\jaibangla_dv\jaibangla\vendor\laravel\framework\src\Illuminate\Cookie\Middleware\AddQueuedCookiesToResponse.php(37): Illuminate\Routing\Pipeline->Illuminate\Routing\{closure}(Object(Illuminate\Http\Request))
#29 D:\laragon\www\jaibangla_dv\jaibangla\vendor\laravel\framework\src\Illuminate\Pipeline\Pipeline.php(148): Illuminate\Cookie\Middleware\AddQueuedCookiesToResponse->handle(Object(Illuminate\Http\Request), Object(Closure))
#30 D:\laragon\www\jaibangla_dv\jaibangla\vendor\laravel\framework\src\Illuminate\Routing\Pipeline.php(53): Illuminate\Pipeline\Pipeline->Illuminate\Pipeline\{closure}(Object(Illuminate\Http\Request))
#31 D:\laragon\www\jaibangla_dv\jaibangla\vendor\laravel\framework\src\Illuminate\Cookie\Middleware\EncryptCookies.php(59): Illuminate\Routing\Pipeline->Illuminate\Routing\{closure}(Object(Illuminate\Http\Request))
#32 D:\laragon\www\jaibangla_dv\jaibangla\vendor\laravel\framework\src\Illuminate\Pipeline\Pipeline.php(148): Illuminate\Cookie\Middleware\EncryptCookies->handle(Object(Illuminate\Http\Request), Object(Closure))
#33 D:\laragon\www\jaibangla_dv\jaibangla\vendor\laravel\framework\src\Illuminate\Routing\Pipeline.php(53): Illuminate\Pipeline\Pipeline->Illuminate\Pipeline\{closure}(Object(Illuminate\Http\Request))
#34 D:\laragon\www\jaibangla_dv\jaibangla\vendor\laravel\framework\src\Illuminate\Pipeline\Pipeline.php(102): Illuminate\Routing\Pipeline->Illuminate\Routing\{closure}(Object(Illuminate\Http\Request))
#35 D:\laragon\www\jaibangla_dv\jaibangla\vendor\laravel\framework\src\Illuminate\Routing\Router.php(574): Illuminate\Pipeline\Pipeline->then(Object(Closure))
#36 D:\laragon\www\jaibangla_dv\jaibangla\vendor\laravel\framework\src\Illuminate\Routing\Router.php(533): Illuminate\Routing\Router->runRouteWithinStack(Object(Illuminate\Routing\Route), Object(Illuminate\Http\Request))
#37 D:\laragon\www\jaibangla_dv\jaibangla\vendor\laravel\framework\src\Illuminate\Routing\Router.php(511): Illuminate\Routing\Router->dispatchToRoute(Object(Illuminate\Http\Request))
#38 D:\laragon\www\jaibangla_dv\jaibangla\vendor\laravel\framework\src\Illuminate\Foundation\Http\Kernel.php(176): Illuminate\Routing\Router->dispatch(Object(Illuminate\Http\Request))
#39 D:\laragon\www\jaibangla_dv\jaibangla\vendor\laravel\framework\src\Illuminate\Routing\Pipeline.php(30): Illuminate\Foundation\Http\Kernel->Illuminate\Foundation\Http\{closure}(Object(Illuminate\Http\Request))
#40 D:\laragon\www\jaibangla_dv\jaibangla\vendor\laravel\framework\src\Illuminate\Foundation\Http\Middleware\TransformsRequest.php(30): Illuminate\Routing\Pipeline->Illuminate\Routing\{closure}(Object(Illuminate\Http\Request))
#41 D:\laragon\www\jaibangla_dv\jaibangla\vendor\laravel\framework\src\Illuminate\Pipeline\Pipeline.php(148): Illuminate\Foundation\Http\Middleware\TransformsRequest->handle(Object(Illuminate\Http\Request), Object(Closure))
#42 D:\laragon\www\jaibangla_dv\jaibangla\vendor\laravel\framework\src\Illuminate\Routing\Pipeline.php(53): Illuminate\Pipeline\Pipeline->Illuminate\Pipeline\{closure}(Object(Illuminate\Http\Request))
#43 D:\laragon\www\jaibangla_dv\jaibangla\vendor\laravel\framework\src\Illuminate\Foundation\Http\Middleware\TransformsRequest.php(30): Illuminate\Routing\Pipeline->Illuminate\Routing\{closure}(Object(Illuminate\Http\Request))
#44 D:\laragon\www\jaibangla_dv\jaibangla\vendor\laravel\framework\src\Illuminate\Pipeline\Pipeline.php(148): Illuminate\Foundation\Http\Middleware\TransformsRequest->handle(Object(Illuminate\Http\Request), Object(Closure))
#45 D:\laragon\www\jaibangla_dv\jaibangla\vendor\laravel\framework\src\Illuminate\Routing\Pipeline.php(53): Illuminate\Pipeline\Pipeline->Illuminate\Pipeline\{closure}(Object(Illuminate\Http\Request))
#46 D:\laragon\www\jaibangla_dv\jaibangla\vendor\laravel\framework\src\Illuminate\Foundation\Http\Middleware\ValidatePostSize.php(27): Illuminate\Routing\Pipeline->Illuminate\Routing\{closure}(Object(Illuminate\Http\Request))
#47 D:\laragon\www\jaibangla_dv\jaibangla\vendor\laravel\framework\src\Illuminate\Pipeline\Pipeline.php(148): Illuminate\Foundation\Http\Middleware\ValidatePostSize->handle(Object(Illuminate\Http\Request), Object(Closure))
#48 D:\laragon\www\jaibangla_dv\jaibangla\vendor\laravel\framework\src\Illuminate\Routing\Pipeline.php(53): Illuminate\Pipeline\Pipeline->Illuminate\Pipeline\{closure}(Object(Illuminate\Http\Request))
#49 D:\laragon\www\jaibangla_dv\jaibangla\vendor\laravel\framework\src\Illuminate\Foundation\Http\Middleware\CheckForMaintenanceMode.php(46): Illuminate\Routing\Pipeline->Illuminate\Routing\{closure}(Object(Illuminate\Http\Request))
#50 D:\laragon\www\jaibangla_dv\jaibangla\vendor\laravel\framework\src\Illuminate\Pipeline\Pipeline.php(148): Illuminate\Foundation\Http\Middleware\CheckForMaintenanceMode->handle(Object(Illuminate\Http\Request), Object(Closure))
#51 D:\laragon\www\jaibangla_dv\jaibangla\vendor\laravel\framework\src\Illuminate\Routing\Pipeline.php(53): Illuminate\Pipeline\Pipeline->Illuminate\Pipeline\{closure}(Object(Illuminate\Http\Request))
#52 D:\laragon\www\jaibangla_dv\jaibangla\vendor\laravel\framework\src\Illuminate\Pipeline\Pipeline.php(102): Illuminate\Routing\Pipeline->Illuminate\Routing\{closure}(Object(Illuminate\Http\Request))
#53 D:\laragon\www\jaibangla_dv\jaibangla\vendor\laravel\framework\src\Illuminate\Foundation\Http\Kernel.php(151): Illuminate\Pipeline\Pipeline->then(Object(Closure))
#54 D:\laragon\www\jaibangla_dv\jaibangla\vendor\laravel\framework\src\Illuminate\Foundation\Http\Kernel.php(116): Illuminate\Foundation\Http\Kernel->sendRequestThroughRouter(Object(Illuminate\Http\Request))
#55 D:\laragon\www\jaibangla_dv\index.php(53): Illuminate\Foundation\Http\Kernel->handle(Object(Illuminate\Http\Request))
#56 {main}  
[2024-12-18 05:17:49] production.ERROR: InvalidArgumentException: View [pension-details-view.contact_details] not found. in D:\laragon\www\jaibangla_dv\jaibangla\vendor\laravel\framework\src\Illuminate\View\FileViewFinder.php:137
Stack trace:
#0 D:\laragon\www\jaibangla_dv\jaibangla\vendor\laravel\framework\src\Illuminate\View\FileViewFinder.php(79): Illuminate\View\FileViewFinder->findInPaths('pension-details...', Array)
#1 D:\laragon\www\jaibangla_dv\jaibangla\vendor\laravel\framework\src\Illuminate\View\Factory.php(128): Illuminate\View\FileViewFinder->find('pension-details...')
#2 D:\laragon\www\jaibangla_dv\jaibangla\storage\framework\views\d7a184fbc476d9ba1623f1c7f4ccbb74c47bd814.php(178): Illuminate\View\Factory->make('pension-details...', Array)
#3 D:\laragon\www\jaibangla_dv\jaibangla\vendor\laravel\framework\src\Illuminate\View\Engines\PhpEngine.php(42): include('D:\\laragon\\www\\...')
#4 D:\laragon\www\jaibangla_dv\jaibangla\vendor\laravel\framework\src\Illuminate\View\Engines\CompilerEngine.php(59): Illuminate\View\Engines\PhpEngine->evaluatePath('D:\\laragon\\www\\...', Array)
#5 D:\laragon\www\jaibangla_dv\jaibangla\vendor\laravel\framework\src\Illuminate\View\View.php(137): Illuminate\View\Engines\CompilerEngine->get('D:\\laragon\\www\\...', Array)
#6 D:\laragon\www\jaibangla_dv\jaibangla\vendor\laravel\framework\src\Illuminate\View\View.php(120): Illuminate\View\View->getContents()
#7 D:\laragon\www\jaibangla_dv\jaibangla\vendor\laravel\framework\src\Illuminate\View\View.php(85): Illuminate\View\View->renderContents()
#8 D:\laragon\www\jaibangla_dv\jaibangla\storage\framework\views\0d34c288b4683bdc33b71c9ec48a768027506d47.php(59): Illuminate\View\View->render()
#9 D:\laragon\www\jaibangla_dv\jaibangla\vendor\laravel\framework\src\Illuminate\View\Engines\PhpEngine.php(42): include('D:\\laragon\\www\\...')
#10 D:\laragon\www\jaibangla_dv\jaibangla\vendor\laravel\framework\src\Illuminate\View\Engines\CompilerEngine.php(59): Illuminate\View\Engines\PhpEngine->evaluatePath('D:\\laragon\\www\\...', Array)
#11 D:\laragon\www\jaibangla_dv\jaibangla\vendor\laravel\framework\src\Illuminate\View\View.php(137): Illuminate\View\Engines\CompilerEngine->get('D:\\laragon\\www\\...', Array)
#12 D:\laragon\www\jaibangla_dv\jaibangla\vendor\laravel\framework\src\Illuminate\View\View.php(120): Illuminate\View\View->getContents()
#13 D:\laragon\www\jaibangla_dv\jaibangla\vendor\laravel\framework\src\Illuminate\View\View.php(85): Illuminate\View\View->renderContents()
#14 D:\laragon\www\jaibangla_dv\jaibangla\vendor\laravel\framework\src\Illuminate\Http\Response.php(38): Illuminate\View\View->render()
#15 D:\laragon\www\jaibangla_dv\jaibangla\vendor\symfony\http-foundation\Response.php(206): Illuminate\Http\Response->setContent(Object(Illuminate\View\View))
#16 D:\laragon\www\jaibangla_dv\jaibangla\vendor\laravel\framework\src\Illuminate\Routing\Router.php(615): Symfony\Component\HttpFoundation\Response->__construct(Object(Illuminate\View\View))
#17 D:\laragon\www\jaibangla_dv\jaibangla\vendor\laravel\framework\src\Illuminate\Routing\Router.php(572): Illuminate\Routing\Router->prepareResponse(Object(Illuminate\Http\Request), Object(Illuminate\View\View))
#18 D:\laragon\www\jaibangla_dv\jaibangla\vendor\laravel\framework\src\Illuminate\Routing\Pipeline.php(30): Illuminate\Routing\Router->Illuminate\Routing\{closure}(Object(Illuminate\Http\Request))
#19 D:\laragon\www\jaibangla_dv\jaibangla\app\Http\Middleware\TrackPageCount.php(29): Illuminate\Routing\Pipeline->Illuminate\Routing\{closure}(Object(Illuminate\Http\Request))
#20 D:\laragon\www\jaibangla_dv\jaibangla\vendor\laravel\framework\src\Illuminate\Pipeline\Pipeline.php(148): App\Http\Middleware\TrackPageCount->handle(Object(Illuminate\Http\Request), Object(Closure))
#21 D:\laragon\www\jaibangla_dv\jaibangla\vendor\laravel\framework\src\Illuminate\Routing\Pipeline.php(53): Illuminate\Pipeline\Pipeline->Illuminate\Pipeline\{closure}(Object(Illuminate\Http\Request))
#22 D:\laragon\www\jaibangla_dv\jaibangla\vendor\laravel\framework\src\Illuminate\Routing\Middleware\SubstituteBindings.php(41): Illuminate\Routing\Pipeline->Illuminate\Routing\{closure}(Object(Illuminate\Http\Request))
#23 D:\laragon\www\jaibangla_dv\jaibangla\vendor\laravel\framework\src\Illuminate\Pipeline\Pipeline.php(148): Illuminate\Routing\Middleware\SubstituteBindings->handle(Object(Illuminate\Http\Request), Object(Closure))
#24 D:\laragon\www\jaibangla_dv\jaibangla\vendor\laravel\framework\src\Illuminate\Routing\Pipeline.php(53): Illuminate\Pipeline\Pipeline->Illuminate\Pipeline\{closure}(Object(Illuminate\Http\Request))
#25 D:\laragon\www\jaibangla_dv\jaibangla\vendor\laravel\framework\src\Illuminate\Auth\Middleware\Authenticate.php(43): Illuminate\Routing\Pipeline->Illuminate\Routing\{closure}(Object(Illuminate\Http\Request))
#26 D:\laragon\www\jaibangla_dv\jaibangla\vendor\laravel\framework\src\Illuminate\Pipeline\Pipeline.php(148): Illuminate\Auth\Middleware\Authenticate->handle(Object(Illuminate\Http\Request), Object(Closure))
#27 D:\laragon\www\jaibangla_dv\jaibangla\vendor\laravel\framework\src\Illuminate\Routing\Pipeline.php(53): Illuminate\Pipeline\Pipeline->Illuminate\Pipeline\{closure}(Object(Illuminate\Http\Request))
#28 D:\laragon\www\jaibangla_dv\jaibangla\vendor\laravel\framework\src\Illuminate\Foundation\Http\Middleware\VerifyCsrfToken.php(65): Illuminate\Routing\Pipeline->Illuminate\Routing\{closure}(Object(Illuminate\Http\Request))
#29 D:\laragon\www\jaibangla_dv\jaibangla\vendor\laravel\framework\src\Illuminate\Pipeline\Pipeline.php(148): Illuminate\Foundation\Http\Middleware\VerifyCsrfToken->handle(Object(Illuminate\Http\Request), Object(Closure))
#30 D:\laragon\www\jaibangla_dv\jaibangla\vendor\laravel\framework\src\Illuminate\Routing\Pipeline.php(53): Illuminate\Pipeline\Pipeline->Illuminate\Pipeline\{closure}(Object(Illuminate\Http\Request))
#31 D:\laragon\www\jaibangla_dv\jaibangla\vendor\laravel\framework\src\Illuminate\View\Middleware\ShareErrorsFromSession.php(49): Illuminate\Routing\Pipeline->Illuminate\Routing\{closure}(Object(Illuminate\Http\Request))
#32 D:\laragon\www\jaibangla_dv\jaibangla\vendor\laravel\framework\src\Illuminate\Pipeline\Pipeline.php(148): Illuminate\View\Middleware\ShareErrorsFromSession->handle(Object(Illuminate\Http\Request), Object(Closure))
#33 D:\laragon\www\jaibangla_dv\jaibangla\vendor\laravel\framework\src\Illuminate\Routing\Pipeline.php(53): Illuminate\Pipeline\Pipeline->Illuminate\Pipeline\{closure}(Object(Illuminate\Http\Request))
#34 D:\laragon\www\jaibangla_dv\jaibangla\vendor\laravel\framework\src\Illuminate\Session\Middleware\StartSession.php(64): Illuminate\Routing\Pipeline->Illuminate\Routing\{closure}(Object(Illuminate\Http\Request))
#35 D:\laragon\www\jaibangla_dv\jaibangla\vendor\laravel\framework\src\Illuminate\Pipeline\Pipeline.php(148): Illuminate\Session\Middleware\StartSession->handle(Object(Illuminate\Http\Request), Object(Closure))
#36 D:\laragon\www\jaibangla_dv\jaibangla\vendor\laravel\framework\src\Illuminate\Routing\Pipeline.php(53): Illuminate\Pipeline\Pipeline->Illuminate\Pipeline\{closure}(Object(Illuminate\Http\Request))
#37 D:\laragon\www\jaibangla_dv\jaibangla\vendor\laravel\framework\src\Illuminate\Cookie\Middleware\AddQueuedCookiesToResponse.php(37): Illuminate\Routing\Pipeline->Illuminate\Routing\{closure}(Object(Illuminate\Http\Request))
#38 D:\laragon\www\jaibangla_dv\jaibangla\vendor\laravel\framework\src\Illuminate\Pipeline\Pipeline.php(148): Illuminate\Cookie\Middleware\AddQueuedCookiesToResponse->handle(Object(Illuminate\Http\Request), Object(Closure))
#39 D:\laragon\www\jaibangla_dv\jaibangla\vendor\laravel\framework\src\Illuminate\Routing\Pipeline.php(53): Illuminate\Pipeline\Pipeline->Illuminate\Pipeline\{closure}(Object(Illuminate\Http\Request))
#40 D:\laragon\www\jaibangla_dv\jaibangla\vendor\laravel\framework\src\Illuminate\Cookie\Middleware\EncryptCookies.php(59): Illuminate\Routing\Pipeline->Illuminate\Routing\{closure}(Object(Illuminate\Http\Request))
#41 D:\laragon\www\jaibangla_dv\jaibangla\vendor\laravel\framework\src\Illuminate\Pipeline\Pipeline.php(148): Illuminate\Cookie\Middleware\EncryptCookies->handle(Object(Illuminate\Http\Request), Object(Closure))
#42 D:\laragon\www\jaibangla_dv\jaibangla\vendor\laravel\framework\src\Illuminate\Routing\Pipeline.php(53): Illuminate\Pipeline\Pipeline->Illuminate\Pipeline\{closure}(Object(Illuminate\Http\Request))
#43 D:\laragon\www\jaibangla_dv\jaibangla\vendor\laravel\framework\src\Illuminate\Pipeline\Pipeline.php(102): Illuminate\Routing\Pipeline->Illuminate\Routing\{closure}(Object(Illuminate\Http\Request))
#44 D:\laragon\www\jaibangla_dv\jaibangla\vendor\laravel\framework\src\Illuminate\Routing\Router.php(574): Illuminate\Pipeline\Pipeline->then(Object(Closure))
#45 D:\laragon\www\jaibangla_dv\jaibangla\vendor\laravel\framework\src\Illuminate\Routing\Router.php(533): Illuminate\Routing\Router->runRouteWithinStack(Object(Illuminate\Routing\Route), Object(Illuminate\Http\Request))
#46 D:\laragon\www\jaibangla_dv\jaibangla\vendor\laravel\framework\src\Illuminate\Routing\Router.php(511): Illuminate\Routing\Router->dispatchToRoute(Object(Illuminate\Http\Request))
#47 D:\laragon\www\jaibangla_dv\jaibangla\vendor\laravel\framework\src\Illuminate\Foundation\Http\Kernel.php(176): Illuminate\Routing\Router->dispatch(Object(Illuminate\Http\Request))
#48 D:\laragon\www\jaibangla_dv\jaibangla\vendor\laravel\framework\src\Illuminate\Routing\Pipeline.php(30): Illuminate\Foundation\Http\Kernel->Illuminate\Foundation\Http\{closure}(Object(Illuminate\Http\Request))
#49 D:\laragon\www\jaibangla_dv\jaibangla\vendor\laravel\framework\src\Illuminate\Foundation\Http\Middleware\TransformsRequest.php(30): Illuminate\Routing\Pipeline->Illuminate\Routing\{closure}(Object(Illuminate\Http\Request))
#50 D:\laragon\www\jaibangla_dv\jaibangla\vendor\laravel\framework\src\Illuminate\Pipeline\Pipeline.php(148): Illuminate\Foundation\Http\Middleware\TransformsRequest->handle(Object(Illuminate\Http\Request), Object(Closure))
#51 D:\laragon\www\jaibangla_dv\jaibangla\vendor\laravel\framework\src\Illuminate\Routing\Pipeline.php(53): Illuminate\Pipeline\Pipeline->Illuminate\Pipeline\{closure}(Object(Illuminate\Http\Request))
#52 D:\laragon\www\jaibangla_dv\jaibangla\vendor\laravel\framework\src\Illuminate\Foundation\Http\Middleware\TransformsRequest.php(30): Illuminate\Routing\Pipeline->Illuminate\Routing\{closure}(Object(Illuminate\Http\Request))
#53 D:\laragon\www\jaibangla_dv\jaibangla\vendor\laravel\framework\src\Illuminate\Pipeline\Pipeline.php(148): Illuminate\Foundation\Http\Middleware\TransformsRequest->handle(Object(Illuminate\Http\Request), Object(Closure))
#54 D:\laragon\www\jaibangla_dv\jaibangla\vendor\laravel\framework\src\Illuminate\Routing\Pipeline.php(53): Illuminate\Pipeline\Pipeline->Illuminate\Pipeline\{closure}(Object(Illuminate\Http\Request))
#55 D:\laragon\www\jaibangla_dv\jaibangla\vendor\laravel\framework\src\Illuminate\Foundation\Http\Middleware\ValidatePostSize.php(27): Illuminate\Routing\Pipeline->Illuminate\Routing\{closure}(Object(Illuminate\Http\Request))
#56 D:\laragon\www\jaibangla_dv\jaibangla\vendor\laravel\framework\src\Illuminate\Pipeline\Pipeline.php(148): Illuminate\Foundation\Http\Middleware\ValidatePostSize->handle(Object(Illuminate\Http\Request), Object(Closure))
#57 D:\laragon\www\jaibangla_dv\jaibangla\vendor\laravel\framework\src\Illuminate\Routing\Pipeline.php(53): Illuminate\Pipeline\Pipeline->Illuminate\Pipeline\{closure}(Object(Illuminate\Http\Request))
#58 D:\laragon\www\jaibangla_dv\jaibangla\vendor\laravel\framework\src\Illuminate\Foundation\Http\Middleware\CheckForMaintenanceMode.php(46): Illuminate\Routing\Pipeline->Illuminate\Routing\{closure}(Object(Illuminate\Http\Request))
#59 D:\laragon\www\jaibangla_dv\jaibangla\vendor\laravel\framework\src\Illuminate\Pipeline\Pipeline.php(148): Illuminate\Foundation\Http\Middleware\CheckForMaintenanceMode->handle(Object(Illuminate\Http\Request), Object(Closure))
#60 D:\laragon\www\jaibangla_dv\jaibangla\vendor\laravel\framework\src\Illuminate\Routing\Pipeline.php(53): Illuminate\Pipeline\Pipeline->Illuminate\Pipeline\{closure}(Object(Illuminate\Http\Request))
#61 D:\laragon\www\jaibangla_dv\jaibangla\vendor\laravel\framework\src\Illuminate\Pipeline\Pipeline.php(102): Illuminate\Routing\Pipeline->Illuminate\Routing\{closure}(Object(Illuminate\Http\Request))
#62 D:\laragon\www\jaibangla_dv\jaibangla\vendor\laravel\framework\src\Illuminate\Foundation\Http\Kernel.php(151): Illuminate\Pipeline\Pipeline->then(Object(Closure))
#63 D:\laragon\www\jaibangla_dv\jaibangla\vendor\laravel\framework\src\Illuminate\Foundation\Http\Kernel.php(116): Illuminate\Foundation\Http\Kernel->sendRequestThroughRouter(Object(Illuminate\Http\Request))
#64 D:\laragon\www\jaibangla_dv\index.php(53): Illuminate\Foundation\Http\Kernel->handle(Object(Illuminate\Http\Request))
#65 {main}

Next ErrorException: View [pension-details-view.contact_details] not found. (View: D:\laragon\www\jaibangla_dv\jaibangla\resources\views\pension-details-view\pension_view_details.blade.php) in D:\laragon\www\jaibangla_dv\jaibangla\vendor\laravel\framework\src\Illuminate\View\FileViewFinder.php:137
Stack trace:
#0 D:\laragon\www\jaibangla_dv\jaibangla\vendor\laravel\framework\src\Illuminate\View\Engines\PhpEngine.php(44): Illuminate\View\Engines\CompilerEngine->handleViewException(Object(InvalidArgumentException), 2)
#1 D:\laragon\www\jaibangla_dv\jaibangla\vendor\laravel\framework\src\Illuminate\View\Engines\CompilerEngine.php(59): Illuminate\View\Engines\PhpEngine->evaluatePath('D:\\laragon\\www\\...', Array)
#2 D:\laragon\www\jaibangla_dv\jaibangla\vendor\laravel\framework\src\Illuminate\View\View.php(137): Illuminate\View\Engines\CompilerEngine->get('D:\\laragon\\www\\...', Array)
#3 D:\laragon\www\jaibangla_dv\jaibangla\vendor\laravel\framework\src\Illuminate\View\View.php(120): Illuminate\View\View->getContents()
#4 D:\laragon\www\jaibangla_dv\jaibangla\vendor\laravel\framework\src\Illuminate\View\View.php(85): Illuminate\View\View->renderContents()
#5 D:\laragon\www\jaibangla_dv\jaibangla\storage\framework\views\0d34c288b4683bdc33b71c9ec48a768027506d47.php(59): Illuminate\View\View->render()
#6 D:\laragon\www\jaibangla_dv\jaibangla\vendor\laravel\framework\src\Illuminate\View\Engines\PhpEngine.php(42): include('D:\\laragon\\www\\...')
#7 D:\laragon\www\jaibangla_dv\jaibangla\vendor\laravel\framework\src\Illuminate\View\Engines\CompilerEngine.php(59): Illuminate\View\Engines\PhpEngine->evaluatePath('D:\\laragon\\www\\...', Array)
#8 D:\laragon\www\jaibangla_dv\jaibangla\vendor\laravel\framework\src\Illuminate\View\View.php(137): Illuminate\View\Engines\CompilerEngine->get('D:\\laragon\\www\\...', Array)
#9 D:\laragon\www\jaibangla_dv\jaibangla\vendor\laravel\framework\src\Illuminate\View\View.php(120): Illuminate\View\View->getContents()
#10 D:\laragon\www\jaibangla_dv\jaibangla\vendor\laravel\framework\src\Illuminate\View\View.php(85): Illuminate\View\View->renderContents()
#11 D:\laragon\www\jaibangla_dv\jaibangla\vendor\laravel\framework\src\Illuminate\Http\Response.php(38): Illuminate\View\View->render()
#12 D:\laragon\www\jaibangla_dv\jaibangla\vendor\symfony\http-foundation\Response.php(206): Illuminate\Http\Response->setContent(Object(Illuminate\View\View))
#13 D:\laragon\www\jaibangla_dv\jaibangla\vendor\laravel\framework\src\Illuminate\Routing\Router.php(615): Symfony\Component\HttpFoundation\Response->__construct(Object(Illuminate\View\View))
#14 D:\laragon\www\jaibangla_dv\jaibangla\vendor\laravel\framework\src\Illuminate\Routing\Router.php(572): Illuminate\Routing\Router->prepareResponse(Object(Illuminate\Http\Request), Object(Illuminate\View\View))
#15 D:\laragon\www\jaibangla_dv\jaibangla\vendor\laravel\framework\src\Illuminate\Routing\Pipeline.php(30): Illuminate\Routing\Router->Illuminate\Routing\{closure}(Object(Illuminate\Http\Request))
#16 D:\laragon\www\jaibangla_dv\jaibangla\app\Http\Middleware\TrackPageCount.php(29): Illuminate\Routing\Pipeline->Illuminate\Routing\{closure}(Object(Illuminate\Http\Request))
#17 D:\laragon\www\jaibangla_dv\jaibangla\vendor\laravel\framework\src\Illuminate\Pipeline\Pipeline.php(148): App\Http\Middleware\TrackPageCount->handle(Object(Illuminate\Http\Request), Object(Closure))
#18 D:\laragon\www\jaibangla_dv\jaibangla\vendor\laravel\framework\src\Illuminate\Routing\Pipeline.php(53): Illuminate\Pipeline\Pipeline->Illuminate\Pipeline\{closure}(Object(Illuminate\Http\Request))
#19 D:\laragon\www\jaibangla_dv\jaibangla\vendor\laravel\framework\src\Illuminate\Routing\Middleware\SubstituteBindings.php(41): Illuminate\Routing\Pipeline->Illuminate\Routing\{closure}(Object(Illuminate\Http\Request))
#20 D:\laragon\www\jaibangla_dv\jaibangla\vendor\laravel\framework\src\Illuminate\Pipeline\Pipeline.php(148): Illuminate\Routing\Middleware\SubstituteBindings->handle(Object(Illuminate\Http\Request), Object(Closure))
#21 D:\laragon\www\jaibangla_dv\jaibangla\vendor\laravel\framework\src\Illuminate\Routing\Pipeline.php(53): Illuminate\Pipeline\Pipeline->Illuminate\Pipeline\{closure}(Object(Illuminate\Http\Request))
#22 D:\laragon\www\jaibangla_dv\jaibangla\vendor\laravel\framework\src\Illuminate\Auth\Middleware\Authenticate.php(43): Illuminate\Routing\Pipeline->Illuminate\Routing\{closure}(Object(Illuminate\Http\Request))
#23 D:\laragon\www\jaibangla_dv\jaibangla\vendor\laravel\framework\src\Illuminate\Pipeline\Pipeline.php(148): Illuminate\Auth\Middleware\Authenticate->handle(Object(Illuminate\Http\Request), Object(Closure))
#24 D:\laragon\www\jaibangla_dv\jaibangla\vendor\laravel\framework\src\Illuminate\Routing\Pipeline.php(53): Illuminate\Pipeline\Pipeline->Illuminate\Pipeline\{closure}(Object(Illuminate\Http\Request))
#25 D:\laragon\www\jaibangla_dv\jaibangla\vendor\laravel\framework\src\Illuminate\Foundation\Http\Middleware\VerifyCsrfToken.php(65): Illuminate\Routing\Pipeline->Illuminate\Routing\{closure}(Object(Illuminate\Http\Request))
#26 D:\laragon\www\jaibangla_dv\jaibangla\vendor\laravel\framework\src\Illuminate\Pipeline\Pipeline.php(148): Illuminate\Foundation\Http\Middleware\VerifyCsrfToken->handle(Object(Illuminate\Http\Request), Object(Closure))
#27 D:\laragon\www\jaibangla_dv\jaibangla\vendor\laravel\framework\src\Illuminate\Routing\Pipeline.php(53): Illuminate\Pipeline\Pipeline->Illuminate\Pipeline\{closure}(Object(Illuminate\Http\Request))
#28 D:\laragon\www\jaibangla_dv\jaibangla\vendor\laravel\framework\src\Illuminate\View\Middleware\ShareErrorsFromSession.php(49): Illuminate\Routing\Pipeline->Illuminate\Routing\{closure}(Object(Illuminate\Http\Request))
#29 D:\laragon\www\jaibangla_dv\jaibangla\vendor\laravel\framework\src\Illuminate\Pipeline\Pipeline.php(148): Illuminate\View\Middleware\ShareErrorsFromSession->handle(Object(Illuminate\Http\Request), Object(Closure))
#30 D:\laragon\www\jaibangla_dv\jaibangla\vendor\laravel\framework\src\Illuminate\Routing\Pipeline.php(53): Illuminate\Pipeline\Pipeline->Illuminate\Pipeline\{closure}(Object(Illuminate\Http\Request))
#31 D:\laragon\www\jaibangla_dv\jaibangla\vendor\laravel\framework\src\Illuminate\Session\Middleware\StartSession.php(64): Illuminate\Routing\Pipeline->Illuminate\Routing\{closure}(Object(Illuminate\Http\Request))
#32 D:\laragon\www\jaibangla_dv\jaibangla\vendor\laravel\framework\src\Illuminate\Pipeline\Pipeline.php(148): Illuminate\Session\Middleware\StartSession->handle(Object(Illuminate\Http\Request), Object(Closure))
#33 D:\laragon\www\jaibangla_dv\jaibangla\vendor\laravel\framework\src\Illuminate\Routing\Pipeline.php(53): Illuminate\Pipeline\Pipeline->Illuminate\Pipeline\{closure}(Object(Illuminate\Http\Request))
#34 D:\laragon\www\jaibangla_dv\jaibangla\vendor\laravel\framework\src\Illuminate\Cookie\Middleware\AddQueuedCookiesToResponse.php(37): Illuminate\Routing\Pipeline->Illuminate\Routing\{closure}(Object(Illuminate\Http\Request))
#35 D:\laragon\www\jaibangla_dv\jaibangla\vendor\laravel\framework\src\Illuminate\Pipeline\Pipeline.php(148): Illuminate\Cookie\Middleware\AddQueuedCookiesToResponse->handle(Object(Illuminate\Http\Request), Object(Closure))
#36 D:\laragon\www\jaibangla_dv\jaibangla\vendor\laravel\framework\src\Illuminate\Routing\Pipeline.php(53): Illuminate\Pipeline\Pipeline->Illuminate\Pipeline\{closure}(Object(Illuminate\Http\Request))
#37 D:\laragon\www\jaibangla_dv\jaibangla\vendor\laravel\framework\src\Illuminate\Cookie\Middleware\EncryptCookies.php(59): Illuminate\Routing\Pipeline->Illuminate\Routing\{closure}(Object(Illuminate\Http\Request))
#38 D:\laragon\www\jaibangla_dv\jaibangla\vendor\laravel\framework\src\Illuminate\Pipeline\Pipeline.php(148): Illuminate\Cookie\Middleware\EncryptCookies->handle(Object(Illuminate\Http\Request), Object(Closure))
#39 D:\laragon\www\jaibangla_dv\jaibangla\vendor\laravel\framework\src\Illuminate\Routing\Pipeline.php(53): Illuminate\Pipeline\Pipeline->Illuminate\Pipeline\{closure}(Object(Illuminate\Http\Request))
#40 D:\laragon\www\jaibangla_dv\jaibangla\vendor\laravel\framework\src\Illuminate\Pipeline\Pipeline.php(102): Illuminate\Routing\Pipeline->Illuminate\Routing\{closure}(Object(Illuminate\Http\Request))
#41 D:\laragon\www\jaibangla_dv\jaibangla\vendor\laravel\framework\src\Illuminate\Routing\Router.php(574): Illuminate\Pipeline\Pipeline->then(Object(Closure))
#42 D:\laragon\www\jaibangla_dv\jaibangla\vendor\laravel\framework\src\Illuminate\Routing\Router.php(533): Illuminate\Routing\Router->runRouteWithinStack(Object(Illuminate\Routing\Route), Object(Illuminate\Http\Request))
#43 D:\laragon\www\jaibangla_dv\jaibangla\vendor\laravel\framework\src\Illuminate\Routing\Router.php(511): Illuminate\Routing\Router->dispatchToRoute(Object(Illuminate\Http\Request))
#44 D:\laragon\www\jaibangla_dv\jaibangla\vendor\laravel\framework\src\Illuminate\Foundation\Http\Kernel.php(176): Illuminate\Routing\Router->dispatch(Object(Illuminate\Http\Request))
#45 D:\laragon\www\jaibangla_dv\jaibangla\vendor\laravel\framework\src\Illuminate\Routing\Pipeline.php(30): Illuminate\Foundation\Http\Kernel->Illuminate\Foundation\Http\{closure}(Object(Illuminate\Http\Request))
#46 D:\laragon\www\jaibangla_dv\jaibangla\vendor\laravel\framework\src\Illuminate\Foundation\Http\Middleware\TransformsRequest.php(30): Illuminate\Routing\Pipeline->Illuminate\Routing\{closure}(Object(Illuminate\Http\Request))
#47 D:\laragon\www\jaibangla_dv\jaibangla\vendor\laravel\framework\src\Illuminate\Pipeline\Pipeline.php(148): Illuminate\Foundation\Http\Middleware\TransformsRequest->handle(Object(Illuminate\Http\Request), Object(Closure))
#48 D:\laragon\www\jaibangla_dv\jaibangla\vendor\laravel\framework\src\Illuminate\Routing\Pipeline.php(53): Illuminate\Pipeline\Pipeline->Illuminate\Pipeline\{closure}(Object(Illuminate\Http\Request))
#49 D:\laragon\www\jaibangla_dv\jaibangla\vendor\laravel\framework\src\Illuminate\Foundation\Http\Middleware\TransformsRequest.php(30): Illuminate\Routing\Pipeline->Illuminate\Routing\{closure}(Object(Illuminate\Http\Request))
#50 D:\laragon\www\jaibangla_dv\jaibangla\vendor\laravel\framework\src\Illuminate\Pipeline\Pipeline.php(148): Illuminate\Foundation\Http\Middleware\TransformsRequest->handle(Object(Illuminate\Http\Request), Object(Closure))
#51 D:\laragon\www\jaibangla_dv\jaibangla\vendor\laravel\framework\src\Illuminate\Routing\Pipeline.php(53): Illuminate\Pipeline\Pipeline->Illuminate\Pipeline\{closure}(Object(Illuminate\Http\Request))
#52 D:\laragon\www\jaibangla_dv\jaibangla\vendor\laravel\framework\src\Illuminate\Foundation\Http\Middleware\ValidatePostSize.php(27): Illuminate\Routing\Pipeline->Illuminate\Routing\{closure}(Object(Illuminate\Http\Request))
#53 D:\laragon\www\jaibangla_dv\jaibangla\vendor\laravel\framework\src\Illuminate\Pipeline\Pipeline.php(148): Illuminate\Foundation\Http\Middleware\ValidatePostSize->handle(Object(Illuminate\Http\Request), Object(Closure))
#54 D:\laragon\www\jaibangla_dv\jaibangla\vendor\laravel\framework\src\Illuminate\Routing\Pipeline.php(53): Illuminate\Pipeline\Pipeline->Illuminate\Pipeline\{closure}(Object(Illuminate\Http\Request))
#55 D:\laragon\www\jaibangla_dv\jaibangla\vendor\laravel\framework\src\Illuminate\Foundation\Http\Middleware\CheckForMaintenanceMode.php(46): Illuminate\Routing\Pipeline->Illuminate\Routing\{closure}(Object(Illuminate\Http\Request))
#56 D:\laragon\www\jaibangla_dv\jaibangla\vendor\laravel\framework\src\Illuminate\Pipeline\Pipeline.php(148): Illuminate\Foundation\Http\Middleware\CheckForMaintenanceMode->handle(Object(Illuminate\Http\Request), Object(Closure))
#57 D:\laragon\www\jaibangla_dv\jaibangla\vendor\laravel\framework\src\Illuminate\Routing\Pipeline.php(53): Illuminate\Pipeline\Pipeline->Illuminate\Pipeline\{closure}(Object(Illuminate\Http\Request))
#58 D:\laragon\www\jaibangla_dv\jaibangla\vendor\laravel\framework\src\Illuminate\Pipeline\Pipeline.php(102): Illuminate\Routing\Pipeline->Illuminate\Routing\{closure}(Object(Illuminate\Http\Request))
#59 D:\laragon\www\jaibangla_dv\jaibangla\vendor\laravel\framework\src\Illuminate\Foundation\Http\Kernel.php(151): Illuminate\Pipeline\Pipeline->then(Object(Closure))
#60 D:\laragon\www\jaibangla_dv\jaibangla\vendor\laravel\framework\src\Illuminate\Foundation\Http\Kernel.php(116): Illuminate\Foundation\Http\Kernel->sendRequestThroughRouter(Object(Illuminate\Http\Request))
#61 D:\laragon\www\jaibangla_dv\index.php(53): Illuminate\Foundation\Http\Kernel->handle(Object(Illuminate\Http\Request))
#62 {main}

Next ErrorException: View [pension-details-view.contact_details] not found. (View: D:\laragon\www\jaibangla_dv\jaibangla\resources\views\pension-details-view\pension_view_details.blade.php) (View: D:\laragon\www\jaibangla_dv\jaibangla\resources\views\pension-details-view\pension_view_details.blade.php) in D:\laragon\www\jaibangla_dv\jaibangla\vendor\laravel\framework\src\Illuminate\View\FileViewFinder.php:137
Stack trace:
#0 D:\laragon\www\jaibangla_dv\jaibangla\vendor\laravel\framework\src\Illuminate\View\Engines\PhpEngine.php(44): Illuminate\View\Engines\CompilerEngine->handleViewException(Object(ErrorException), 1)
#1 D:\laragon\www\jaibangla_dv\jaibangla\vendor\laravel\framework\src\Illuminate\View\Engines\CompilerEngine.php(59): Illuminate\View\Engines\PhpEngine->evaluatePath('D:\\laragon\\www\\...', Array)
#2 D:\laragon\www\jaibangla_dv\jaibangla\vendor\laravel\framework\src\Illuminate\View\View.php(137): Illuminate\View\Engines\CompilerEngine->get('D:\\laragon\\www\\...', Array)
#3 D:\laragon\www\jaibangla_dv\jaibangla\vendor\laravel\framework\src\Illuminate\View\View.php(120): Illuminate\View\View->getContents()
#4 D:\laragon\www\jaibangla_dv\jaibangla\vendor\laravel\framework\src\Illuminate\View\View.php(85): Illuminate\View\View->renderContents()
#5 D:\laragon\www\jaibangla_dv\jaibangla\vendor\laravel\framework\src\Illuminate\Http\Response.php(38): Illuminate\View\View->render()
#6 D:\laragon\www\jaibangla_dv\jaibangla\vendor\symfony\http-foundation\Response.php(206): Illuminate\Http\Response->setContent(Object(Illuminate\View\View))
#7 D:\laragon\www\jaibangla_dv\jaibangla\vendor\laravel\framework\src\Illuminate\Routing\Router.php(615): Symfony\Component\HttpFoundation\Response->__construct(Object(Illuminate\View\View))
#8 D:\laragon\www\jaibangla_dv\jaibangla\vendor\laravel\framework\src\Illuminate\Routing\Router.php(572): Illuminate\Routing\Router->prepareResponse(Object(Illuminate\Http\Request), Object(Illuminate\View\View))
#9 D:\laragon\www\jaibangla_dv\jaibangla\vendor\laravel\framework\src\Illuminate\Routing\Pipeline.php(30): Illuminate\Routing\Router->Illuminate\Routing\{closure}(Object(Illuminate\Http\Request))
#10 D:\laragon\www\jaibangla_dv\jaibangla\app\Http\Middleware\TrackPageCount.php(29): Illuminate\Routing\Pipeline->Illuminate\Routing\{closure}(Object(Illuminate\Http\Request))
#11 D:\laragon\www\jaibangla_dv\jaibangla\vendor\laravel\framework\src\Illuminate\Pipeline\Pipeline.php(148): App\Http\Middleware\TrackPageCount->handle(Object(Illuminate\Http\Request), Object(Closure))
#12 D:\laragon\www\jaibangla_dv\jaibangla\vendor\laravel\framework\src\Illuminate\Routing\Pipeline.php(53): Illuminate\Pipeline\Pipeline->Illuminate\Pipeline\{closure}(Object(Illuminate\Http\Request))
#13 D:\laragon\www\jaibangla_dv\jaibangla\vendor\laravel\framework\src\Illuminate\Routing\Middleware\SubstituteBindings.php(41): Illuminate\Routing\Pipeline->Illuminate\Routing\{closure}(Object(Illuminate\Http\Request))
#14 D:\laragon\www\jaibangla_dv\jaibangla\vendor\laravel\framework\src\Illuminate\Pipeline\Pipeline.php(148): Illuminate\Routing\Middleware\SubstituteBindings->handle(Object(Illuminate\Http\Request), Object(Closure))
#15 D:\laragon\www\jaibangla_dv\jaibangla\vendor\laravel\framework\src\Illuminate\Routing\Pipeline.php(53): Illuminate\Pipeline\Pipeline->Illuminate\Pipeline\{closure}(Object(Illuminate\Http\Request))
#16 D:\laragon\www\jaibangla_dv\jaibangla\vendor\laravel\framework\src\Illuminate\Auth\Middleware\Authenticate.php(43): Illuminate\Routing\Pipeline->Illuminate\Routing\{closure}(Object(Illuminate\Http\Request))
#17 D:\laragon\www\jaibangla_dv\jaibangla\vendor\laravel\framework\src\Illuminate\Pipeline\Pipeline.php(148): Illuminate\Auth\Middleware\Authenticate->handle(Object(Illuminate\Http\Request), Object(Closure))
#18 D:\laragon\www\jaibangla_dv\jaibangla\vendor\laravel\framework\src\Illuminate\Routing\Pipeline.php(53): Illuminate\Pipeline\Pipeline->Illuminate\Pipeline\{closure}(Object(Illuminate\Http\Request))
#19 D:\laragon\www\jaibangla_dv\jaibangla\vendor\laravel\framework\src\Illuminate\Foundation\Http\Middleware\VerifyCsrfToken.php(65): Illuminate\Routing\Pipeline->Illuminate\Routing\{closure}(Object(Illuminate\Http\Request))
#20 D:\laragon\www\jaibangla_dv\jaibangla\vendor\laravel\framework\src\Illuminate\Pipeline\Pipeline.php(148): Illuminate\Foundation\Http\Middleware\VerifyCsrfToken->handle(Object(Illuminate\Http\Request), Object(Closure))
#21 D:\laragon\www\jaibangla_dv\jaibangla\vendor\laravel\framework\src\Illuminate\Routing\Pipeline.php(53): Illuminate\Pipeline\Pipeline->Illuminate\Pipeline\{closure}(Object(Illuminate\Http\Request))
#22 D:\laragon\www\jaibangla_dv\jaibangla\vendor\laravel\framework\src\Illuminate\View\Middleware\ShareErrorsFromSession.php(49): Illuminate\Routing\Pipeline->Illuminate\Routing\{closure}(Object(Illuminate\Http\Request))
#23 D:\laragon\www\jaibangla_dv\jaibangla\vendor\laravel\framework\src\Illuminate\Pipeline\Pipeline.php(148): Illuminate\View\Middleware\ShareErrorsFromSession->handle(Object(Illuminate\Http\Request), Object(Closure))
#24 D:\laragon\www\jaibangla_dv\jaibangla\vendor\laravel\framework\src\Illuminate\Routing\Pipeline.php(53): Illuminate\Pipeline\Pipeline->Illuminate\Pipeline\{closure}(Object(Illuminate\Http\Request))
#25 D:\laragon\www\jaibangla_dv\jaibangla\vendor\laravel\framework\src\Illuminate\Session\Middleware\StartSession.php(64): Illuminate\Routing\Pipeline->Illuminate\Routing\{closure}(Object(Illuminate\Http\Request))
#26 D:\laragon\www\jaibangla_dv\jaibangla\vendor\laravel\framework\src\Illuminate\Pipeline\Pipeline.php(148): Illuminate\Session\Middleware\StartSession->handle(Object(Illuminate\Http\Request), Object(Closure))
#27 D:\laragon\www\jaibangla_dv\jaibangla\vendor\laravel\framework\src\Illuminate\Routing\Pipeline.php(53): Illuminate\Pipeline\Pipeline->Illuminate\Pipeline\{closure}(Object(Illuminate\Http\Request))
#28 D:\laragon\www\jaibangla_dv\jaibangla\vendor\laravel\framework\src\Illuminate\Cookie\Middleware\AddQueuedCookiesToResponse.php(37): Illuminate\Routing\Pipeline->Illuminate\Routing\{closure}(Object(Illuminate\Http\Request))
#29 D:\laragon\www\jaibangla_dv\jaibangla\vendor\laravel\framework\src\Illuminate\Pipeline\Pipeline.php(148): Illuminate\Cookie\Middleware\AddQueuedCookiesToResponse->handle(Object(Illuminate\Http\Request), Object(Closure))
#30 D:\laragon\www\jaibangla_dv\jaibangla\vendor\laravel\framework\src\Illuminate\Routing\Pipeline.php(53): Illuminate\Pipeline\Pipeline->Illuminate\Pipeline\{closure}(Object(Illuminate\Http\Request))
#31 D:\laragon\www\jaibangla_dv\jaibangla\vendor\laravel\framework\src\Illuminate\Cookie\Middleware\EncryptCookies.php(59): Illuminate\Routing\Pipeline->Illuminate\Routing\{closure}(Object(Illuminate\Http\Request))
#32 D:\laragon\www\jaibangla_dv\jaibangla\vendor\laravel\framework\src\Illuminate\Pipeline\Pipeline.php(148): Illuminate\Cookie\Middleware\EncryptCookies->handle(Object(Illuminate\Http\Request), Object(Closure))
#33 D:\laragon\www\jaibangla_dv\jaibangla\vendor\laravel\framework\src\Illuminate\Routing\Pipeline.php(53): Illuminate\Pipeline\Pipeline->Illuminate\Pipeline\{closure}(Object(Illuminate\Http\Request))
#34 D:\laragon\www\jaibangla_dv\jaibangla\vendor\laravel\framework\src\Illuminate\Pipeline\Pipeline.php(102): Illuminate\Routing\Pipeline->Illuminate\Routing\{closure}(Object(Illuminate\Http\Request))
#35 D:\laragon\www\jaibangla_dv\jaibangla\vendor\laravel\framework\src\Illuminate\Routing\Router.php(574): Illuminate\Pipeline\Pipeline->then(Object(Closure))
#36 D:\laragon\www\jaibangla_dv\jaibangla\vendor\laravel\framework\src\Illuminate\Routing\Router.php(533): Illuminate\Routing\Router->runRouteWithinStack(Object(Illuminate\Routing\Route), Object(Illuminate\Http\Request))
#37 D:\laragon\www\jaibangla_dv\jaibangla\vendor\laravel\framework\src\Illuminate\Routing\Router.php(511): Illuminate\Routing\Router->dispatchToRoute(Object(Illuminate\Http\Request))
#38 D:\laragon\www\jaibangla_dv\jaibangla\vendor\laravel\framework\src\Illuminate\Foundation\Http\Kernel.php(176): Illuminate\Routing\Router->dispatch(Object(Illuminate\Http\Request))
#39 D:\laragon\www\jaibangla_dv\jaibangla\vendor\laravel\framework\src\Illuminate\Routing\Pipeline.php(30): Illuminate\Foundation\Http\Kernel->Illuminate\Foundation\Http\{closure}(Object(Illuminate\Http\Request))
#40 D:\laragon\www\jaibangla_dv\jaibangla\vendor\laravel\framework\src\Illuminate\Foundation\Http\Middleware\TransformsRequest.php(30): Illuminate\Routing\Pipeline->Illuminate\Routing\{closure}(Object(Illuminate\Http\Request))
#41 D:\laragon\www\jaibangla_dv\jaibangla\vendor\laravel\framework\src\Illuminate\Pipeline\Pipeline.php(148): Illuminate\Foundation\Http\Middleware\TransformsRequest->handle(Object(Illuminate\Http\Request), Object(Closure))
#42 D:\laragon\www\jaibangla_dv\jaibangla\vendor\laravel\framework\src\Illuminate\Routing\Pipeline.php(53): Illuminate\Pipeline\Pipeline->Illuminate\Pipeline\{closure}(Object(Illuminate\Http\Request))
#43 D:\laragon\www\jaibangla_dv\jaibangla\vendor\laravel\framework\src\Illuminate\Foundation\Http\Middleware\TransformsRequest.php(30): Illuminate\Routing\Pipeline->Illuminate\Routing\{closure}(Object(Illuminate\Http\Request))
#44 D:\laragon\www\jaibangla_dv\jaibangla\vendor\laravel\framework\src\Illuminate\Pipeline\Pipeline.php(148): Illuminate\Foundation\Http\Middleware\TransformsRequest->handle(Object(Illuminate\Http\Request), Object(Closure))
#45 D:\laragon\www\jaibangla_dv\jaibangla\vendor\laravel\framework\src\Illuminate\Routing\Pipeline.php(53): Illuminate\Pipeline\Pipeline->Illuminate\Pipeline\{closure}(Object(Illuminate\Http\Request))
#46 D:\laragon\www\jaibangla_dv\jaibangla\vendor\laravel\framework\src\Illuminate\Foundation\Http\Middleware\ValidatePostSize.php(27): Illuminate\Routing\Pipeline->Illuminate\Routing\{closure}(Object(Illuminate\Http\Request))
#47 D:\laragon\www\jaibangla_dv\jaibangla\vendor\laravel\framework\src\Illuminate\Pipeline\Pipeline.php(148): Illuminate\Foundation\Http\Middleware\ValidatePostSize->handle(Object(Illuminate\Http\Request), Object(Closure))
#48 D:\laragon\www\jaibangla_dv\jaibangla\vendor\laravel\framework\src\Illuminate\Routing\Pipeline.php(53): Illuminate\Pipeline\Pipeline->Illuminate\Pipeline\{closure}(Object(Illuminate\Http\Request))
#49 D:\laragon\www\jaibangla_dv\jaibangla\vendor\laravel\framework\src\Illuminate\Foundation\Http\Middleware\CheckForMaintenanceMode.php(46): Illuminate\Routing\Pipeline->Illuminate\Routing\{closure}(Object(Illuminate\Http\Request))
#50 D:\laragon\www\jaibangla_dv\jaibangla\vendor\laravel\framework\src\Illuminate\Pipeline\Pipeline.php(148): Illuminate\Foundation\Http\Middleware\CheckForMaintenanceMode->handle(Object(Illuminate\Http\Request), Object(Closure))
#51 D:\laragon\www\jaibangla_dv\jaibangla\vendor\laravel\framework\src\Illuminate\Routing\Pipeline.php(53): Illuminate\Pipeline\Pipeline->Illuminate\Pipeline\{closure}(Object(Illuminate\Http\Request))
#52 D:\laragon\www\jaibangla_dv\jaibangla\vendor\laravel\framework\src\Illuminate\Pipeline\Pipeline.php(102): Illuminate\Routing\Pipeline->Illuminate\Routing\{closure}(Object(Illuminate\Http\Request))
#53 D:\laragon\www\jaibangla_dv\jaibangla\vendor\laravel\framework\src\Illuminate\Foundation\Http\Kernel.php(151): Illuminate\Pipeline\Pipeline->then(Object(Closure))
#54 D:\laragon\www\jaibangla_dv\jaibangla\vendor\laravel\framework\src\Illuminate\Foundation\Http\Kernel.php(116): Illuminate\Foundation\Http\Kernel->sendRequestThroughRouter(Object(Illuminate\Http\Request))
#55 D:\laragon\www\jaibangla_dv\index.php(53): Illuminate\Foundation\Http\Kernel->handle(Object(Illuminate\Http\Request))
#56 {main}  
[2024-12-18 05:17:50] production.ERROR: InvalidArgumentException: View [pension-details-view.contact_details] not found. in D:\laragon\www\jaibangla_dv\jaibangla\vendor\laravel\framework\src\Illuminate\View\FileViewFinder.php:137
Stack trace:
#0 D:\laragon\www\jaibangla_dv\jaibangla\vendor\laravel\framework\src\Illuminate\View\FileViewFinder.php(79): Illuminate\View\FileViewFinder->findInPaths('pension-details...', Array)
#1 D:\laragon\www\jaibangla_dv\jaibangla\vendor\laravel\framework\src\Illuminate\View\Factory.php(128): Illuminate\View\FileViewFinder->find('pension-details...')
#2 D:\laragon\www\jaibangla_dv\jaibangla\storage\framework\views\d7a184fbc476d9ba1623f1c7f4ccbb74c47bd814.php(178): Illuminate\View\Factory->make('pension-details...', Array)
#3 D:\laragon\www\jaibangla_dv\jaibangla\vendor\laravel\framework\src\Illuminate\View\Engines\PhpEngine.php(42): include('D:\\laragon\\www\\...')
#4 D:\laragon\www\jaibangla_dv\jaibangla\vendor\laravel\framework\src\Illuminate\View\Engines\CompilerEngine.php(59): Illuminate\View\Engines\PhpEngine->evaluatePath('D:\\laragon\\www\\...', Array)
#5 D:\laragon\www\jaibangla_dv\jaibangla\vendor\laravel\framework\src\Illuminate\View\View.php(137): Illuminate\View\Engines\CompilerEngine->get('D:\\laragon\\www\\...', Array)
#6 D:\laragon\www\jaibangla_dv\jaibangla\vendor\laravel\framework\src\Illuminate\View\View.php(120): Illuminate\View\View->getContents()
#7 D:\laragon\www\jaibangla_dv\jaibangla\vendor\laravel\framework\src\Illuminate\View\View.php(85): Illuminate\View\View->renderContents()
#8 D:\laragon\www\jaibangla_dv\jaibangla\storage\framework\views\0d34c288b4683bdc33b71c9ec48a768027506d47.php(59): Illuminate\View\View->render()
#9 D:\laragon\www\jaibangla_dv\jaibangla\vendor\laravel\framework\src\Illuminate\View\Engines\PhpEngine.php(42): include('D:\\laragon\\www\\...')
#10 D:\laragon\www\jaibangla_dv\jaibangla\vendor\laravel\framework\src\Illuminate\View\Engines\CompilerEngine.php(59): Illuminate\View\Engines\PhpEngine->evaluatePath('D:\\laragon\\www\\...', Array)
#11 D:\laragon\www\jaibangla_dv\jaibangla\vendor\laravel\framework\src\Illuminate\View\View.php(137): Illuminate\View\Engines\CompilerEngine->get('D:\\laragon\\www\\...', Array)
#12 D:\laragon\www\jaibangla_dv\jaibangla\vendor\laravel\framework\src\Illuminate\View\View.php(120): Illuminate\View\View->getContents()
#13 D:\laragon\www\jaibangla_dv\jaibangla\vendor\laravel\framework\src\Illuminate\View\View.php(85): Illuminate\View\View->renderContents()
#14 D:\laragon\www\jaibangla_dv\jaibangla\vendor\laravel\framework\src\Illuminate\Http\Response.php(38): Illuminate\View\View->render()
#15 D:\laragon\www\jaibangla_dv\jaibangla\vendor\symfony\http-foundation\Response.php(206): Illuminate\Http\Response->setContent(Object(Illuminate\View\View))
#16 D:\laragon\www\jaibangla_dv\jaibangla\vendor\laravel\framework\src\Illuminate\Routing\Router.php(615): Symfony\Component\HttpFoundation\Response->__construct(Object(Illuminate\View\View))
#17 D:\laragon\www\jaibangla_dv\jaibangla\vendor\laravel\framework\src\Illuminate\Routing\Router.php(572): Illuminate\Routing\Router->prepareResponse(Object(Illuminate\Http\Request), Object(Illuminate\View\View))
#18 D:\laragon\www\jaibangla_dv\jaibangla\vendor\laravel\framework\src\Illuminate\Routing\Pipeline.php(30): Illuminate\Routing\Router->Illuminate\Routing\{closure}(Object(Illuminate\Http\Request))
#19 D:\laragon\www\jaibangla_dv\jaibangla\app\Http\Middleware\TrackPageCount.php(29): Illuminate\Routing\Pipeline->Illuminate\Routing\{closure}(Object(Illuminate\Http\Request))
#20 D:\laragon\www\jaibangla_dv\jaibangla\vendor\laravel\framework\src\Illuminate\Pipeline\Pipeline.php(148): App\Http\Middleware\TrackPageCount->handle(Object(Illuminate\Http\Request), Object(Closure))
#21 D:\laragon\www\jaibangla_dv\jaibangla\vendor\laravel\framework\src\Illuminate\Routing\Pipeline.php(53): Illuminate\Pipeline\Pipeline->Illuminate\Pipeline\{closure}(Object(Illuminate\Http\Request))
#22 D:\laragon\www\jaibangla_dv\jaibangla\vendor\laravel\framework\src\Illuminate\Routing\Middleware\SubstituteBindings.php(41): Illuminate\Routing\Pipeline->Illuminate\Routing\{closure}(Object(Illuminate\Http\Request))
#23 D:\laragon\www\jaibangla_dv\jaibangla\vendor\laravel\framework\src\Illuminate\Pipeline\Pipeline.php(148): Illuminate\Routing\Middleware\SubstituteBindings->handle(Object(Illuminate\Http\Request), Object(Closure))
#24 D:\laragon\www\jaibangla_dv\jaibangla\vendor\laravel\framework\src\Illuminate\Routing\Pipeline.php(53): Illuminate\Pipeline\Pipeline->Illuminate\Pipeline\{closure}(Object(Illuminate\Http\Request))
#25 D:\laragon\www\jaibangla_dv\jaibangla\vendor\laravel\framework\src\Illuminate\Auth\Middleware\Authenticate.php(43): Illuminate\Routing\Pipeline->Illuminate\Routing\{closure}(Object(Illuminate\Http\Request))
#26 D:\laragon\www\jaibangla_dv\jaibangla\vendor\laravel\framework\src\Illuminate\Pipeline\Pipeline.php(148): Illuminate\Auth\Middleware\Authenticate->handle(Object(Illuminate\Http\Request), Object(Closure))
#27 D:\laragon\www\jaibangla_dv\jaibangla\vendor\laravel\framework\src\Illuminate\Routing\Pipeline.php(53): Illuminate\Pipeline\Pipeline->Illuminate\Pipeline\{closure}(Object(Illuminate\Http\Request))
#28 D:\laragon\www\jaibangla_dv\jaibangla\vendor\laravel\framework\src\Illuminate\Foundation\Http\Middleware\VerifyCsrfToken.php(65): Illuminate\Routing\Pipeline->Illuminate\Routing\{closure}(Object(Illuminate\Http\Request))
#29 D:\laragon\www\jaibangla_dv\jaibangla\vendor\laravel\framework\src\Illuminate\Pipeline\Pipeline.php(148): Illuminate\Foundation\Http\Middleware\VerifyCsrfToken->handle(Object(Illuminate\Http\Request), Object(Closure))
#30 D:\laragon\www\jaibangla_dv\jaibangla\vendor\laravel\framework\src\Illuminate\Routing\Pipeline.php(53): Illuminate\Pipeline\Pipeline->Illuminate\Pipeline\{closure}(Object(Illuminate\Http\Request))
#31 D:\laragon\www\jaibangla_dv\jaibangla\vendor\laravel\framework\src\Illuminate\View\Middleware\ShareErrorsFromSession.php(49): Illuminate\Routing\Pipeline->Illuminate\Routing\{closure}(Object(Illuminate\Http\Request))
#32 D:\laragon\www\jaibangla_dv\jaibangla\vendor\laravel\framework\src\Illuminate\Pipeline\Pipeline.php(148): Illuminate\View\Middleware\ShareErrorsFromSession->handle(Object(Illuminate\Http\Request), Object(Closure))
#33 D:\laragon\www\jaibangla_dv\jaibangla\vendor\laravel\framework\src\Illuminate\Routing\Pipeline.php(53): Illuminate\Pipeline\Pipeline->Illuminate\Pipeline\{closure}(Object(Illuminate\Http\Request))
#34 D:\laragon\www\jaibangla_dv\jaibangla\vendor\laravel\framework\src\Illuminate\Session\Middleware\StartSession.php(64): Illuminate\Routing\Pipeline->Illuminate\Routing\{closure}(Object(Illuminate\Http\Request))
#35 D:\laragon\www\jaibangla_dv\jaibangla\vendor\laravel\framework\src\Illuminate\Pipeline\Pipeline.php(148): Illuminate\Session\Middleware\StartSession->handle(Object(Illuminate\Http\Request), Object(Closure))
#36 D:\laragon\www\jaibangla_dv\jaibangla\vendor\laravel\framework\src\Illuminate\Routing\Pipeline.php(53): Illuminate\Pipeline\Pipeline->Illuminate\Pipeline\{closure}(Object(Illuminate\Http\Request))
#37 D:\laragon\www\jaibangla_dv\jaibangla\vendor\laravel\framework\src\Illuminate\Cookie\Middleware\AddQueuedCookiesToResponse.php(37): Illuminate\Routing\Pipeline->Illuminate\Routing\{closure}(Object(Illuminate\Http\Request))
#38 D:\laragon\www\jaibangla_dv\jaibangla\vendor\laravel\framework\src\Illuminate\Pipeline\Pipeline.php(148): Illuminate\Cookie\Middleware\AddQueuedCookiesToResponse->handle(Object(Illuminate\Http\Request), Object(Closure))
#39 D:\laragon\www\jaibangla_dv\jaibangla\vendor\laravel\framework\src\Illuminate\Routing\Pipeline.php(53): Illuminate\Pipeline\Pipeline->Illuminate\Pipeline\{closure}(Object(Illuminate\Http\Request))
#40 D:\laragon\www\jaibangla_dv\jaibangla\vendor\laravel\framework\src\Illuminate\Cookie\Middleware\EncryptCookies.php(59): Illuminate\Routing\Pipeline->Illuminate\Routing\{closure}(Object(Illuminate\Http\Request))
#41 D:\laragon\www\jaibangla_dv\jaibangla\vendor\laravel\framework\src\Illuminate\Pipeline\Pipeline.php(148): Illuminate\Cookie\Middleware\EncryptCookies->handle(Object(Illuminate\Http\Request), Object(Closure))
#42 D:\laragon\www\jaibangla_dv\jaibangla\vendor\laravel\framework\src\Illuminate\Routing\Pipeline.php(53): Illuminate\Pipeline\Pipeline->Illuminate\Pipeline\{closure}(Object(Illuminate\Http\Request))
#43 D:\laragon\www\jaibangla_dv\jaibangla\vendor\laravel\framework\src\Illuminate\Pipeline\Pipeline.php(102): Illuminate\Routing\Pipeline->Illuminate\Routing\{closure}(Object(Illuminate\Http\Request))
#44 D:\laragon\www\jaibangla_dv\jaibangla\vendor\laravel\framework\src\Illuminate\Routing\Router.php(574): Illuminate\Pipeline\Pipeline->then(Object(Closure))
#45 D:\laragon\www\jaibangla_dv\jaibangla\vendor\laravel\framework\src\Illuminate\Routing\Router.php(533): Illuminate\Routing\Router->runRouteWithinStack(Object(Illuminate\Routing\Route), Object(Illuminate\Http\Request))
#46 D:\laragon\www\jaibangla_dv\jaibangla\vendor\laravel\framework\src\Illuminate\Routing\Router.php(511): Illuminate\Routing\Router->dispatchToRoute(Object(Illuminate\Http\Request))
#47 D:\laragon\www\jaibangla_dv\jaibangla\vendor\laravel\framework\src\Illuminate\Foundation\Http\Kernel.php(176): Illuminate\Routing\Router->dispatch(Object(Illuminate\Http\Request))
#48 D:\laragon\www\jaibangla_dv\jaibangla\vendor\laravel\framework\src\Illuminate\Routing\Pipeline.php(30): Illuminate\Foundation\Http\Kernel->Illuminate\Foundation\Http\{closure}(Object(Illuminate\Http\Request))
#49 D:\laragon\www\jaibangla_dv\jaibangla\vendor\laravel\framework\src\Illuminate\Foundation\Http\Middleware\TransformsRequest.php(30): Illuminate\Routing\Pipeline->Illuminate\Routing\{closure}(Object(Illuminate\Http\Request))
#50 D:\laragon\www\jaibangla_dv\jaibangla\vendor\laravel\framework\src\Illuminate\Pipeline\Pipeline.php(148): Illuminate\Foundation\Http\Middleware\TransformsRequest->handle(Object(Illuminate\Http\Request), Object(Closure))
#51 D:\laragon\www\jaibangla_dv\jaibangla\vendor\laravel\framework\src\Illuminate\Routing\Pipeline.php(53): Illuminate\Pipeline\Pipeline->Illuminate\Pipeline\{closure}(Object(Illuminate\Http\Request))
#52 D:\laragon\www\jaibangla_dv\jaibangla\vendor\laravel\framework\src\Illuminate\Foundation\Http\Middleware\TransformsRequest.php(30): Illuminate\Routing\Pipeline->Illuminate\Routing\{closure}(Object(Illuminate\Http\Request))
#53 D:\laragon\www\jaibangla_dv\jaibangla\vendor\laravel\framework\src\Illuminate\Pipeline\Pipeline.php(148): Illuminate\Foundation\Http\Middleware\TransformsRequest->handle(Object(Illuminate\Http\Request), Object(Closure))
#54 D:\laragon\www\jaibangla_dv\jaibangla\vendor\laravel\framework\src\Illuminate\Routing\Pipeline.php(53): Illuminate\Pipeline\Pipeline->Illuminate\Pipeline\{closure}(Object(Illuminate\Http\Request))
#55 D:\laragon\www\jaibangla_dv\jaibangla\vendor\laravel\framework\src\Illuminate\Foundation\Http\Middleware\ValidatePostSize.php(27): Illuminate\Routing\Pipeline->Illuminate\Routing\{closure}(Object(Illuminate\Http\Request))
#56 D:\laragon\www\jaibangla_dv\jaibangla\vendor\laravel\framework\src\Illuminate\Pipeline\Pipeline.php(148): Illuminate\Foundation\Http\Middleware\ValidatePostSize->handle(Object(Illuminate\Http\Request), Object(Closure))
#57 D:\laragon\www\jaibangla_dv\jaibangla\vendor\laravel\framework\src\Illuminate\Routing\Pipeline.php(53): Illuminate\Pipeline\Pipeline->Illuminate\Pipeline\{closure}(Object(Illuminate\Http\Request))
#58 D:\laragon\www\jaibangla_dv\jaibangla\vendor\laravel\framework\src\Illuminate\Foundation\Http\Middleware\CheckForMaintenanceMode.php(46): Illuminate\Routing\Pipeline->Illuminate\Routing\{closure}(Object(Illuminate\Http\Request))
#59 D:\laragon\www\jaibangla_dv\jaibangla\vendor\laravel\framework\src\Illuminate\Pipeline\Pipeline.php(148): Illuminate\Foundation\Http\Middleware\CheckForMaintenanceMode->handle(Object(Illuminate\Http\Request), Object(Closure))
#60 D:\laragon\www\jaibangla_dv\jaibangla\vendor\laravel\framework\src\Illuminate\Routing\Pipeline.php(53): Illuminate\Pipeline\Pipeline->Illuminate\Pipeline\{closure}(Object(Illuminate\Http\Request))
#61 D:\laragon\www\jaibangla_dv\jaibangla\vendor\laravel\framework\src\Illuminate\Pipeline\Pipeline.php(102): Illuminate\Routing\Pipeline->Illuminate\Routing\{closure}(Object(Illuminate\Http\Request))
#62 D:\laragon\www\jaibangla_dv\jaibangla\vendor\laravel\framework\src\Illuminate\Foundation\Http\Kernel.php(151): Illuminate\Pipeline\Pipeline->then(Object(Closure))
#63 D:\laragon\www\jaibangla_dv\jaibangla\vendor\laravel\framework\src\Illuminate\Foundation\Http\Kernel.php(116): Illuminate\Foundation\Http\Kernel->sendRequestThroughRouter(Object(Illuminate\Http\Request))
#64 D:\laragon\www\jaibangla_dv\index.php(53): Illuminate\Foundation\Http\Kernel->handle(Object(Illuminate\Http\Request))
#65 {main}

Next ErrorException: View [pension-details-view.contact_details] not found. (View: D:\laragon\www\jaibangla_dv\jaibangla\resources\views\pension-details-view\pension_view_details.blade.php) in D:\laragon\www\jaibangla_dv\jaibangla\vendor\laravel\framework\src\Illuminate\View\FileViewFinder.php:137
Stack trace:
#0 D:\laragon\www\jaibangla_dv\jaibangla\vendor\laravel\framework\src\Illuminate\View\Engines\PhpEngine.php(44): Illuminate\View\Engines\CompilerEngine->handleViewException(Object(InvalidArgumentException), 2)
#1 D:\laragon\www\jaibangla_dv\jaibangla\vendor\laravel\framework\src\Illuminate\View\Engines\CompilerEngine.php(59): Illuminate\View\Engines\PhpEngine->evaluatePath('D:\\laragon\\www\\...', Array)
#2 D:\laragon\www\jaibangla_dv\jaibangla\vendor\laravel\framework\src\Illuminate\View\View.php(137): Illuminate\View\Engines\CompilerEngine->get('D:\\laragon\\www\\...', Array)
#3 D:\laragon\www\jaibangla_dv\jaibangla\vendor\laravel\framework\src\Illuminate\View\View.php(120): Illuminate\View\View->getContents()
#4 D:\laragon\www\jaibangla_dv\jaibangla\vendor\laravel\framework\src\Illuminate\View\View.php(85): Illuminate\View\View->renderContents()
#5 D:\laragon\www\jaibangla_dv\jaibangla\storage\framework\views\0d34c288b4683bdc33b71c9ec48a768027506d47.php(59): Illuminate\View\View->render()
#6 D:\laragon\www\jaibangla_dv\jaibangla\vendor\laravel\framework\src\Illuminate\View\Engines\PhpEngine.php(42): include('D:\\laragon\\www\\...')
#7 D:\laragon\www\jaibangla_dv\jaibangla\vendor\laravel\framework\src\Illuminate\View\Engines\CompilerEngine.php(59): Illuminate\View\Engines\PhpEngine->evaluatePath('D:\\laragon\\www\\...', Array)
#8 D:\laragon\www\jaibangla_dv\jaibangla\vendor\laravel\framework\src\Illuminate\View\View.php(137): Illuminate\View\Engines\CompilerEngine->get('D:\\laragon\\www\\...', Array)
#9 D:\laragon\www\jaibangla_dv\jaibangla\vendor\laravel\framework\src\Illuminate\View\View.php(120): Illuminate\View\View->getContents()
#10 D:\laragon\www\jaibangla_dv\jaibangla\vendor\laravel\framework\src\Illuminate\View\View.php(85): Illuminate\View\View->renderContents()
#11 D:\laragon\www\jaibangla_dv\jaibangla\vendor\laravel\framework\src\Illuminate\Http\Response.php(38): Illuminate\View\View->render()
#12 D:\laragon\www\jaibangla_dv\jaibangla\vendor\symfony\http-foundation\Response.php(206): Illuminate\Http\Response->setContent(Object(Illuminate\View\View))
#13 D:\laragon\www\jaibangla_dv\jaibangla\vendor\laravel\framework\src\Illuminate\Routing\Router.php(615): Symfony\Component\HttpFoundation\Response->__construct(Object(Illuminate\View\View))
#14 D:\laragon\www\jaibangla_dv\jaibangla\vendor\laravel\framework\src\Illuminate\Routing\Router.php(572): Illuminate\Routing\Router->prepareResponse(Object(Illuminate\Http\Request), Object(Illuminate\View\View))
#15 D:\laragon\www\jaibangla_dv\jaibangla\vendor\laravel\framework\src\Illuminate\Routing\Pipeline.php(30): Illuminate\Routing\Router->Illuminate\Routing\{closure}(Object(Illuminate\Http\Request))
#16 D:\laragon\www\jaibangla_dv\jaibangla\app\Http\Middleware\TrackPageCount.php(29): Illuminate\Routing\Pipeline->Illuminate\Routing\{closure}(Object(Illuminate\Http\Request))
#17 D:\laragon\www\jaibangla_dv\jaibangla\vendor\laravel\framework\src\Illuminate\Pipeline\Pipeline.php(148): App\Http\Middleware\TrackPageCount->handle(Object(Illuminate\Http\Request), Object(Closure))
#18 D:\laragon\www\jaibangla_dv\jaibangla\vendor\laravel\framework\src\Illuminate\Routing\Pipeline.php(53): Illuminate\Pipeline\Pipeline->Illuminate\Pipeline\{closure}(Object(Illuminate\Http\Request))
#19 D:\laragon\www\jaibangla_dv\jaibangla\vendor\laravel\framework\src\Illuminate\Routing\Middleware\SubstituteBindings.php(41): Illuminate\Routing\Pipeline->Illuminate\Routing\{closure}(Object(Illuminate\Http\Request))
#20 D:\laragon\www\jaibangla_dv\jaibangla\vendor\laravel\framework\src\Illuminate\Pipeline\Pipeline.php(148): Illuminate\Routing\Middleware\SubstituteBindings->handle(Object(Illuminate\Http\Request), Object(Closure))
#21 D:\laragon\www\jaibangla_dv\jaibangla\vendor\laravel\framework\src\Illuminate\Routing\Pipeline.php(53): Illuminate\Pipeline\Pipeline->Illuminate\Pipeline\{closure}(Object(Illuminate\Http\Request))
#22 D:\laragon\www\jaibangla_dv\jaibangla\vendor\laravel\framework\src\Illuminate\Auth\Middleware\Authenticate.php(43): Illuminate\Routing\Pipeline->Illuminate\Routing\{closure}(Object(Illuminate\Http\Request))
#23 D:\laragon\www\jaibangla_dv\jaibangla\vendor\laravel\framework\src\Illuminate\Pipeline\Pipeline.php(148): Illuminate\Auth\Middleware\Authenticate->handle(Object(Illuminate\Http\Request), Object(Closure))
#24 D:\laragon\www\jaibangla_dv\jaibangla\vendor\laravel\framework\src\Illuminate\Routing\Pipeline.php(53): Illuminate\Pipeline\Pipeline->Illuminate\Pipeline\{closure}(Object(Illuminate\Http\Request))
#25 D:\laragon\www\jaibangla_dv\jaibangla\vendor\laravel\framework\src\Illuminate\Foundation\Http\Middleware\VerifyCsrfToken.php(65): Illuminate\Routing\Pipeline->Illuminate\Routing\{closure}(Object(Illuminate\Http\Request))
#26 D:\laragon\www\jaibangla_dv\jaibangla\vendor\laravel\framework\src\Illuminate\Pipeline\Pipeline.php(148): Illuminate\Foundation\Http\Middleware\VerifyCsrfToken->handle(Object(Illuminate\Http\Request), Object(Closure))
#27 D:\laragon\www\jaibangla_dv\jaibangla\vendor\laravel\framework\src\Illuminate\Routing\Pipeline.php(53): Illuminate\Pipeline\Pipeline->Illuminate\Pipeline\{closure}(Object(Illuminate\Http\Request))
#28 D:\laragon\www\jaibangla_dv\jaibangla\vendor\laravel\framework\src\Illuminate\View\Middleware\ShareErrorsFromSession.php(49): Illuminate\Routing\Pipeline->Illuminate\Routing\{closure}(Object(Illuminate\Http\Request))
#29 D:\laragon\www\jaibangla_dv\jaibangla\vendor\laravel\framework\src\Illuminate\Pipeline\Pipeline.php(148): Illuminate\View\Middleware\ShareErrorsFromSession->handle(Object(Illuminate\Http\Request), Object(Closure))
#30 D:\laragon\www\jaibangla_dv\jaibangla\vendor\laravel\framework\src\Illuminate\Routing\Pipeline.php(53): Illuminate\Pipeline\Pipeline->Illuminate\Pipeline\{closure}(Object(Illuminate\Http\Request))
#31 D:\laragon\www\jaibangla_dv\jaibangla\vendor\laravel\framework\src\Illuminate\Session\Middleware\StartSession.php(64): Illuminate\Routing\Pipeline->Illuminate\Routing\{closure}(Object(Illuminate\Http\Request))
#32 D:\laragon\www\jaibangla_dv\jaibangla\vendor\laravel\framework\src\Illuminate\Pipeline\Pipeline.php(148): Illuminate\Session\Middleware\StartSession->handle(Object(Illuminate\Http\Request), Object(Closure))
#33 D:\laragon\www\jaibangla_dv\jaibangla\vendor\laravel\framework\src\Illuminate\Routing\Pipeline.php(53): Illuminate\Pipeline\Pipeline->Illuminate\Pipeline\{closure}(Object(Illuminate\Http\Request))
#34 D:\laragon\www\jaibangla_dv\jaibangla\vendor\laravel\framework\src\Illuminate\Cookie\Middleware\AddQueuedCookiesToResponse.php(37): Illuminate\Routing\Pipeline->Illuminate\Routing\{closure}(Object(Illuminate\Http\Request))
#35 D:\laragon\www\jaibangla_dv\jaibangla\vendor\laravel\framework\src\Illuminate\Pipeline\Pipeline.php(148): Illuminate\Cookie\Middleware\AddQueuedCookiesToResponse->handle(Object(Illuminate\Http\Request), Object(Closure))
#36 D:\laragon\www\jaibangla_dv\jaibangla\vendor\laravel\framework\src\Illuminate\Routing\Pipeline.php(53): Illuminate\Pipeline\Pipeline->Illuminate\Pipeline\{closure}(Object(Illuminate\Http\Request))
#37 D:\laragon\www\jaibangla_dv\jaibangla\vendor\laravel\framework\src\Illuminate\Cookie\Middleware\EncryptCookies.php(59): Illuminate\Routing\Pipeline->Illuminate\Routing\{closure}(Object(Illuminate\Http\Request))
#38 D:\laragon\www\jaibangla_dv\jaibangla\vendor\laravel\framework\src\Illuminate\Pipeline\Pipeline.php(148): Illuminate\Cookie\Middleware\EncryptCookies->handle(Object(Illuminate\Http\Request), Object(Closure))
#39 D:\laragon\www\jaibangla_dv\jaibangla\vendor\laravel\framework\src\Illuminate\Routing\Pipeline.php(53): Illuminate\Pipeline\Pipeline->Illuminate\Pipeline\{closure}(Object(Illuminate\Http\Request))
#40 D:\laragon\www\jaibangla_dv\jaibangla\vendor\laravel\framework\src\Illuminate\Pipeline\Pipeline.php(102): Illuminate\Routing\Pipeline->Illuminate\Routing\{closure}(Object(Illuminate\Http\Request))
#41 D:\laragon\www\jaibangla_dv\jaibangla\vendor\laravel\framework\src\Illuminate\Routing\Router.php(574): Illuminate\Pipeline\Pipeline->then(Object(Closure))
#42 D:\laragon\www\jaibangla_dv\jaibangla\vendor\laravel\framework\src\Illuminate\Routing\Router.php(533): Illuminate\Routing\Router->runRouteWithinStack(Object(Illuminate\Routing\Route), Object(Illuminate\Http\Request))
#43 D:\laragon\www\jaibangla_dv\jaibangla\vendor\laravel\framework\src\Illuminate\Routing\Router.php(511): Illuminate\Routing\Router->dispatchToRoute(Object(Illuminate\Http\Request))
#44 D:\laragon\www\jaibangla_dv\jaibangla\vendor\laravel\framework\src\Illuminate\Foundation\Http\Kernel.php(176): Illuminate\Routing\Router->dispatch(Object(Illuminate\Http\Request))
#45 D:\laragon\www\jaibangla_dv\jaibangla\vendor\laravel\framework\src\Illuminate\Routing\Pipeline.php(30): Illuminate\Foundation\Http\Kernel->Illuminate\Foundation\Http\{closure}(Object(Illuminate\Http\Request))
#46 D:\laragon\www\jaibangla_dv\jaibangla\vendor\laravel\framework\src\Illuminate\Foundation\Http\Middleware\TransformsRequest.php(30): Illuminate\Routing\Pipeline->Illuminate\Routing\{closure}(Object(Illuminate\Http\Request))
#47 D:\laragon\www\jaibangla_dv\jaibangla\vendor\laravel\framework\src\Illuminate\Pipeline\Pipeline.php(148): Illuminate\Foundation\Http\Middleware\TransformsRequest->handle(Object(Illuminate\Http\Request), Object(Closure))
#48 D:\laragon\www\jaibangla_dv\jaibangla\vendor\laravel\framework\src\Illuminate\Routing\Pipeline.php(53): Illuminate\Pipeline\Pipeline->Illuminate\Pipeline\{closure}(Object(Illuminate\Http\Request))
#49 D:\laragon\www\jaibangla_dv\jaibangla\vendor\laravel\framework\src\Illuminate\Foundation\Http\Middleware\TransformsRequest.php(30): Illuminate\Routing\Pipeline->Illuminate\Routing\{closure}(Object(Illuminate\Http\Request))
#50 D:\laragon\www\jaibangla_dv\jaibangla\vendor\laravel\framework\src\Illuminate\Pipeline\Pipeline.php(148): Illuminate\Foundation\Http\Middleware\TransformsRequest->handle(Object(Illuminate\Http\Request), Object(Closure))
#51 D:\laragon\www\jaibangla_dv\jaibangla\vendor\laravel\framework\src\Illuminate\Routing\Pipeline.php(53): Illuminate\Pipeline\Pipeline->Illuminate\Pipeline\{closure}(Object(Illuminate\Http\Request))
#52 D:\laragon\www\jaibangla_dv\jaibangla\vendor\laravel\framework\src\Illuminate\Foundation\Http\Middleware\ValidatePostSize.php(27): Illuminate\Routing\Pipeline->Illuminate\Routing\{closure}(Object(Illuminate\Http\Request))
#53 D:\laragon\www\jaibangla_dv\jaibangla\vendor\laravel\framework\src\Illuminate\Pipeline\Pipeline.php(148): Illuminate\Foundation\Http\Middleware\ValidatePostSize->handle(Object(Illuminate\Http\Request), Object(Closure))
#54 D:\laragon\www\jaibangla_dv\jaibangla\vendor\laravel\framework\src\Illuminate\Routing\Pipeline.php(53): Illuminate\Pipeline\Pipeline->Illuminate\Pipeline\{closure}(Object(Illuminate\Http\Request))
#55 D:\laragon\www\jaibangla_dv\jaibangla\vendor\laravel\framework\src\Illuminate\Foundation\Http\Middleware\CheckForMaintenanceMode.php(46): Illuminate\Routing\Pipeline->Illuminate\Routing\{closure}(Object(Illuminate\Http\Request))
#56 D:\laragon\www\jaibangla_dv\jaibangla\vendor\laravel\framework\src\Illuminate\Pipeline\Pipeline.php(148): Illuminate\Foundation\Http\Middleware\CheckForMaintenanceMode->handle(Object(Illuminate\Http\Request), Object(Closure))
#57 D:\laragon\www\jaibangla_dv\jaibangla\vendor\laravel\framework\src\Illuminate\Routing\Pipeline.php(53): Illuminate\Pipeline\Pipeline->Illuminate\Pipeline\{closure}(Object(Illuminate\Http\Request))
#58 D:\laragon\www\jaibangla_dv\jaibangla\vendor\laravel\framework\src\Illuminate\Pipeline\Pipeline.php(102): Illuminate\Routing\Pipeline->Illuminate\Routing\{closure}(Object(Illuminate\Http\Request))
#59 D:\laragon\www\jaibangla_dv\jaibangla\vendor\laravel\framework\src\Illuminate\Foundation\Http\Kernel.php(151): Illuminate\Pipeline\Pipeline->then(Object(Closure))
#60 D:\laragon\www\jaibangla_dv\jaibangla\vendor\laravel\framework\src\Illuminate\Foundation\Http\Kernel.php(116): Illuminate\Foundation\Http\Kernel->sendRequestThroughRouter(Object(Illuminate\Http\Request))
#61 D:\laragon\www\jaibangla_dv\index.php(53): Illuminate\Foundation\Http\Kernel->handle(Object(Illuminate\Http\Request))
#62 {main}

Next ErrorException: View [pension-details-view.contact_details] not found. (View: D:\laragon\www\jaibangla_dv\jaibangla\resources\views\pension-details-view\pension_view_details.blade.php) (View: D:\laragon\www\jaibangla_dv\jaibangla\resources\views\pension-details-view\pension_view_details.blade.php) in D:\laragon\www\jaibangla_dv\jaibangla\vendor\laravel\framework\src\Illuminate\View\FileViewFinder.php:137
Stack trace:
#0 D:\laragon\www\jaibangla_dv\jaibangla\vendor\laravel\framework\src\Illuminate\View\Engines\PhpEngine.php(44): Illuminate\View\Engines\CompilerEngine->handleViewException(Object(ErrorException), 1)
#1 D:\laragon\www\jaibangla_dv\jaibangla\vendor\laravel\framework\src\Illuminate\View\Engines\CompilerEngine.php(59): Illuminate\View\Engines\PhpEngine->evaluatePath('D:\\laragon\\www\\...', Array)
#2 D:\laragon\www\jaibangla_dv\jaibangla\vendor\laravel\framework\src\Illuminate\View\View.php(137): Illuminate\View\Engines\CompilerEngine->get('D:\\laragon\\www\\...', Array)
#3 D:\laragon\www\jaibangla_dv\jaibangla\vendor\laravel\framework\src\Illuminate\View\View.php(120): Illuminate\View\View->getContents()
#4 D:\laragon\www\jaibangla_dv\jaibangla\vendor\laravel\framework\src\Illuminate\View\View.php(85): Illuminate\View\View->renderContents()
#5 D:\laragon\www\jaibangla_dv\jaibangla\vendor\laravel\framework\src\Illuminate\Http\Response.php(38): Illuminate\View\View->render()
#6 D:\laragon\www\jaibangla_dv\jaibangla\vendor\symfony\http-foundation\Response.php(206): Illuminate\Http\Response->setContent(Object(Illuminate\View\View))
#7 D:\laragon\www\jaibangla_dv\jaibangla\vendor\laravel\framework\src\Illuminate\Routing\Router.php(615): Symfony\Component\HttpFoundation\Response->__construct(Object(Illuminate\View\View))
#8 D:\laragon\www\jaibangla_dv\jaibangla\vendor\laravel\framework\src\Illuminate\Routing\Router.php(572): Illuminate\Routing\Router->prepareResponse(Object(Illuminate\Http\Request), Object(Illuminate\View\View))
#9 D:\laragon\www\jaibangla_dv\jaibangla\vendor\laravel\framework\src\Illuminate\Routing\Pipeline.php(30): Illuminate\Routing\Router->Illuminate\Routing\{closure}(Object(Illuminate\Http\Request))
#10 D:\laragon\www\jaibangla_dv\jaibangla\app\Http\Middleware\TrackPageCount.php(29): Illuminate\Routing\Pipeline->Illuminate\Routing\{closure}(Object(Illuminate\Http\Request))
#11 D:\laragon\www\jaibangla_dv\jaibangla\vendor\laravel\framework\src\Illuminate\Pipeline\Pipeline.php(148): App\Http\Middleware\TrackPageCount->handle(Object(Illuminate\Http\Request), Object(Closure))
#12 D:\laragon\www\jaibangla_dv\jaibangla\vendor\laravel\framework\src\Illuminate\Routing\Pipeline.php(53): Illuminate\Pipeline\Pipeline->Illuminate\Pipeline\{closure}(Object(Illuminate\Http\Request))
#13 D:\laragon\www\jaibangla_dv\jaibangla\vendor\laravel\framework\src\Illuminate\Routing\Middleware\SubstituteBindings.php(41): Illuminate\Routing\Pipeline->Illuminate\Routing\{closure}(Object(Illuminate\Http\Request))
#14 D:\laragon\www\jaibangla_dv\jaibangla\vendor\laravel\framework\src\Illuminate\Pipeline\Pipeline.php(148): Illuminate\Routing\Middleware\SubstituteBindings->handle(Object(Illuminate\Http\Request), Object(Closure))
#15 D:\laragon\www\jaibangla_dv\jaibangla\vendor\laravel\framework\src\Illuminate\Routing\Pipeline.php(53): Illuminate\Pipeline\Pipeline->Illuminate\Pipeline\{closure}(Object(Illuminate\Http\Request))
#16 D:\laragon\www\jaibangla_dv\jaibangla\vendor\laravel\framework\src\Illuminate\Auth\Middleware\Authenticate.php(43): Illuminate\Routing\Pipeline->Illuminate\Routing\{closure}(Object(Illuminate\Http\Request))
#17 D:\laragon\www\jaibangla_dv\jaibangla\vendor\laravel\framework\src\Illuminate\Pipeline\Pipeline.php(148): Illuminate\Auth\Middleware\Authenticate->handle(Object(Illuminate\Http\Request), Object(Closure))
#18 D:\laragon\www\jaibangla_dv\jaibangla\vendor\laravel\framework\src\Illuminate\Routing\Pipeline.php(53): Illuminate\Pipeline\Pipeline->Illuminate\Pipeline\{closure}(Object(Illuminate\Http\Request))
#19 D:\laragon\www\jaibangla_dv\jaibangla\vendor\laravel\framework\src\Illuminate\Foundation\Http\Middleware\VerifyCsrfToken.php(65): Illuminate\Routing\Pipeline->Illuminate\Routing\{closure}(Object(Illuminate\Http\Request))
#20 D:\laragon\www\jaibangla_dv\jaibangla\vendor\laravel\framework\src\Illuminate\Pipeline\Pipeline.php(148): Illuminate\Foundation\Http\Middleware\VerifyCsrfToken->handle(Object(Illuminate\Http\Request), Object(Closure))
#21 D:\laragon\www\jaibangla_dv\jaibangla\vendor\laravel\framework\src\Illuminate\Routing\Pipeline.php(53): Illuminate\Pipeline\Pipeline->Illuminate\Pipeline\{closure}(Object(Illuminate\Http\Request))
#22 D:\laragon\www\jaibangla_dv\jaibangla\vendor\laravel\framework\src\Illuminate\View\Middleware\ShareErrorsFromSession.php(49): Illuminate\Routing\Pipeline->Illuminate\Routing\{closure}(Object(Illuminate\Http\Request))
#23 D:\laragon\www\jaibangla_dv\jaibangla\vendor\laravel\framework\src\Illuminate\Pipeline\Pipeline.php(148): Illuminate\View\Middleware\ShareErrorsFromSession->handle(Object(Illuminate\Http\Request), Object(Closure))
#24 D:\laragon\www\jaibangla_dv\jaibangla\vendor\laravel\framework\src\Illuminate\Routing\Pipeline.php(53): Illuminate\Pipeline\Pipeline->Illuminate\Pipeline\{closure}(Object(Illuminate\Http\Request))
#25 D:\laragon\www\jaibangla_dv\jaibangla\vendor\laravel\framework\src\Illuminate\Session\Middleware\StartSession.php(64): Illuminate\Routing\Pipeline->Illuminate\Routing\{closure}(Object(Illuminate\Http\Request))
#26 D:\laragon\www\jaibangla_dv\jaibangla\vendor\laravel\framework\src\Illuminate\Pipeline\Pipeline.php(148): Illuminate\Session\Middleware\StartSession->handle(Object(Illuminate\Http\Request), Object(Closure))
#27 D:\laragon\www\jaibangla_dv\jaibangla\vendor\laravel\framework\src\Illuminate\Routing\Pipeline.php(53): Illuminate\Pipeline\Pipeline->Illuminate\Pipeline\{closure}(Object(Illuminate\Http\Request))
#28 D:\laragon\www\jaibangla_dv\jaibangla\vendor\laravel\framework\src\Illuminate\Cookie\Middleware\AddQueuedCookiesToResponse.php(37): Illuminate\Routing\Pipeline->Illuminate\Routing\{closure}(Object(Illuminate\Http\Request))
#29 D:\laragon\www\jaibangla_dv\jaibangla\vendor\laravel\framework\src\Illuminate\Pipeline\Pipeline.php(148): Illuminate\Cookie\Middleware\AddQueuedCookiesToResponse->handle(Object(Illuminate\Http\Request), Object(Closure))
#30 D:\laragon\www\jaibangla_dv\jaibangla\vendor\laravel\framework\src\Illuminate\Routing\Pipeline.php(53): Illuminate\Pipeline\Pipeline->Illuminate\Pipeline\{closure}(Object(Illuminate\Http\Request))
#31 D:\laragon\www\jaibangla_dv\jaibangla\vendor\laravel\framework\src\Illuminate\Cookie\Middleware\EncryptCookies.php(59): Illuminate\Routing\Pipeline->Illuminate\Routing\{closure}(Object(Illuminate\Http\Request))
#32 D:\laragon\www\jaibangla_dv\jaibangla\vendor\laravel\framework\src\Illuminate\Pipeline\Pipeline.php(148): Illuminate\Cookie\Middleware\EncryptCookies->handle(Object(Illuminate\Http\Request), Object(Closure))
#33 D:\laragon\www\jaibangla_dv\jaibangla\vendor\laravel\framework\src\Illuminate\Routing\Pipeline.php(53): Illuminate\Pipeline\Pipeline->Illuminate\Pipeline\{closure}(Object(Illuminate\Http\Request))
#34 D:\laragon\www\jaibangla_dv\jaibangla\vendor\laravel\framework\src\Illuminate\Pipeline\Pipeline.php(102): Illuminate\Routing\Pipeline->Illuminate\Routing\{closure}(Object(Illuminate\Http\Request))
#35 D:\laragon\www\jaibangla_dv\jaibangla\vendor\laravel\framework\src\Illuminate\Routing\Router.php(574): Illuminate\Pipeline\Pipeline->then(Object(Closure))
#36 D:\laragon\www\jaibangla_dv\jaibangla\vendor\laravel\framework\src\Illuminate\Routing\Router.php(533): Illuminate\Routing\Router->runRouteWithinStack(Object(Illuminate\Routing\Route), Object(Illuminate\Http\Request))
#37 D:\laragon\www\jaibangla_dv\jaibangla\vendor\laravel\framework\src\Illuminate\Routing\Router.php(511): Illuminate\Routing\Router->dispatchToRoute(Object(Illuminate\Http\Request))
#38 D:\laragon\www\jaibangla_dv\jaibangla\vendor\laravel\framework\src\Illuminate\Foundation\Http\Kernel.php(176): Illuminate\Routing\Router->dispatch(Object(Illuminate\Http\Request))
#39 D:\laragon\www\jaibangla_dv\jaibangla\vendor\laravel\framework\src\Illuminate\Routing\Pipeline.php(30): Illuminate\Foundation\Http\Kernel->Illuminate\Foundation\Http\{closure}(Object(Illuminate\Http\Request))
#40 D:\laragon\www\jaibangla_dv\jaibangla\vendor\laravel\framework\src\Illuminate\Foundation\Http\Middleware\TransformsRequest.php(30): Illuminate\Routing\Pipeline->Illuminate\Routing\{closure}(Object(Illuminate\Http\Request))
#41 D:\laragon\www\jaibangla_dv\jaibangla\vendor\laravel\framework\src\Illuminate\Pipeline\Pipeline.php(148): Illuminate\Foundation\Http\Middleware\TransformsRequest->handle(Object(Illuminate\Http\Request), Object(Closure))
#42 D:\laragon\www\jaibangla_dv\jaibangla\vendor\laravel\framework\src\Illuminate\Routing\Pipeline.php(53): Illuminate\Pipeline\Pipeline->Illuminate\Pipeline\{closure}(Object(Illuminate\Http\Request))
#43 D:\laragon\www\jaibangla_dv\jaibangla\vendor\laravel\framework\src\Illuminate\Foundation\Http\Middleware\TransformsRequest.php(30): Illuminate\Routing\Pipeline->Illuminate\Routing\{closure}(Object(Illuminate\Http\Request))
#44 D:\laragon\www\jaibangla_dv\jaibangla\vendor\laravel\framework\src\Illuminate\Pipeline\Pipeline.php(148): Illuminate\Foundation\Http\Middleware\TransformsRequest->handle(Object(Illuminate\Http\Request), Object(Closure))
#45 D:\laragon\www\jaibangla_dv\jaibangla\vendor\laravel\framework\src\Illuminate\Routing\Pipeline.php(53): Illuminate\Pipeline\Pipeline->Illuminate\Pipeline\{closure}(Object(Illuminate\Http\Request))
#46 D:\laragon\www\jaibangla_dv\jaibangla\vendor\laravel\framework\src\Illuminate\Foundation\Http\Middleware\ValidatePostSize.php(27): Illuminate\Routing\Pipeline->Illuminate\Routing\{closure}(Object(Illuminate\Http\Request))
#47 D:\laragon\www\jaibangla_dv\jaibangla\vendor\laravel\framework\src\Illuminate\Pipeline\Pipeline.php(148): Illuminate\Foundation\Http\Middleware\ValidatePostSize->handle(Object(Illuminate\Http\Request), Object(Closure))
#48 D:\laragon\www\jaibangla_dv\jaibangla\vendor\laravel\framework\src\Illuminate\Routing\Pipeline.php(53): Illuminate\Pipeline\Pipeline->Illuminate\Pipeline\{closure}(Object(Illuminate\Http\Request))
#49 D:\laragon\www\jaibangla_dv\jaibangla\vendor\laravel\framework\src\Illuminate\Foundation\Http\Middleware\CheckForMaintenanceMode.php(46): Illuminate\Routing\Pipeline->Illuminate\Routing\{closure}(Object(Illuminate\Http\Request))
#50 D:\laragon\www\jaibangla_dv\jaibangla\vendor\laravel\framework\src\Illuminate\Pipeline\Pipeline.php(148): Illuminate\Foundation\Http\Middleware\CheckForMaintenanceMode->handle(Object(Illuminate\Http\Request), Object(Closure))
#51 D:\laragon\www\jaibangla_dv\jaibangla\vendor\laravel\framework\src\Illuminate\Routing\Pipeline.php(53): Illuminate\Pipeline\Pipeline->Illuminate\Pipeline\{closure}(Object(Illuminate\Http\Request))
#52 D:\laragon\www\jaibangla_dv\jaibangla\vendor\laravel\framework\src\Illuminate\Pipeline\Pipeline.php(102): Illuminate\Routing\Pipeline->Illuminate\Routing\{closure}(Object(Illuminate\Http\Request))
#53 D:\laragon\www\jaibangla_dv\jaibangla\vendor\laravel\framework\src\Illuminate\Foundation\Http\Kernel.php(151): Illuminate\Pipeline\Pipeline->then(Object(Closure))
#54 D:\laragon\www\jaibangla_dv\jaibangla\vendor\laravel\framework\src\Illuminate\Foundation\Http\Kernel.php(116): Illuminate\Foundation\Http\Kernel->sendRequestThroughRouter(Object(Illuminate\Http\Request))
#55 D:\laragon\www\jaibangla_dv\index.php(53): Illuminate\Foundation\Http\Kernel->handle(Object(Illuminate\Http\Request))
#56 {main}  
[2024-12-18 05:17:50] production.ERROR: InvalidArgumentException: View [pension-details-view.contact_details] not found. in D:\laragon\www\jaibangla_dv\jaibangla\vendor\laravel\framework\src\Illuminate\View\FileViewFinder.php:137
Stack trace:
#0 D:\laragon\www\jaibangla_dv\jaibangla\vendor\laravel\framework\src\Illuminate\View\FileViewFinder.php(79): Illuminate\View\FileViewFinder->findInPaths('pension-details...', Array)
#1 D:\laragon\www\jaibangla_dv\jaibangla\vendor\laravel\framework\src\Illuminate\View\Factory.php(128): Illuminate\View\FileViewFinder->find('pension-details...')
#2 D:\laragon\www\jaibangla_dv\jaibangla\storage\framework\views\d7a184fbc476d9ba1623f1c7f4ccbb74c47bd814.php(178): Illuminate\View\Factory->make('pension-details...', Array)
#3 D:\laragon\www\jaibangla_dv\jaibangla\vendor\laravel\framework\src\Illuminate\View\Engines\PhpEngine.php(42): include('D:\\laragon\\www\\...')
#4 D:\laragon\www\jaibangla_dv\jaibangla\vendor\laravel\framework\src\Illuminate\View\Engines\CompilerEngine.php(59): Illuminate\View\Engines\PhpEngine->evaluatePath('D:\\laragon\\www\\...', Array)
#5 D:\laragon\www\jaibangla_dv\jaibangla\vendor\laravel\framework\src\Illuminate\View\View.php(137): Illuminate\View\Engines\CompilerEngine->get('D:\\laragon\\www\\...', Array)
#6 D:\laragon\www\jaibangla_dv\jaibangla\vendor\laravel\framework\src\Illuminate\View\View.php(120): Illuminate\View\View->getContents()
#7 D:\laragon\www\jaibangla_dv\jaibangla\vendor\laravel\framework\src\Illuminate\View\View.php(85): Illuminate\View\View->renderContents()
#8 D:\laragon\www\jaibangla_dv\jaibangla\storage\framework\views\0d34c288b4683bdc33b71c9ec48a768027506d47.php(59): Illuminate\View\View->render()
#9 D:\laragon\www\jaibangla_dv\jaibangla\vendor\laravel\framework\src\Illuminate\View\Engines\PhpEngine.php(42): include('D:\\laragon\\www\\...')
#10 D:\laragon\www\jaibangla_dv\jaibangla\vendor\laravel\framework\src\Illuminate\View\Engines\CompilerEngine.php(59): Illuminate\View\Engines\PhpEngine->evaluatePath('D:\\laragon\\www\\...', Array)
#11 D:\laragon\www\jaibangla_dv\jaibangla\vendor\laravel\framework\src\Illuminate\View\View.php(137): Illuminate\View\Engines\CompilerEngine->get('D:\\laragon\\www\\...', Array)
#12 D:\laragon\www\jaibangla_dv\jaibangla\vendor\laravel\framework\src\Illuminate\View\View.php(120): Illuminate\View\View->getContents()
#13 D:\laragon\www\jaibangla_dv\jaibangla\vendor\laravel\framework\src\Illuminate\View\View.php(85): Illuminate\View\View->renderContents()
#14 D:\laragon\www\jaibangla_dv\jaibangla\vendor\laravel\framework\src\Illuminate\Http\Response.php(38): Illuminate\View\View->render()
#15 D:\laragon\www\jaibangla_dv\jaibangla\vendor\symfony\http-foundation\Response.php(206): Illuminate\Http\Response->setContent(Object(Illuminate\View\View))
#16 D:\laragon\www\jaibangla_dv\jaibangla\vendor\laravel\framework\src\Illuminate\Routing\Router.php(615): Symfony\Component\HttpFoundation\Response->__construct(Object(Illuminate\View\View))
#17 D:\laragon\www\jaibangla_dv\jaibangla\vendor\laravel\framework\src\Illuminate\Routing\Router.php(572): Illuminate\Routing\Router->prepareResponse(Object(Illuminate\Http\Request), Object(Illuminate\View\View))
#18 D:\laragon\www\jaibangla_dv\jaibangla\vendor\laravel\framework\src\Illuminate\Routing\Pipeline.php(30): Illuminate\Routing\Router->Illuminate\Routing\{closure}(Object(Illuminate\Http\Request))
#19 D:\laragon\www\jaibangla_dv\jaibangla\app\Http\Middleware\TrackPageCount.php(29): Illuminate\Routing\Pipeline->Illuminate\Routing\{closure}(Object(Illuminate\Http\Request))
#20 D:\laragon\www\jaibangla_dv\jaibangla\vendor\laravel\framework\src\Illuminate\Pipeline\Pipeline.php(148): App\Http\Middleware\TrackPageCount->handle(Object(Illuminate\Http\Request), Object(Closure))
#21 D:\laragon\www\jaibangla_dv\jaibangla\vendor\laravel\framework\src\Illuminate\Routing\Pipeline.php(53): Illuminate\Pipeline\Pipeline->Illuminate\Pipeline\{closure}(Object(Illuminate\Http\Request))
#22 D:\laragon\www\jaibangla_dv\jaibangla\vendor\laravel\framework\src\Illuminate\Routing\Middleware\SubstituteBindings.php(41): Illuminate\Routing\Pipeline->Illuminate\Routing\{closure}(Object(Illuminate\Http\Request))
#23 D:\laragon\www\jaibangla_dv\jaibangla\vendor\laravel\framework\src\Illuminate\Pipeline\Pipeline.php(148): Illuminate\Routing\Middleware\SubstituteBindings->handle(Object(Illuminate\Http\Request), Object(Closure))
#24 D:\laragon\www\jaibangla_dv\jaibangla\vendor\laravel\framework\src\Illuminate\Routing\Pipeline.php(53): Illuminate\Pipeline\Pipeline->Illuminate\Pipeline\{closure}(Object(Illuminate\Http\Request))
#25 D:\laragon\www\jaibangla_dv\jaibangla\vendor\laravel\framework\src\Illuminate\Auth\Middleware\Authenticate.php(43): Illuminate\Routing\Pipeline->Illuminate\Routing\{closure}(Object(Illuminate\Http\Request))
#26 D:\laragon\www\jaibangla_dv\jaibangla\vendor\laravel\framework\src\Illuminate\Pipeline\Pipeline.php(148): Illuminate\Auth\Middleware\Authenticate->handle(Object(Illuminate\Http\Request), Object(Closure))
#27 D:\laragon\www\jaibangla_dv\jaibangla\vendor\laravel\framework\src\Illuminate\Routing\Pipeline.php(53): Illuminate\Pipeline\Pipeline->Illuminate\Pipeline\{closure}(Object(Illuminate\Http\Request))
#28 D:\laragon\www\jaibangla_dv\jaibangla\vendor\laravel\framework\src\Illuminate\Foundation\Http\Middleware\VerifyCsrfToken.php(65): Illuminate\Routing\Pipeline->Illuminate\Routing\{closure}(Object(Illuminate\Http\Request))
#29 D:\laragon\www\jaibangla_dv\jaibangla\vendor\laravel\framework\src\Illuminate\Pipeline\Pipeline.php(148): Illuminate\Foundation\Http\Middleware\VerifyCsrfToken->handle(Object(Illuminate\Http\Request), Object(Closure))
#30 D:\laragon\www\jaibangla_dv\jaibangla\vendor\laravel\framework\src\Illuminate\Routing\Pipeline.php(53): Illuminate\Pipeline\Pipeline->Illuminate\Pipeline\{closure}(Object(Illuminate\Http\Request))
#31 D:\laragon\www\jaibangla_dv\jaibangla\vendor\laravel\framework\src\Illuminate\View\Middleware\ShareErrorsFromSession.php(49): Illuminate\Routing\Pipeline->Illuminate\Routing\{closure}(Object(Illuminate\Http\Request))
#32 D:\laragon\www\jaibangla_dv\jaibangla\vendor\laravel\framework\src\Illuminate\Pipeline\Pipeline.php(148): Illuminate\View\Middleware\ShareErrorsFromSession->handle(Object(Illuminate\Http\Request), Object(Closure))
#33 D:\laragon\www\jaibangla_dv\jaibangla\vendor\laravel\framework\src\Illuminate\Routing\Pipeline.php(53): Illuminate\Pipeline\Pipeline->Illuminate\Pipeline\{closure}(Object(Illuminate\Http\Request))
#34 D:\laragon\www\jaibangla_dv\jaibangla\vendor\laravel\framework\src\Illuminate\Session\Middleware\StartSession.php(64): Illuminate\Routing\Pipeline->Illuminate\Routing\{closure}(Object(Illuminate\Http\Request))
#35 D:\laragon\www\jaibangla_dv\jaibangla\vendor\laravel\framework\src\Illuminate\Pipeline\Pipeline.php(148): Illuminate\Session\Middleware\StartSession->handle(Object(Illuminate\Http\Request), Object(Closure))
#36 D:\laragon\www\jaibangla_dv\jaibangla\vendor\laravel\framework\src\Illuminate\Routing\Pipeline.php(53): Illuminate\Pipeline\Pipeline->Illuminate\Pipeline\{closure}(Object(Illuminate\Http\Request))
#37 D:\laragon\www\jaibangla_dv\jaibangla\vendor\laravel\framework\src\Illuminate\Cookie\Middleware\AddQueuedCookiesToResponse.php(37): Illuminate\Routing\Pipeline->Illuminate\Routing\{closure}(Object(Illuminate\Http\Request))
#38 D:\laragon\www\jaibangla_dv\jaibangla\vendor\laravel\framework\src\Illuminate\Pipeline\Pipeline.php(148): Illuminate\Cookie\Middleware\AddQueuedCookiesToResponse->handle(Object(Illuminate\Http\Request), Object(Closure))
#39 D:\laragon\www\jaibangla_dv\jaibangla\vendor\laravel\framework\src\Illuminate\Routing\Pipeline.php(53): Illuminate\Pipeline\Pipeline->Illuminate\Pipeline\{closure}(Object(Illuminate\Http\Request))
#40 D:\laragon\www\jaibangla_dv\jaibangla\vendor\laravel\framework\src\Illuminate\Cookie\Middleware\EncryptCookies.php(59): Illuminate\Routing\Pipeline->Illuminate\Routing\{closure}(Object(Illuminate\Http\Request))
#41 D:\laragon\www\jaibangla_dv\jaibangla\vendor\laravel\framework\src\Illuminate\Pipeline\Pipeline.php(148): Illuminate\Cookie\Middleware\EncryptCookies->handle(Object(Illuminate\Http\Request), Object(Closure))
#42 D:\laragon\www\jaibangla_dv\jaibangla\vendor\laravel\framework\src\Illuminate\Routing\Pipeline.php(53): Illuminate\Pipeline\Pipeline->Illuminate\Pipeline\{closure}(Object(Illuminate\Http\Request))
#43 D:\laragon\www\jaibangla_dv\jaibangla\vendor\laravel\framework\src\Illuminate\Pipeline\Pipeline.php(102): Illuminate\Routing\Pipeline->Illuminate\Routing\{closure}(Object(Illuminate\Http\Request))
#44 D:\laragon\www\jaibangla_dv\jaibangla\vendor\laravel\framework\src\Illuminate\Routing\Router.php(574): Illuminate\Pipeline\Pipeline->then(Object(Closure))
#45 D:\laragon\www\jaibangla_dv\jaibangla\vendor\laravel\framework\src\Illuminate\Routing\Router.php(533): Illuminate\Routing\Router->runRouteWithinStack(Object(Illuminate\Routing\Route), Object(Illuminate\Http\Request))
#46 D:\laragon\www\jaibangla_dv\jaibangla\vendor\laravel\framework\src\Illuminate\Routing\Router.php(511): Illuminate\Routing\Router->dispatchToRoute(Object(Illuminate\Http\Request))
#47 D:\laragon\www\jaibangla_dv\jaibangla\vendor\laravel\framework\src\Illuminate\Foundation\Http\Kernel.php(176): Illuminate\Routing\Router->dispatch(Object(Illuminate\Http\Request))
#48 D:\laragon\www\jaibangla_dv\jaibangla\vendor\laravel\framework\src\Illuminate\Routing\Pipeline.php(30): Illuminate\Foundation\Http\Kernel->Illuminate\Foundation\Http\{closure}(Object(Illuminate\Http\Request))
#49 D:\laragon\www\jaibangla_dv\jaibangla\vendor\laravel\framework\src\Illuminate\Foundation\Http\Middleware\TransformsRequest.php(30): Illuminate\Routing\Pipeline->Illuminate\Routing\{closure}(Object(Illuminate\Http\Request))
#50 D:\laragon\www\jaibangla_dv\jaibangla\vendor\laravel\framework\src\Illuminate\Pipeline\Pipeline.php(148): Illuminate\Foundation\Http\Middleware\TransformsRequest->handle(Object(Illuminate\Http\Request), Object(Closure))
#51 D:\laragon\www\jaibangla_dv\jaibangla\vendor\laravel\framework\src\Illuminate\Routing\Pipeline.php(53): Illuminate\Pipeline\Pipeline->Illuminate\Pipeline\{closure}(Object(Illuminate\Http\Request))
#52 D:\laragon\www\jaibangla_dv\jaibangla\vendor\laravel\framework\src\Illuminate\Foundation\Http\Middleware\TransformsRequest.php(30): Illuminate\Routing\Pipeline->Illuminate\Routing\{closure}(Object(Illuminate\Http\Request))
#53 D:\laragon\www\jaibangla_dv\jaibangla\vendor\laravel\framework\src\Illuminate\Pipeline\Pipeline.php(148): Illuminate\Foundation\Http\Middleware\TransformsRequest->handle(Object(Illuminate\Http\Request), Object(Closure))
#54 D:\laragon\www\jaibangla_dv\jaibangla\vendor\laravel\framework\src\Illuminate\Routing\Pipeline.php(53): Illuminate\Pipeline\Pipeline->Illuminate\Pipeline\{closure}(Object(Illuminate\Http\Request))
#55 D:\laragon\www\jaibangla_dv\jaibangla\vendor\laravel\framework\src\Illuminate\Foundation\Http\Middleware\ValidatePostSize.php(27): Illuminate\Routing\Pipeline->Illuminate\Routing\{closure}(Object(Illuminate\Http\Request))
#56 D:\laragon\www\jaibangla_dv\jaibangla\vendor\laravel\framework\src\Illuminate\Pipeline\Pipeline.php(148): Illuminate\Foundation\Http\Middleware\ValidatePostSize->handle(Object(Illuminate\Http\Request), Object(Closure))
#57 D:\laragon\www\jaibangla_dv\jaibangla\vendor\laravel\framework\src\Illuminate\Routing\Pipeline.php(53): Illuminate\Pipeline\Pipeline->Illuminate\Pipeline\{closure}(Object(Illuminate\Http\Request))
#58 D:\laragon\www\jaibangla_dv\jaibangla\vendor\laravel\framework\src\Illuminate\Foundation\Http\Middleware\CheckForMaintenanceMode.php(46): Illuminate\Routing\Pipeline->Illuminate\Routing\{closure}(Object(Illuminate\Http\Request))
#59 D:\laragon\www\jaibangla_dv\jaibangla\vendor\laravel\framework\src\Illuminate\Pipeline\Pipeline.php(148): Illuminate\Foundation\Http\Middleware\CheckForMaintenanceMode->handle(Object(Illuminate\Http\Request), Object(Closure))
#60 D:\laragon\www\jaibangla_dv\jaibangla\vendor\laravel\framework\src\Illuminate\Routing\Pipeline.php(53): Illuminate\Pipeline\Pipeline->Illuminate\Pipeline\{closure}(Object(Illuminate\Http\Request))
#61 D:\laragon\www\jaibangla_dv\jaibangla\vendor\laravel\framework\src\Illuminate\Pipeline\Pipeline.php(102): Illuminate\Routing\Pipeline->Illuminate\Routing\{closure}(Object(Illuminate\Http\Request))
#62 D:\laragon\www\jaibangla_dv\jaibangla\vendor\laravel\framework\src\Illuminate\Foundation\Http\Kernel.php(151): Illuminate\Pipeline\Pipeline->then(Object(Closure))
#63 D:\laragon\www\jaibangla_dv\jaibangla\vendor\laravel\framework\src\Illuminate\Foundation\Http\Kernel.php(116): Illuminate\Foundation\Http\Kernel->sendRequestThroughRouter(Object(Illuminate\Http\Request))
#64 D:\laragon\www\jaibangla_dv\index.php(53): Illuminate\Foundation\Http\Kernel->handle(Object(Illuminate\Http\Request))
#65 {main}

Next ErrorException: View [pension-details-view.contact_details] not found. (View: D:\laragon\www\jaibangla_dv\jaibangla\resources\views\pension-details-view\pension_view_details.blade.php) in D:\laragon\www\jaibangla_dv\jaibangla\vendor\laravel\framework\src\Illuminate\View\FileViewFinder.php:137
Stack trace:
#0 D:\laragon\www\jaibangla_dv\jaibangla\vendor\laravel\framework\src\Illuminate\View\Engines\PhpEngine.php(44): Illuminate\View\Engines\CompilerEngine->handleViewException(Object(InvalidArgumentException), 2)
#1 D:\laragon\www\jaibangla_dv\jaibangla\vendor\laravel\framework\src\Illuminate\View\Engines\CompilerEngine.php(59): Illuminate\View\Engines\PhpEngine->evaluatePath('D:\\laragon\\www\\...', Array)
#2 D:\laragon\www\jaibangla_dv\jaibangla\vendor\laravel\framework\src\Illuminate\View\View.php(137): Illuminate\View\Engines\CompilerEngine->get('D:\\laragon\\www\\...', Array)
#3 D:\laragon\www\jaibangla_dv\jaibangla\vendor\laravel\framework\src\Illuminate\View\View.php(120): Illuminate\View\View->getContents()
#4 D:\laragon\www\jaibangla_dv\jaibangla\vendor\laravel\framework\src\Illuminate\View\View.php(85): Illuminate\View\View->renderContents()
#5 D:\laragon\www\jaibangla_dv\jaibangla\storage\framework\views\0d34c288b4683bdc33b71c9ec48a768027506d47.php(59): Illuminate\View\View->render()
#6 D:\laragon\www\jaibangla_dv\jaibangla\vendor\laravel\framework\src\Illuminate\View\Engines\PhpEngine.php(42): include('D:\\laragon\\www\\...')
#7 D:\laragon\www\jaibangla_dv\jaibangla\vendor\laravel\framework\src\Illuminate\View\Engines\CompilerEngine.php(59): Illuminate\View\Engines\PhpEngine->evaluatePath('D:\\laragon\\www\\...', Array)
#8 D:\laragon\www\jaibangla_dv\jaibangla\vendor\laravel\framework\src\Illuminate\View\View.php(137): Illuminate\View\Engines\CompilerEngine->get('D:\\laragon\\www\\...', Array)
#9 D:\laragon\www\jaibangla_dv\jaibangla\vendor\laravel\framework\src\Illuminate\View\View.php(120): Illuminate\View\View->getContents()
#10 D:\laragon\www\jaibangla_dv\jaibangla\vendor\laravel\framework\src\Illuminate\View\View.php(85): Illuminate\View\View->renderContents()
#11 D:\laragon\www\jaibangla_dv\jaibangla\vendor\laravel\framework\src\Illuminate\Http\Response.php(38): Illuminate\View\View->render()
#12 D:\laragon\www\jaibangla_dv\jaibangla\vendor\symfony\http-foundation\Response.php(206): Illuminate\Http\Response->setContent(Object(Illuminate\View\View))
#13 D:\laragon\www\jaibangla_dv\jaibangla\vendor\laravel\framework\src\Illuminate\Routing\Router.php(615): Symfony\Component\HttpFoundation\Response->__construct(Object(Illuminate\View\View))
#14 D:\laragon\www\jaibangla_dv\jaibangla\vendor\laravel\framework\src\Illuminate\Routing\Router.php(572): Illuminate\Routing\Router->prepareResponse(Object(Illuminate\Http\Request), Object(Illuminate\View\View))
#15 D:\laragon\www\jaibangla_dv\jaibangla\vendor\laravel\framework\src\Illuminate\Routing\Pipeline.php(30): Illuminate\Routing\Router->Illuminate\Routing\{closure}(Object(Illuminate\Http\Request))
#16 D:\laragon\www\jaibangla_dv\jaibangla\app\Http\Middleware\TrackPageCount.php(29): Illuminate\Routing\Pipeline->Illuminate\Routing\{closure}(Object(Illuminate\Http\Request))
#17 D:\laragon\www\jaibangla_dv\jaibangla\vendor\laravel\framework\src\Illuminate\Pipeline\Pipeline.php(148): App\Http\Middleware\TrackPageCount->handle(Object(Illuminate\Http\Request), Object(Closure))
#18 D:\laragon\www\jaibangla_dv\jaibangla\vendor\laravel\framework\src\Illuminate\Routing\Pipeline.php(53): Illuminate\Pipeline\Pipeline->Illuminate\Pipeline\{closure}(Object(Illuminate\Http\Request))
#19 D:\laragon\www\jaibangla_dv\jaibangla\vendor\laravel\framework\src\Illuminate\Routing\Middleware\SubstituteBindings.php(41): Illuminate\Routing\Pipeline->Illuminate\Routing\{closure}(Object(Illuminate\Http\Request))
#20 D:\laragon\www\jaibangla_dv\jaibangla\vendor\laravel\framework\src\Illuminate\Pipeline\Pipeline.php(148): Illuminate\Routing\Middleware\SubstituteBindings->handle(Object(Illuminate\Http\Request), Object(Closure))
#21 D:\laragon\www\jaibangla_dv\jaibangla\vendor\laravel\framework\src\Illuminate\Routing\Pipeline.php(53): Illuminate\Pipeline\Pipeline->Illuminate\Pipeline\{closure}(Object(Illuminate\Http\Request))
#22 D:\laragon\www\jaibangla_dv\jaibangla\vendor\laravel\framework\src\Illuminate\Auth\Middleware\Authenticate.php(43): Illuminate\Routing\Pipeline->Illuminate\Routing\{closure}(Object(Illuminate\Http\Request))
#23 D:\laragon\www\jaibangla_dv\jaibangla\vendor\laravel\framework\src\Illuminate\Pipeline\Pipeline.php(148): Illuminate\Auth\Middleware\Authenticate->handle(Object(Illuminate\Http\Request), Object(Closure))
#24 D:\laragon\www\jaibangla_dv\jaibangla\vendor\laravel\framework\src\Illuminate\Routing\Pipeline.php(53): Illuminate\Pipeline\Pipeline->Illuminate\Pipeline\{closure}(Object(Illuminate\Http\Request))
#25 D:\laragon\www\jaibangla_dv\jaibangla\vendor\laravel\framework\src\Illuminate\Foundation\Http\Middleware\VerifyCsrfToken.php(65): Illuminate\Routing\Pipeline->Illuminate\Routing\{closure}(Object(Illuminate\Http\Request))
#26 D:\laragon\www\jaibangla_dv\jaibangla\vendor\laravel\framework\src\Illuminate\Pipeline\Pipeline.php(148): Illuminate\Foundation\Http\Middleware\VerifyCsrfToken->handle(Object(Illuminate\Http\Request), Object(Closure))
#27 D:\laragon\www\jaibangla_dv\jaibangla\vendor\laravel\framework\src\Illuminate\Routing\Pipeline.php(53): Illuminate\Pipeline\Pipeline->Illuminate\Pipeline\{closure}(Object(Illuminate\Http\Request))
#28 D:\laragon\www\jaibangla_dv\jaibangla\vendor\laravel\framework\src\Illuminate\View\Middleware\ShareErrorsFromSession.php(49): Illuminate\Routing\Pipeline->Illuminate\Routing\{closure}(Object(Illuminate\Http\Request))
#29 D:\laragon\www\jaibangla_dv\jaibangla\vendor\laravel\framework\src\Illuminate\Pipeline\Pipeline.php(148): Illuminate\View\Middleware\ShareErrorsFromSession->handle(Object(Illuminate\Http\Request), Object(Closure))
#30 D:\laragon\www\jaibangla_dv\jaibangla\vendor\laravel\framework\src\Illuminate\Routing\Pipeline.php(53): Illuminate\Pipeline\Pipeline->Illuminate\Pipeline\{closure}(Object(Illuminate\Http\Request))
#31 D:\laragon\www\jaibangla_dv\jaibangla\vendor\laravel\framework\src\Illuminate\Session\Middleware\StartSession.php(64): Illuminate\Routing\Pipeline->Illuminate\Routing\{closure}(Object(Illuminate\Http\Request))
#32 D:\laragon\www\jaibangla_dv\jaibangla\vendor\laravel\framework\src\Illuminate\Pipeline\Pipeline.php(148): Illuminate\Session\Middleware\StartSession->handle(Object(Illuminate\Http\Request), Object(Closure))
#33 D:\laragon\www\jaibangla_dv\jaibangla\vendor\laravel\framework\src\Illuminate\Routing\Pipeline.php(53): Illuminate\Pipeline\Pipeline->Illuminate\Pipeline\{closure}(Object(Illuminate\Http\Request))
#34 D:\laragon\www\jaibangla_dv\jaibangla\vendor\laravel\framework\src\Illuminate\Cookie\Middleware\AddQueuedCookiesToResponse.php(37): Illuminate\Routing\Pipeline->Illuminate\Routing\{closure}(Object(Illuminate\Http\Request))
#35 D:\laragon\www\jaibangla_dv\jaibangla\vendor\laravel\framework\src\Illuminate\Pipeline\Pipeline.php(148): Illuminate\Cookie\Middleware\AddQueuedCookiesToResponse->handle(Object(Illuminate\Http\Request), Object(Closure))
#36 D:\laragon\www\jaibangla_dv\jaibangla\vendor\laravel\framework\src\Illuminate\Routing\Pipeline.php(53): Illuminate\Pipeline\Pipeline->Illuminate\Pipeline\{closure}(Object(Illuminate\Http\Request))
#37 D:\laragon\www\jaibangla_dv\jaibangla\vendor\laravel\framework\src\Illuminate\Cookie\Middleware\EncryptCookies.php(59): Illuminate\Routing\Pipeline->Illuminate\Routing\{closure}(Object(Illuminate\Http\Request))
#38 D:\laragon\www\jaibangla_dv\jaibangla\vendor\laravel\framework\src\Illuminate\Pipeline\Pipeline.php(148): Illuminate\Cookie\Middleware\EncryptCookies->handle(Object(Illuminate\Http\Request), Object(Closure))
#39 D:\laragon\www\jaibangla_dv\jaibangla\vendor\laravel\framework\src\Illuminate\Routing\Pipeline.php(53): Illuminate\Pipeline\Pipeline->Illuminate\Pipeline\{closure}(Object(Illuminate\Http\Request))
#40 D:\laragon\www\jaibangla_dv\jaibangla\vendor\laravel\framework\src\Illuminate\Pipeline\Pipeline.php(102): Illuminate\Routing\Pipeline->Illuminate\Routing\{closure}(Object(Illuminate\Http\Request))
#41 D:\laragon\www\jaibangla_dv\jaibangla\vendor\laravel\framework\src\Illuminate\Routing\Router.php(574): Illuminate\Pipeline\Pipeline->then(Object(Closure))
#42 D:\laragon\www\jaibangla_dv\jaibangla\vendor\laravel\framework\src\Illuminate\Routing\Router.php(533): Illuminate\Routing\Router->runRouteWithinStack(Object(Illuminate\Routing\Route), Object(Illuminate\Http\Request))
#43 D:\laragon\www\jaibangla_dv\jaibangla\vendor\laravel\framework\src\Illuminate\Routing\Router.php(511): Illuminate\Routing\Router->dispatchToRoute(Object(Illuminate\Http\Request))
#44 D:\laragon\www\jaibangla_dv\jaibangla\vendor\laravel\framework\src\Illuminate\Foundation\Http\Kernel.php(176): Illuminate\Routing\Router->dispatch(Object(Illuminate\Http\Request))
#45 D:\laragon\www\jaibangla_dv\jaibangla\vendor\laravel\framework\src\Illuminate\Routing\Pipeline.php(30): Illuminate\Foundation\Http\Kernel->Illuminate\Foundation\Http\{closure}(Object(Illuminate\Http\Request))
#46 D:\laragon\www\jaibangla_dv\jaibangla\vendor\laravel\framework\src\Illuminate\Foundation\Http\Middleware\TransformsRequest.php(30): Illuminate\Routing\Pipeline->Illuminate\Routing\{closure}(Object(Illuminate\Http\Request))
#47 D:\laragon\www\jaibangla_dv\jaibangla\vendor\laravel\framework\src\Illuminate\Pipeline\Pipeline.php(148): Illuminate\Foundation\Http\Middleware\TransformsRequest->handle(Object(Illuminate\Http\Request), Object(Closure))
#48 D:\laragon\www\jaibangla_dv\jaibangla\vendor\laravel\framework\src\Illuminate\Routing\Pipeline.php(53): Illuminate\Pipeline\Pipeline->Illuminate\Pipeline\{closure}(Object(Illuminate\Http\Request))
#49 D:\laragon\www\jaibangla_dv\jaibangla\vendor\laravel\framework\src\Illuminate\Foundation\Http\Middleware\TransformsRequest.php(30): Illuminate\Routing\Pipeline->Illuminate\Routing\{closure}(Object(Illuminate\Http\Request))
#50 D:\laragon\www\jaibangla_dv\jaibangla\vendor\laravel\framework\src\Illuminate\Pipeline\Pipeline.php(148): Illuminate\Foundation\Http\Middleware\TransformsRequest->handle(Object(Illuminate\Http\Request), Object(Closure))
#51 D:\laragon\www\jaibangla_dv\jaibangla\vendor\laravel\framework\src\Illuminate\Routing\Pipeline.php(53): Illuminate\Pipeline\Pipeline->Illuminate\Pipeline\{closure}(Object(Illuminate\Http\Request))
#52 D:\laragon\www\jaibangla_dv\jaibangla\vendor\laravel\framework\src\Illuminate\Foundation\Http\Middleware\ValidatePostSize.php(27): Illuminate\Routing\Pipeline->Illuminate\Routing\{closure}(Object(Illuminate\Http\Request))
#53 D:\laragon\www\jaibangla_dv\jaibangla\vendor\laravel\framework\src\Illuminate\Pipeline\Pipeline.php(148): Illuminate\Foundation\Http\Middleware\ValidatePostSize->handle(Object(Illuminate\Http\Request), Object(Closure))
#54 D:\laragon\www\jaibangla_dv\jaibangla\vendor\laravel\framework\src\Illuminate\Routing\Pipeline.php(53): Illuminate\Pipeline\Pipeline->Illuminate\Pipeline\{closure}(Object(Illuminate\Http\Request))
#55 D:\laragon\www\jaibangla_dv\jaibangla\vendor\laravel\framework\src\Illuminate\Foundation\Http\Middleware\CheckForMaintenanceMode.php(46): Illuminate\Routing\Pipeline->Illuminate\Routing\{closure}(Object(Illuminate\Http\Request))
#56 D:\laragon\www\jaibangla_dv\jaibangla\vendor\laravel\framework\src\Illuminate\Pipeline\Pipeline.php(148): Illuminate\Foundation\Http\Middleware\CheckForMaintenanceMode->handle(Object(Illuminate\Http\Request), Object(Closure))
#57 D:\laragon\www\jaibangla_dv\jaibangla\vendor\laravel\framework\src\Illuminate\Routing\Pipeline.php(53): Illuminate\Pipeline\Pipeline->Illuminate\Pipeline\{closure}(Object(Illuminate\Http\Request))
#58 D:\laragon\www\jaibangla_dv\jaibangla\vendor\laravel\framework\src\Illuminate\Pipeline\Pipeline.php(102): Illuminate\Routing\Pipeline->Illuminate\Routing\{closure}(Object(Illuminate\Http\Request))
#59 D:\laragon\www\jaibangla_dv\jaibangla\vendor\laravel\framework\src\Illuminate\Foundation\Http\Kernel.php(151): Illuminate\Pipeline\Pipeline->then(Object(Closure))
#60 D:\laragon\www\jaibangla_dv\jaibangla\vendor\laravel\framework\src\Illuminate\Foundation\Http\Kernel.php(116): Illuminate\Foundation\Http\Kernel->sendRequestThroughRouter(Object(Illuminate\Http\Request))
#61 D:\laragon\www\jaibangla_dv\index.php(53): Illuminate\Foundation\Http\Kernel->handle(Object(Illuminate\Http\Request))
#62 {main}

Next ErrorException: View [pension-details-view.contact_details] not found. (View: D:\laragon\www\jaibangla_dv\jaibangla\resources\views\pension-details-view\pension_view_details.blade.php) (View: D:\laragon\www\jaibangla_dv\jaibangla\resources\views\pension-details-view\pension_view_details.blade.php) in D:\laragon\www\jaibangla_dv\jaibangla\vendor\laravel\framework\src\Illuminate\View\FileViewFinder.php:137
Stack trace:
#0 D:\laragon\www\jaibangla_dv\jaibangla\vendor\laravel\framework\src\Illuminate\View\Engines\PhpEngine.php(44): Illuminate\View\Engines\CompilerEngine->handleViewException(Object(ErrorException), 1)
#1 D:\laragon\www\jaibangla_dv\jaibangla\vendor\laravel\framework\src\Illuminate\View\Engines\CompilerEngine.php(59): Illuminate\View\Engines\PhpEngine->evaluatePath('D:\\laragon\\www\\...', Array)
#2 D:\laragon\www\jaibangla_dv\jaibangla\vendor\laravel\framework\src\Illuminate\View\View.php(137): Illuminate\View\Engines\CompilerEngine->get('D:\\laragon\\www\\...', Array)
#3 D:\laragon\www\jaibangla_dv\jaibangla\vendor\laravel\framework\src\Illuminate\View\View.php(120): Illuminate\View\View->getContents()
#4 D:\laragon\www\jaibangla_dv\jaibangla\vendor\laravel\framework\src\Illuminate\View\View.php(85): Illuminate\View\View->renderContents()
#5 D:\laragon\www\jaibangla_dv\jaibangla\vendor\laravel\framework\src\Illuminate\Http\Response.php(38): Illuminate\View\View->render()
#6 D:\laragon\www\jaibangla_dv\jaibangla\vendor\symfony\http-foundation\Response.php(206): Illuminate\Http\Response->setContent(Object(Illuminate\View\View))
#7 D:\laragon\www\jaibangla_dv\jaibangla\vendor\laravel\framework\src\Illuminate\Routing\Router.php(615): Symfony\Component\HttpFoundation\Response->__construct(Object(Illuminate\View\View))
#8 D:\laragon\www\jaibangla_dv\jaibangla\vendor\laravel\framework\src\Illuminate\Routing\Router.php(572): Illuminate\Routing\Router->prepareResponse(Object(Illuminate\Http\Request), Object(Illuminate\View\View))
#9 D:\laragon\www\jaibangla_dv\jaibangla\vendor\laravel\framework\src\Illuminate\Routing\Pipeline.php(30): Illuminate\Routing\Router->Illuminate\Routing\{closure}(Object(Illuminate\Http\Request))
#10 D:\laragon\www\jaibangla_dv\jaibangla\app\Http\Middleware\TrackPageCount.php(29): Illuminate\Routing\Pipeline->Illuminate\Routing\{closure}(Object(Illuminate\Http\Request))
#11 D:\laragon\www\jaibangla_dv\jaibangla\vendor\laravel\framework\src\Illuminate\Pipeline\Pipeline.php(148): App\Http\Middleware\TrackPageCount->handle(Object(Illuminate\Http\Request), Object(Closure))
#12 D:\laragon\www\jaibangla_dv\jaibangla\vendor\laravel\framework\src\Illuminate\Routing\Pipeline.php(53): Illuminate\Pipeline\Pipeline->Illuminate\Pipeline\{closure}(Object(Illuminate\Http\Request))
#13 D:\laragon\www\jaibangla_dv\jaibangla\vendor\laravel\framework\src\Illuminate\Routing\Middleware\SubstituteBindings.php(41): Illuminate\Routing\Pipeline->Illuminate\Routing\{closure}(Object(Illuminate\Http\Request))
#14 D:\laragon\www\jaibangla_dv\jaibangla\vendor\laravel\framework\src\Illuminate\Pipeline\Pipeline.php(148): Illuminate\Routing\Middleware\SubstituteBindings->handle(Object(Illuminate\Http\Request), Object(Closure))
#15 D:\laragon\www\jaibangla_dv\jaibangla\vendor\laravel\framework\src\Illuminate\Routing\Pipeline.php(53): Illuminate\Pipeline\Pipeline->Illuminate\Pipeline\{closure}(Object(Illuminate\Http\Request))
#16 D:\laragon\www\jaibangla_dv\jaibangla\vendor\laravel\framework\src\Illuminate\Auth\Middleware\Authenticate.php(43): Illuminate\Routing\Pipeline->Illuminate\Routing\{closure}(Object(Illuminate\Http\Request))
#17 D:\laragon\www\jaibangla_dv\jaibangla\vendor\laravel\framework\src\Illuminate\Pipeline\Pipeline.php(148): Illuminate\Auth\Middleware\Authenticate->handle(Object(Illuminate\Http\Request), Object(Closure))
#18 D:\laragon\www\jaibangla_dv\jaibangla\vendor\laravel\framework\src\Illuminate\Routing\Pipeline.php(53): Illuminate\Pipeline\Pipeline->Illuminate\Pipeline\{closure}(Object(Illuminate\Http\Request))
#19 D:\laragon\www\jaibangla_dv\jaibangla\vendor\laravel\framework\src\Illuminate\Foundation\Http\Middleware\VerifyCsrfToken.php(65): Illuminate\Routing\Pipeline->Illuminate\Routing\{closure}(Object(Illuminate\Http\Request))
#20 D:\laragon\www\jaibangla_dv\jaibangla\vendor\laravel\framework\src\Illuminate\Pipeline\Pipeline.php(148): Illuminate\Foundation\Http\Middleware\VerifyCsrfToken->handle(Object(Illuminate\Http\Request), Object(Closure))
#21 D:\laragon\www\jaibangla_dv\jaibangla\vendor\laravel\framework\src\Illuminate\Routing\Pipeline.php(53): Illuminate\Pipeline\Pipeline->Illuminate\Pipeline\{closure}(Object(Illuminate\Http\Request))
#22 D:\laragon\www\jaibangla_dv\jaibangla\vendor\laravel\framework\src\Illuminate\View\Middleware\ShareErrorsFromSession.php(49): Illuminate\Routing\Pipeline->Illuminate\Routing\{closure}(Object(Illuminate\Http\Request))
#23 D:\laragon\www\jaibangla_dv\jaibangla\vendor\laravel\framework\src\Illuminate\Pipeline\Pipeline.php(148): Illuminate\View\Middleware\ShareErrorsFromSession->handle(Object(Illuminate\Http\Request), Object(Closure))
#24 D:\laragon\www\jaibangla_dv\jaibangla\vendor\laravel\framework\src\Illuminate\Routing\Pipeline.php(53): Illuminate\Pipeline\Pipeline->Illuminate\Pipeline\{closure}(Object(Illuminate\Http\Request))
#25 D:\laragon\www\jaibangla_dv\jaibangla\vendor\laravel\framework\src\Illuminate\Session\Middleware\StartSession.php(64): Illuminate\Routing\Pipeline->Illuminate\Routing\{closure}(Object(Illuminate\Http\Request))
#26 D:\laragon\www\jaibangla_dv\jaibangla\vendor\laravel\framework\src\Illuminate\Pipeline\Pipeline.php(148): Illuminate\Session\Middleware\StartSession->handle(Object(Illuminate\Http\Request), Object(Closure))
#27 D:\laragon\www\jaibangla_dv\jaibangla\vendor\laravel\framework\src\Illuminate\Routing\Pipeline.php(53): Illuminate\Pipeline\Pipeline->Illuminate\Pipeline\{closure}(Object(Illuminate\Http\Request))
#28 D:\laragon\www\jaibangla_dv\jaibangla\vendor\laravel\framework\src\Illuminate\Cookie\Middleware\AddQueuedCookiesToResponse.php(37): Illuminate\Routing\Pipeline->Illuminate\Routing\{closure}(Object(Illuminate\Http\Request))
#29 D:\laragon\www\jaibangla_dv\jaibangla\vendor\laravel\framework\src\Illuminate\Pipeline\Pipeline.php(148): Illuminate\Cookie\Middleware\AddQueuedCookiesToResponse->handle(Object(Illuminate\Http\Request), Object(Closure))
#30 D:\laragon\www\jaibangla_dv\jaibangla\vendor\laravel\framework\src\Illuminate\Routing\Pipeline.php(53): Illuminate\Pipeline\Pipeline->Illuminate\Pipeline\{closure}(Object(Illuminate\Http\Request))
#31 D:\laragon\www\jaibangla_dv\jaibangla\vendor\laravel\framework\src\Illuminate\Cookie\Middleware\EncryptCookies.php(59): Illuminate\Routing\Pipeline->Illuminate\Routing\{closure}(Object(Illuminate\Http\Request))
#32 D:\laragon\www\jaibangla_dv\jaibangla\vendor\laravel\framework\src\Illuminate\Pipeline\Pipeline.php(148): Illuminate\Cookie\Middleware\EncryptCookies->handle(Object(Illuminate\Http\Request), Object(Closure))
#33 D:\laragon\www\jaibangla_dv\jaibangla\vendor\laravel\framework\src\Illuminate\Routing\Pipeline.php(53): Illuminate\Pipeline\Pipeline->Illuminate\Pipeline\{closure}(Object(Illuminate\Http\Request))
#34 D:\laragon\www\jaibangla_dv\jaibangla\vendor\laravel\framework\src\Illuminate\Pipeline\Pipeline.php(102): Illuminate\Routing\Pipeline->Illuminate\Routing\{closure}(Object(Illuminate\Http\Request))
#35 D:\laragon\www\jaibangla_dv\jaibangla\vendor\laravel\framework\src\Illuminate\Routing\Router.php(574): Illuminate\Pipeline\Pipeline->then(Object(Closure))
#36 D:\laragon\www\jaibangla_dv\jaibangla\vendor\laravel\framework\src\Illuminate\Routing\Router.php(533): Illuminate\Routing\Router->runRouteWithinStack(Object(Illuminate\Routing\Route), Object(Illuminate\Http\Request))
#37 D:\laragon\www\jaibangla_dv\jaibangla\vendor\laravel\framework\src\Illuminate\Routing\Router.php(511): Illuminate\Routing\Router->dispatchToRoute(Object(Illuminate\Http\Request))
#38 D:\laragon\www\jaibangla_dv\jaibangla\vendor\laravel\framework\src\Illuminate\Foundation\Http\Kernel.php(176): Illuminate\Routing\Router->dispatch(Object(Illuminate\Http\Request))
#39 D:\laragon\www\jaibangla_dv\jaibangla\vendor\laravel\framework\src\Illuminate\Routing\Pipeline.php(30): Illuminate\Foundation\Http\Kernel->Illuminate\Foundation\Http\{closure}(Object(Illuminate\Http\Request))
#40 D:\laragon\www\jaibangla_dv\jaibangla\vendor\laravel\framework\src\Illuminate\Foundation\Http\Middleware\TransformsRequest.php(30): Illuminate\Routing\Pipeline->Illuminate\Routing\{closure}(Object(Illuminate\Http\Request))
#41 D:\laragon\www\jaibangla_dv\jaibangla\vendor\laravel\framework\src\Illuminate\Pipeline\Pipeline.php(148): Illuminate\Foundation\Http\Middleware\TransformsRequest->handle(Object(Illuminate\Http\Request), Object(Closure))
#42 D:\laragon\www\jaibangla_dv\jaibangla\vendor\laravel\framework\src\Illuminate\Routing\Pipeline.php(53): Illuminate\Pipeline\Pipeline->Illuminate\Pipeline\{closure}(Object(Illuminate\Http\Request))
#43 D:\laragon\www\jaibangla_dv\jaibangla\vendor\laravel\framework\src\Illuminate\Foundation\Http\Middleware\TransformsRequest.php(30): Illuminate\Routing\Pipeline->Illuminate\Routing\{closure}(Object(Illuminate\Http\Request))
#44 D:\laragon\www\jaibangla_dv\jaibangla\vendor\laravel\framework\src\Illuminate\Pipeline\Pipeline.php(148): Illuminate\Foundation\Http\Middleware\TransformsRequest->handle(Object(Illuminate\Http\Request), Object(Closure))
#45 D:\laragon\www\jaibangla_dv\jaibangla\vendor\laravel\framework\src\Illuminate\Routing\Pipeline.php(53): Illuminate\Pipeline\Pipeline->Illuminate\Pipeline\{closure}(Object(Illuminate\Http\Request))
#46 D:\laragon\www\jaibangla_dv\jaibangla\vendor\laravel\framework\src\Illuminate\Foundation\Http\Middleware\ValidatePostSize.php(27): Illuminate\Routing\Pipeline->Illuminate\Routing\{closure}(Object(Illuminate\Http\Request))
#47 D:\laragon\www\jaibangla_dv\jaibangla\vendor\laravel\framework\src\Illuminate\Pipeline\Pipeline.php(148): Illuminate\Foundation\Http\Middleware\ValidatePostSize->handle(Object(Illuminate\Http\Request), Object(Closure))
#48 D:\laragon\www\jaibangla_dv\jaibangla\vendor\laravel\framework\src\Illuminate\Routing\Pipeline.php(53): Illuminate\Pipeline\Pipeline->Illuminate\Pipeline\{closure}(Object(Illuminate\Http\Request))
#49 D:\laragon\www\jaibangla_dv\jaibangla\vendor\laravel\framework\src\Illuminate\Foundation\Http\Middleware\CheckForMaintenanceMode.php(46): Illuminate\Routing\Pipeline->Illuminate\Routing\{closure}(Object(Illuminate\Http\Request))
#50 D:\laragon\www\jaibangla_dv\jaibangla\vendor\laravel\framework\src\Illuminate\Pipeline\Pipeline.php(148): Illuminate\Foundation\Http\Middleware\CheckForMaintenanceMode->handle(Object(Illuminate\Http\Request), Object(Closure))
#51 D:\laragon\www\jaibangla_dv\jaibangla\vendor\laravel\framework\src\Illuminate\Routing\Pipeline.php(53): Illuminate\Pipeline\Pipeline->Illuminate\Pipeline\{closure}(Object(Illuminate\Http\Request))
#52 D:\laragon\www\jaibangla_dv\jaibangla\vendor\laravel\framework\src\Illuminate\Pipeline\Pipeline.php(102): Illuminate\Routing\Pipeline->Illuminate\Routing\{closure}(Object(Illuminate\Http\Request))
#53 D:\laragon\www\jaibangla_dv\jaibangla\vendor\laravel\framework\src\Illuminate\Foundation\Http\Kernel.php(151): Illuminate\Pipeline\Pipeline->then(Object(Closure))
#54 D:\laragon\www\jaibangla_dv\jaibangla\vendor\laravel\framework\src\Illuminate\Foundation\Http\Kernel.php(116): Illuminate\Foundation\Http\Kernel->sendRequestThroughRouter(Object(Illuminate\Http\Request))
#55 D:\laragon\www\jaibangla_dv\index.php(53): Illuminate\Foundation\Http\Kernel->handle(Object(Illuminate\Http\Request))
#56 {main}  
[2024-12-18 05:18:13] production.ERROR: InvalidArgumentException: View [pension-details-view.enclosure_lsit] not found. in D:\laragon\www\jaibangla_dv\jaibangla\vendor\laravel\framework\src\Illuminate\View\FileViewFinder.php:137
Stack trace:
#0 D:\laragon\www\jaibangla_dv\jaibangla\vendor\laravel\framework\src\Illuminate\View\FileViewFinder.php(79): Illuminate\View\FileViewFinder->findInPaths('pension-details...', Array)
#1 D:\laragon\www\jaibangla_dv\jaibangla\vendor\laravel\framework\src\Illuminate\View\Factory.php(128): Illuminate\View\FileViewFinder->find('pension-details...')
#2 D:\laragon\www\jaibangla_dv\jaibangla\storage\framework\views\d7a184fbc476d9ba1623f1c7f4ccbb74c47bd814.php(180): Illuminate\View\Factory->make('pension-details...', Array)
#3 D:\laragon\www\jaibangla_dv\jaibangla\vendor\laravel\framework\src\Illuminate\View\Engines\PhpEngine.php(42): include('D:\\laragon\\www\\...')
#4 D:\laragon\www\jaibangla_dv\jaibangla\vendor\laravel\framework\src\Illuminate\View\Engines\CompilerEngine.php(59): Illuminate\View\Engines\PhpEngine->evaluatePath('D:\\laragon\\www\\...', Array)
#5 D:\laragon\www\jaibangla_dv\jaibangla\vendor\laravel\framework\src\Illuminate\View\View.php(137): Illuminate\View\Engines\CompilerEngine->get('D:\\laragon\\www\\...', Array)
#6 D:\laragon\www\jaibangla_dv\jaibangla\vendor\laravel\framework\src\Illuminate\View\View.php(120): Illuminate\View\View->getContents()
#7 D:\laragon\www\jaibangla_dv\jaibangla\vendor\laravel\framework\src\Illuminate\View\View.php(85): Illuminate\View\View->renderContents()
#8 D:\laragon\www\jaibangla_dv\jaibangla\storage\framework\views\0d34c288b4683bdc33b71c9ec48a768027506d47.php(59): Illuminate\View\View->render()
#9 D:\laragon\www\jaibangla_dv\jaibangla\vendor\laravel\framework\src\Illuminate\View\Engines\PhpEngine.php(42): include('D:\\laragon\\www\\...')
#10 D:\laragon\www\jaibangla_dv\jaibangla\vendor\laravel\framework\src\Illuminate\View\Engines\CompilerEngine.php(59): Illuminate\View\Engines\PhpEngine->evaluatePath('D:\\laragon\\www\\...', Array)
#11 D:\laragon\www\jaibangla_dv\jaibangla\vendor\laravel\framework\src\Illuminate\View\View.php(137): Illuminate\View\Engines\CompilerEngine->get('D:\\laragon\\www\\...', Array)
#12 D:\laragon\www\jaibangla_dv\jaibangla\vendor\laravel\framework\src\Illuminate\View\View.php(120): Illuminate\View\View->getContents()
#13 D:\laragon\www\jaibangla_dv\jaibangla\vendor\laravel\framework\src\Illuminate\View\View.php(85): Illuminate\View\View->renderContents()
#14 D:\laragon\www\jaibangla_dv\jaibangla\vendor\laravel\framework\src\Illuminate\Http\Response.php(38): Illuminate\View\View->render()
#15 D:\laragon\www\jaibangla_dv\jaibangla\vendor\symfony\http-foundation\Response.php(206): Illuminate\Http\Response->setContent(Object(Illuminate\View\View))
#16 D:\laragon\www\jaibangla_dv\jaibangla\vendor\laravel\framework\src\Illuminate\Routing\Router.php(615): Symfony\Component\HttpFoundation\Response->__construct(Object(Illuminate\View\View))
#17 D:\laragon\www\jaibangla_dv\jaibangla\vendor\laravel\framework\src\Illuminate\Routing\Router.php(572): Illuminate\Routing\Router->prepareResponse(Object(Illuminate\Http\Request), Object(Illuminate\View\View))
#18 D:\laragon\www\jaibangla_dv\jaibangla\vendor\laravel\framework\src\Illuminate\Routing\Pipeline.php(30): Illuminate\Routing\Router->Illuminate\Routing\{closure}(Object(Illuminate\Http\Request))
#19 D:\laragon\www\jaibangla_dv\jaibangla\app\Http\Middleware\TrackPageCount.php(29): Illuminate\Routing\Pipeline->Illuminate\Routing\{closure}(Object(Illuminate\Http\Request))
#20 D:\laragon\www\jaibangla_dv\jaibangla\vendor\laravel\framework\src\Illuminate\Pipeline\Pipeline.php(148): App\Http\Middleware\TrackPageCount->handle(Object(Illuminate\Http\Request), Object(Closure))
#21 D:\laragon\www\jaibangla_dv\jaibangla\vendor\laravel\framework\src\Illuminate\Routing\Pipeline.php(53): Illuminate\Pipeline\Pipeline->Illuminate\Pipeline\{closure}(Object(Illuminate\Http\Request))
#22 D:\laragon\www\jaibangla_dv\jaibangla\vendor\laravel\framework\src\Illuminate\Routing\Middleware\SubstituteBindings.php(41): Illuminate\Routing\Pipeline->Illuminate\Routing\{closure}(Object(Illuminate\Http\Request))
#23 D:\laragon\www\jaibangla_dv\jaibangla\vendor\laravel\framework\src\Illuminate\Pipeline\Pipeline.php(148): Illuminate\Routing\Middleware\SubstituteBindings->handle(Object(Illuminate\Http\Request), Object(Closure))
#24 D:\laragon\www\jaibangla_dv\jaibangla\vendor\laravel\framework\src\Illuminate\Routing\Pipeline.php(53): Illuminate\Pipeline\Pipeline->Illuminate\Pipeline\{closure}(Object(Illuminate\Http\Request))
#25 D:\laragon\www\jaibangla_dv\jaibangla\vendor\laravel\framework\src\Illuminate\Auth\Middleware\Authenticate.php(43): Illuminate\Routing\Pipeline->Illuminate\Routing\{closure}(Object(Illuminate\Http\Request))
#26 D:\laragon\www\jaibangla_dv\jaibangla\vendor\laravel\framework\src\Illuminate\Pipeline\Pipeline.php(148): Illuminate\Auth\Middleware\Authenticate->handle(Object(Illuminate\Http\Request), Object(Closure))
#27 D:\laragon\www\jaibangla_dv\jaibangla\vendor\laravel\framework\src\Illuminate\Routing\Pipeline.php(53): Illuminate\Pipeline\Pipeline->Illuminate\Pipeline\{closure}(Object(Illuminate\Http\Request))
#28 D:\laragon\www\jaibangla_dv\jaibangla\vendor\laravel\framework\src\Illuminate\Foundation\Http\Middleware\VerifyCsrfToken.php(65): Illuminate\Routing\Pipeline->Illuminate\Routing\{closure}(Object(Illuminate\Http\Request))
#29 D:\laragon\www\jaibangla_dv\jaibangla\vendor\laravel\framework\src\Illuminate\Pipeline\Pipeline.php(148): Illuminate\Foundation\Http\Middleware\VerifyCsrfToken->handle(Object(Illuminate\Http\Request), Object(Closure))
#30 D:\laragon\www\jaibangla_dv\jaibangla\vendor\laravel\framework\src\Illuminate\Routing\Pipeline.php(53): Illuminate\Pipeline\Pipeline->Illuminate\Pipeline\{closure}(Object(Illuminate\Http\Request))
#31 D:\laragon\www\jaibangla_dv\jaibangla\vendor\laravel\framework\src\Illuminate\View\Middleware\ShareErrorsFromSession.php(49): Illuminate\Routing\Pipeline->Illuminate\Routing\{closure}(Object(Illuminate\Http\Request))
#32 D:\laragon\www\jaibangla_dv\jaibangla\vendor\laravel\framework\src\Illuminate\Pipeline\Pipeline.php(148): Illuminate\View\Middleware\ShareErrorsFromSession->handle(Object(Illuminate\Http\Request), Object(Closure))
#33 D:\laragon\www\jaibangla_dv\jaibangla\vendor\laravel\framework\src\Illuminate\Routing\Pipeline.php(53): Illuminate\Pipeline\Pipeline->Illuminate\Pipeline\{closure}(Object(Illuminate\Http\Request))
#34 D:\laragon\www\jaibangla_dv\jaibangla\vendor\laravel\framework\src\Illuminate\Session\Middleware\StartSession.php(64): Illuminate\Routing\Pipeline->Illuminate\Routing\{closure}(Object(Illuminate\Http\Request))
#35 D:\laragon\www\jaibangla_dv\jaibangla\vendor\laravel\framework\src\Illuminate\Pipeline\Pipeline.php(148): Illuminate\Session\Middleware\StartSession->handle(Object(Illuminate\Http\Request), Object(Closure))
#36 D:\laragon\www\jaibangla_dv\jaibangla\vendor\laravel\framework\src\Illuminate\Routing\Pipeline.php(53): Illuminate\Pipeline\Pipeline->Illuminate\Pipeline\{closure}(Object(Illuminate\Http\Request))
#37 D:\laragon\www\jaibangla_dv\jaibangla\vendor\laravel\framework\src\Illuminate\Cookie\Middleware\AddQueuedCookiesToResponse.php(37): Illuminate\Routing\Pipeline->Illuminate\Routing\{closure}(Object(Illuminate\Http\Request))
#38 D:\laragon\www\jaibangla_dv\jaibangla\vendor\laravel\framework\src\Illuminate\Pipeline\Pipeline.php(148): Illuminate\Cookie\Middleware\AddQueuedCookiesToResponse->handle(Object(Illuminate\Http\Request), Object(Closure))
#39 D:\laragon\www\jaibangla_dv\jaibangla\vendor\laravel\framework\src\Illuminate\Routing\Pipeline.php(53): Illuminate\Pipeline\Pipeline->Illuminate\Pipeline\{closure}(Object(Illuminate\Http\Request))
#40 D:\laragon\www\jaibangla_dv\jaibangla\vendor\laravel\framework\src\Illuminate\Cookie\Middleware\EncryptCookies.php(59): Illuminate\Routing\Pipeline->Illuminate\Routing\{closure}(Object(Illuminate\Http\Request))
#41 D:\laragon\www\jaibangla_dv\jaibangla\vendor\laravel\framework\src\Illuminate\Pipeline\Pipeline.php(148): Illuminate\Cookie\Middleware\EncryptCookies->handle(Object(Illuminate\Http\Request), Object(Closure))
#42 D:\laragon\www\jaibangla_dv\jaibangla\vendor\laravel\framework\src\Illuminate\Routing\Pipeline.php(53): Illuminate\Pipeline\Pipeline->Illuminate\Pipeline\{closure}(Object(Illuminate\Http\Request))
#43 D:\laragon\www\jaibangla_dv\jaibangla\vendor\laravel\framework\src\Illuminate\Pipeline\Pipeline.php(102): Illuminate\Routing\Pipeline->Illuminate\Routing\{closure}(Object(Illuminate\Http\Request))
#44 D:\laragon\www\jaibangla_dv\jaibangla\vendor\laravel\framework\src\Illuminate\Routing\Router.php(574): Illuminate\Pipeline\Pipeline->then(Object(Closure))
#45 D:\laragon\www\jaibangla_dv\jaibangla\vendor\laravel\framework\src\Illuminate\Routing\Router.php(533): Illuminate\Routing\Router->runRouteWithinStack(Object(Illuminate\Routing\Route), Object(Illuminate\Http\Request))
#46 D:\laragon\www\jaibangla_dv\jaibangla\vendor\laravel\framework\src\Illuminate\Routing\Router.php(511): Illuminate\Routing\Router->dispatchToRoute(Object(Illuminate\Http\Request))
#47 D:\laragon\www\jaibangla_dv\jaibangla\vendor\laravel\framework\src\Illuminate\Foundation\Http\Kernel.php(176): Illuminate\Routing\Router->dispatch(Object(Illuminate\Http\Request))
#48 D:\laragon\www\jaibangla_dv\jaibangla\vendor\laravel\framework\src\Illuminate\Routing\Pipeline.php(30): Illuminate\Foundation\Http\Kernel->Illuminate\Foundation\Http\{closure}(Object(Illuminate\Http\Request))
#49 D:\laragon\www\jaibangla_dv\jaibangla\vendor\laravel\framework\src\Illuminate\Foundation\Http\Middleware\TransformsRequest.php(30): Illuminate\Routing\Pipeline->Illuminate\Routing\{closure}(Object(Illuminate\Http\Request))
#50 D:\laragon\www\jaibangla_dv\jaibangla\vendor\laravel\framework\src\Illuminate\Pipeline\Pipeline.php(148): Illuminate\Foundation\Http\Middleware\TransformsRequest->handle(Object(Illuminate\Http\Request), Object(Closure))
#51 D:\laragon\www\jaibangla_dv\jaibangla\vendor\laravel\framework\src\Illuminate\Routing\Pipeline.php(53): Illuminate\Pipeline\Pipeline->Illuminate\Pipeline\{closure}(Object(Illuminate\Http\Request))
#52 D:\laragon\www\jaibangla_dv\jaibangla\vendor\laravel\framework\src\Illuminate\Foundation\Http\Middleware\TransformsRequest.php(30): Illuminate\Routing\Pipeline->Illuminate\Routing\{closure}(Object(Illuminate\Http\Request))
#53 D:\laragon\www\jaibangla_dv\jaibangla\vendor\laravel\framework\src\Illuminate\Pipeline\Pipeline.php(148): Illuminate\Foundation\Http\Middleware\TransformsRequest->handle(Object(Illuminate\Http\Request), Object(Closure))
#54 D:\laragon\www\jaibangla_dv\jaibangla\vendor\laravel\framework\src\Illuminate\Routing\Pipeline.php(53): Illuminate\Pipeline\Pipeline->Illuminate\Pipeline\{closure}(Object(Illuminate\Http\Request))
#55 D:\laragon\www\jaibangla_dv\jaibangla\vendor\laravel\framework\src\Illuminate\Foundation\Http\Middleware\ValidatePostSize.php(27): Illuminate\Routing\Pipeline->Illuminate\Routing\{closure}(Object(Illuminate\Http\Request))
#56 D:\laragon\www\jaibangla_dv\jaibangla\vendor\laravel\framework\src\Illuminate\Pipeline\Pipeline.php(148): Illuminate\Foundation\Http\Middleware\ValidatePostSize->handle(Object(Illuminate\Http\Request), Object(Closure))
#57 D:\laragon\www\jaibangla_dv\jaibangla\vendor\laravel\framework\src\Illuminate\Routing\Pipeline.php(53): Illuminate\Pipeline\Pipeline->Illuminate\Pipeline\{closure}(Object(Illuminate\Http\Request))
#58 D:\laragon\www\jaibangla_dv\jaibangla\vendor\laravel\framework\src\Illuminate\Foundation\Http\Middleware\CheckForMaintenanceMode.php(46): Illuminate\Routing\Pipeline->Illuminate\Routing\{closure}(Object(Illuminate\Http\Request))
#59 D:\laragon\www\jaibangla_dv\jaibangla\vendor\laravel\framework\src\Illuminate\Pipeline\Pipeline.php(148): Illuminate\Foundation\Http\Middleware\CheckForMaintenanceMode->handle(Object(Illuminate\Http\Request), Object(Closure))
#60 D:\laragon\www\jaibangla_dv\jaibangla\vendor\laravel\framework\src\Illuminate\Routing\Pipeline.php(53): Illuminate\Pipeline\Pipeline->Illuminate\Pipeline\{closure}(Object(Illuminate\Http\Request))
#61 D:\laragon\www\jaibangla_dv\jaibangla\vendor\laravel\framework\src\Illuminate\Pipeline\Pipeline.php(102): Illuminate\Routing\Pipeline->Illuminate\Routing\{closure}(Object(Illuminate\Http\Request))
#62 D:\laragon\www\jaibangla_dv\jaibangla\vendor\laravel\framework\src\Illuminate\Foundation\Http\Kernel.php(151): Illuminate\Pipeline\Pipeline->then(Object(Closure))
#63 D:\laragon\www\jaibangla_dv\jaibangla\vendor\laravel\framework\src\Illuminate\Foundation\Http\Kernel.php(116): Illuminate\Foundation\Http\Kernel->sendRequestThroughRouter(Object(Illuminate\Http\Request))
#64 D:\laragon\www\jaibangla_dv\index.php(53): Illuminate\Foundation\Http\Kernel->handle(Object(Illuminate\Http\Request))
#65 {main}

Next ErrorException: View [pension-details-view.enclosure_lsit] not found. (View: D:\laragon\www\jaibangla_dv\jaibangla\resources\views\pension-details-view\pension_view_details.blade.php) in D:\laragon\www\jaibangla_dv\jaibangla\vendor\laravel\framework\src\Illuminate\View\FileViewFinder.php:137
Stack trace:
#0 D:\laragon\www\jaibangla_dv\jaibangla\vendor\laravel\framework\src\Illuminate\View\Engines\PhpEngine.php(44): Illuminate\View\Engines\CompilerEngine->handleViewException(Object(InvalidArgumentException), 2)
#1 D:\laragon\www\jaibangla_dv\jaibangla\vendor\laravel\framework\src\Illuminate\View\Engines\CompilerEngine.php(59): Illuminate\View\Engines\PhpEngine->evaluatePath('D:\\laragon\\www\\...', Array)
#2 D:\laragon\www\jaibangla_dv\jaibangla\vendor\laravel\framework\src\Illuminate\View\View.php(137): Illuminate\View\Engines\CompilerEngine->get('D:\\laragon\\www\\...', Array)
#3 D:\laragon\www\jaibangla_dv\jaibangla\vendor\laravel\framework\src\Illuminate\View\View.php(120): Illuminate\View\View->getContents()
#4 D:\laragon\www\jaibangla_dv\jaibangla\vendor\laravel\framework\src\Illuminate\View\View.php(85): Illuminate\View\View->renderContents()
#5 D:\laragon\www\jaibangla_dv\jaibangla\storage\framework\views\0d34c288b4683bdc33b71c9ec48a768027506d47.php(59): Illuminate\View\View->render()
#6 D:\laragon\www\jaibangla_dv\jaibangla\vendor\laravel\framework\src\Illuminate\View\Engines\PhpEngine.php(42): include('D:\\laragon\\www\\...')
#7 D:\laragon\www\jaibangla_dv\jaibangla\vendor\laravel\framework\src\Illuminate\View\Engines\CompilerEngine.php(59): Illuminate\View\Engines\PhpEngine->evaluatePath('D:\\laragon\\www\\...', Array)
#8 D:\laragon\www\jaibangla_dv\jaibangla\vendor\laravel\framework\src\Illuminate\View\View.php(137): Illuminate\View\Engines\CompilerEngine->get('D:\\laragon\\www\\...', Array)
#9 D:\laragon\www\jaibangla_dv\jaibangla\vendor\laravel\framework\src\Illuminate\View\View.php(120): Illuminate\View\View->getContents()
#10 D:\laragon\www\jaibangla_dv\jaibangla\vendor\laravel\framework\src\Illuminate\View\View.php(85): Illuminate\View\View->renderContents()
#11 D:\laragon\www\jaibangla_dv\jaibangla\vendor\laravel\framework\src\Illuminate\Http\Response.php(38): Illuminate\View\View->render()
#12 D:\laragon\www\jaibangla_dv\jaibangla\vendor\symfony\http-foundation\Response.php(206): Illuminate\Http\Response->setContent(Object(Illuminate\View\View))
#13 D:\laragon\www\jaibangla_dv\jaibangla\vendor\laravel\framework\src\Illuminate\Routing\Router.php(615): Symfony\Component\HttpFoundation\Response->__construct(Object(Illuminate\View\View))
#14 D:\laragon\www\jaibangla_dv\jaibangla\vendor\laravel\framework\src\Illuminate\Routing\Router.php(572): Illuminate\Routing\Router->prepareResponse(Object(Illuminate\Http\Request), Object(Illuminate\View\View))
#15 D:\laragon\www\jaibangla_dv\jaibangla\vendor\laravel\framework\src\Illuminate\Routing\Pipeline.php(30): Illuminate\Routing\Router->Illuminate\Routing\{closure}(Object(Illuminate\Http\Request))
#16 D:\laragon\www\jaibangla_dv\jaibangla\app\Http\Middleware\TrackPageCount.php(29): Illuminate\Routing\Pipeline->Illuminate\Routing\{closure}(Object(Illuminate\Http\Request))
#17 D:\laragon\www\jaibangla_dv\jaibangla\vendor\laravel\framework\src\Illuminate\Pipeline\Pipeline.php(148): App\Http\Middleware\TrackPageCount->handle(Object(Illuminate\Http\Request), Object(Closure))
#18 D:\laragon\www\jaibangla_dv\jaibangla\vendor\laravel\framework\src\Illuminate\Routing\Pipeline.php(53): Illuminate\Pipeline\Pipeline->Illuminate\Pipeline\{closure}(Object(Illuminate\Http\Request))
#19 D:\laragon\www\jaibangla_dv\jaibangla\vendor\laravel\framework\src\Illuminate\Routing\Middleware\SubstituteBindings.php(41): Illuminate\Routing\Pipeline->Illuminate\Routing\{closure}(Object(Illuminate\Http\Request))
#20 D:\laragon\www\jaibangla_dv\jaibangla\vendor\laravel\framework\src\Illuminate\Pipeline\Pipeline.php(148): Illuminate\Routing\Middleware\SubstituteBindings->handle(Object(Illuminate\Http\Request), Object(Closure))
#21 D:\laragon\www\jaibangla_dv\jaibangla\vendor\laravel\framework\src\Illuminate\Routing\Pipeline.php(53): Illuminate\Pipeline\Pipeline->Illuminate\Pipeline\{closure}(Object(Illuminate\Http\Request))
#22 D:\laragon\www\jaibangla_dv\jaibangla\vendor\laravel\framework\src\Illuminate\Auth\Middleware\Authenticate.php(43): Illuminate\Routing\Pipeline->Illuminate\Routing\{closure}(Object(Illuminate\Http\Request))
#23 D:\laragon\www\jaibangla_dv\jaibangla\vendor\laravel\framework\src\Illuminate\Pipeline\Pipeline.php(148): Illuminate\Auth\Middleware\Authenticate->handle(Object(Illuminate\Http\Request), Object(Closure))
#24 D:\laragon\www\jaibangla_dv\jaibangla\vendor\laravel\framework\src\Illuminate\Routing\Pipeline.php(53): Illuminate\Pipeline\Pipeline->Illuminate\Pipeline\{closure}(Object(Illuminate\Http\Request))
#25 D:\laragon\www\jaibangla_dv\jaibangla\vendor\laravel\framework\src\Illuminate\Foundation\Http\Middleware\VerifyCsrfToken.php(65): Illuminate\Routing\Pipeline->Illuminate\Routing\{closure}(Object(Illuminate\Http\Request))
#26 D:\laragon\www\jaibangla_dv\jaibangla\vendor\laravel\framework\src\Illuminate\Pipeline\Pipeline.php(148): Illuminate\Foundation\Http\Middleware\VerifyCsrfToken->handle(Object(Illuminate\Http\Request), Object(Closure))
#27 D:\laragon\www\jaibangla_dv\jaibangla\vendor\laravel\framework\src\Illuminate\Routing\Pipeline.php(53): Illuminate\Pipeline\Pipeline->Illuminate\Pipeline\{closure}(Object(Illuminate\Http\Request))
#28 D:\laragon\www\jaibangla_dv\jaibangla\vendor\laravel\framework\src\Illuminate\View\Middleware\ShareErrorsFromSession.php(49): Illuminate\Routing\Pipeline->Illuminate\Routing\{closure}(Object(Illuminate\Http\Request))
#29 D:\laragon\www\jaibangla_dv\jaibangla\vendor\laravel\framework\src\Illuminate\Pipeline\Pipeline.php(148): Illuminate\View\Middleware\ShareErrorsFromSession->handle(Object(Illuminate\Http\Request), Object(Closure))
#30 D:\laragon\www\jaibangla_dv\jaibangla\vendor\laravel\framework\src\Illuminate\Routing\Pipeline.php(53): Illuminate\Pipeline\Pipeline->Illuminate\Pipeline\{closure}(Object(Illuminate\Http\Request))
#31 D:\laragon\www\jaibangla_dv\jaibangla\vendor\laravel\framework\src\Illuminate\Session\Middleware\StartSession.php(64): Illuminate\Routing\Pipeline->Illuminate\Routing\{closure}(Object(Illuminate\Http\Request))
#32 D:\laragon\www\jaibangla_dv\jaibangla\vendor\laravel\framework\src\Illuminate\Pipeline\Pipeline.php(148): Illuminate\Session\Middleware\StartSession->handle(Object(Illuminate\Http\Request), Object(Closure))
#33 D:\laragon\www\jaibangla_dv\jaibangla\vendor\laravel\framework\src\Illuminate\Routing\Pipeline.php(53): Illuminate\Pipeline\Pipeline->Illuminate\Pipeline\{closure}(Object(Illuminate\Http\Request))
#34 D:\laragon\www\jaibangla_dv\jaibangla\vendor\laravel\framework\src\Illuminate\Cookie\Middleware\AddQueuedCookiesToResponse.php(37): Illuminate\Routing\Pipeline->Illuminate\Routing\{closure}(Object(Illuminate\Http\Request))
#35 D:\laragon\www\jaibangla_dv\jaibangla\vendor\laravel\framework\src\Illuminate\Pipeline\Pipeline.php(148): Illuminate\Cookie\Middleware\AddQueuedCookiesToResponse->handle(Object(Illuminate\Http\Request), Object(Closure))
#36 D:\laragon\www\jaibangla_dv\jaibangla\vendor\laravel\framework\src\Illuminate\Routing\Pipeline.php(53): Illuminate\Pipeline\Pipeline->Illuminate\Pipeline\{closure}(Object(Illuminate\Http\Request))
#37 D:\laragon\www\jaibangla_dv\jaibangla\vendor\laravel\framework\src\Illuminate\Cookie\Middleware\EncryptCookies.php(59): Illuminate\Routing\Pipeline->Illuminate\Routing\{closure}(Object(Illuminate\Http\Request))
#38 D:\laragon\www\jaibangla_dv\jaibangla\vendor\laravel\framework\src\Illuminate\Pipeline\Pipeline.php(148): Illuminate\Cookie\Middleware\EncryptCookies->handle(Object(Illuminate\Http\Request), Object(Closure))
#39 D:\laragon\www\jaibangla_dv\jaibangla\vendor\laravel\framework\src\Illuminate\Routing\Pipeline.php(53): Illuminate\Pipeline\Pipeline->Illuminate\Pipeline\{closure}(Object(Illuminate\Http\Request))
#40 D:\laragon\www\jaibangla_dv\jaibangla\vendor\laravel\framework\src\Illuminate\Pipeline\Pipeline.php(102): Illuminate\Routing\Pipeline->Illuminate\Routing\{closure}(Object(Illuminate\Http\Request))
#41 D:\laragon\www\jaibangla_dv\jaibangla\vendor\laravel\framework\src\Illuminate\Routing\Router.php(574): Illuminate\Pipeline\Pipeline->then(Object(Closure))
#42 D:\laragon\www\jaibangla_dv\jaibangla\vendor\laravel\framework\src\Illuminate\Routing\Router.php(533): Illuminate\Routing\Router->runRouteWithinStack(Object(Illuminate\Routing\Route), Object(Illuminate\Http\Request))
#43 D:\laragon\www\jaibangla_dv\jaibangla\vendor\laravel\framework\src\Illuminate\Routing\Router.php(511): Illuminate\Routing\Router->dispatchToRoute(Object(Illuminate\Http\Request))
#44 D:\laragon\www\jaibangla_dv\jaibangla\vendor\laravel\framework\src\Illuminate\Foundation\Http\Kernel.php(176): Illuminate\Routing\Router->dispatch(Object(Illuminate\Http\Request))
#45 D:\laragon\www\jaibangla_dv\jaibangla\vendor\laravel\framework\src\Illuminate\Routing\Pipeline.php(30): Illuminate\Foundation\Http\Kernel->Illuminate\Foundation\Http\{closure}(Object(Illuminate\Http\Request))
#46 D:\laragon\www\jaibangla_dv\jaibangla\vendor\laravel\framework\src\Illuminate\Foundation\Http\Middleware\TransformsRequest.php(30): Illuminate\Routing\Pipeline->Illuminate\Routing\{closure}(Object(Illuminate\Http\Request))
#47 D:\laragon\www\jaibangla_dv\jaibangla\vendor\laravel\framework\src\Illuminate\Pipeline\Pipeline.php(148): Illuminate\Foundation\Http\Middleware\TransformsRequest->handle(Object(Illuminate\Http\Request), Object(Closure))
#48 D:\laragon\www\jaibangla_dv\jaibangla\vendor\laravel\framework\src\Illuminate\Routing\Pipeline.php(53): Illuminate\Pipeline\Pipeline->Illuminate\Pipeline\{closure}(Object(Illuminate\Http\Request))
#49 D:\laragon\www\jaibangla_dv\jaibangla\vendor\laravel\framework\src\Illuminate\Foundation\Http\Middleware\TransformsRequest.php(30): Illuminate\Routing\Pipeline->Illuminate\Routing\{closure}(Object(Illuminate\Http\Request))
#50 D:\laragon\www\jaibangla_dv\jaibangla\vendor\laravel\framework\src\Illuminate\Pipeline\Pipeline.php(148): Illuminate\Foundation\Http\Middleware\TransformsRequest->handle(Object(Illuminate\Http\Request), Object(Closure))
#51 D:\laragon\www\jaibangla_dv\jaibangla\vendor\laravel\framework\src\Illuminate\Routing\Pipeline.php(53): Illuminate\Pipeline\Pipeline->Illuminate\Pipeline\{closure}(Object(Illuminate\Http\Request))
#52 D:\laragon\www\jaibangla_dv\jaibangla\vendor\laravel\framework\src\Illuminate\Foundation\Http\Middleware\ValidatePostSize.php(27): Illuminate\Routing\Pipeline->Illuminate\Routing\{closure}(Object(Illuminate\Http\Request))
#53 D:\laragon\www\jaibangla_dv\jaibangla\vendor\laravel\framework\src\Illuminate\Pipeline\Pipeline.php(148): Illuminate\Foundation\Http\Middleware\ValidatePostSize->handle(Object(Illuminate\Http\Request), Object(Closure))
#54 D:\laragon\www\jaibangla_dv\jaibangla\vendor\laravel\framework\src\Illuminate\Routing\Pipeline.php(53): Illuminate\Pipeline\Pipeline->Illuminate\Pipeline\{closure}(Object(Illuminate\Http\Request))
#55 D:\laragon\www\jaibangla_dv\jaibangla\vendor\laravel\framework\src\Illuminate\Foundation\Http\Middleware\CheckForMaintenanceMode.php(46): Illuminate\Routing\Pipeline->Illuminate\Routing\{closure}(Object(Illuminate\Http\Request))
#56 D:\laragon\www\jaibangla_dv\jaibangla\vendor\laravel\framework\src\Illuminate\Pipeline\Pipeline.php(148): Illuminate\Foundation\Http\Middleware\CheckForMaintenanceMode->handle(Object(Illuminate\Http\Request), Object(Closure))
#57 D:\laragon\www\jaibangla_dv\jaibangla\vendor\laravel\framework\src\Illuminate\Routing\Pipeline.php(53): Illuminate\Pipeline\Pipeline->Illuminate\Pipeline\{closure}(Object(Illuminate\Http\Request))
#58 D:\laragon\www\jaibangla_dv\jaibangla\vendor\laravel\framework\src\Illuminate\Pipeline\Pipeline.php(102): Illuminate\Routing\Pipeline->Illuminate\Routing\{closure}(Object(Illuminate\Http\Request))
#59 D:\laragon\www\jaibangla_dv\jaibangla\vendor\laravel\framework\src\Illuminate\Foundation\Http\Kernel.php(151): Illuminate\Pipeline\Pipeline->then(Object(Closure))
#60 D:\laragon\www\jaibangla_dv\jaibangla\vendor\laravel\framework\src\Illuminate\Foundation\Http\Kernel.php(116): Illuminate\Foundation\Http\Kernel->sendRequestThroughRouter(Object(Illuminate\Http\Request))
#61 D:\laragon\www\jaibangla_dv\index.php(53): Illuminate\Foundation\Http\Kernel->handle(Object(Illuminate\Http\Request))
#62 {main}

Next ErrorException: View [pension-details-view.enclosure_lsit] not found. (View: D:\laragon\www\jaibangla_dv\jaibangla\resources\views\pension-details-view\pension_view_details.blade.php) (View: D:\laragon\www\jaibangla_dv\jaibangla\resources\views\pension-details-view\pension_view_details.blade.php) in D:\laragon\www\jaibangla_dv\jaibangla\vendor\laravel\framework\src\Illuminate\View\FileViewFinder.php:137
Stack trace:
#0 D:\laragon\www\jaibangla_dv\jaibangla\vendor\laravel\framework\src\Illuminate\View\Engines\PhpEngine.php(44): Illuminate\View\Engines\CompilerEngine->handleViewException(Object(ErrorException), 1)
#1 D:\laragon\www\jaibangla_dv\jaibangla\vendor\laravel\framework\src\Illuminate\View\Engines\CompilerEngine.php(59): Illuminate\View\Engines\PhpEngine->evaluatePath('D:\\laragon\\www\\...', Array)
#2 D:\laragon\www\jaibangla_dv\jaibangla\vendor\laravel\framework\src\Illuminate\View\View.php(137): Illuminate\View\Engines\CompilerEngine->get('D:\\laragon\\www\\...', Array)
#3 D:\laragon\www\jaibangla_dv\jaibangla\vendor\laravel\framework\src\Illuminate\View\View.php(120): Illuminate\View\View->getContents()
#4 D:\laragon\www\jaibangla_dv\jaibangla\vendor\laravel\framework\src\Illuminate\View\View.php(85): Illuminate\View\View->renderContents()
#5 D:\laragon\www\jaibangla_dv\jaibangla\vendor\laravel\framework\src\Illuminate\Http\Response.php(38): Illuminate\View\View->render()
#6 D:\laragon\www\jaibangla_dv\jaibangla\vendor\symfony\http-foundation\Response.php(206): Illuminate\Http\Response->setContent(Object(Illuminate\View\View))
#7 D:\laragon\www\jaibangla_dv\jaibangla\vendor\laravel\framework\src\Illuminate\Routing\Router.php(615): Symfony\Component\HttpFoundation\Response->__construct(Object(Illuminate\View\View))
#8 D:\laragon\www\jaibangla_dv\jaibangla\vendor\laravel\framework\src\Illuminate\Routing\Router.php(572): Illuminate\Routing\Router->prepareResponse(Object(Illuminate\Http\Request), Object(Illuminate\View\View))
#9 D:\laragon\www\jaibangla_dv\jaibangla\vendor\laravel\framework\src\Illuminate\Routing\Pipeline.php(30): Illuminate\Routing\Router->Illuminate\Routing\{closure}(Object(Illuminate\Http\Request))
#10 D:\laragon\www\jaibangla_dv\jaibangla\app\Http\Middleware\TrackPageCount.php(29): Illuminate\Routing\Pipeline->Illuminate\Routing\{closure}(Object(Illuminate\Http\Request))
#11 D:\laragon\www\jaibangla_dv\jaibangla\vendor\laravel\framework\src\Illuminate\Pipeline\Pipeline.php(148): App\Http\Middleware\TrackPageCount->handle(Object(Illuminate\Http\Request), Object(Closure))
#12 D:\laragon\www\jaibangla_dv\jaibangla\vendor\laravel\framework\src\Illuminate\Routing\Pipeline.php(53): Illuminate\Pipeline\Pipeline->Illuminate\Pipeline\{closure}(Object(Illuminate\Http\Request))
#13 D:\laragon\www\jaibangla_dv\jaibangla\vendor\laravel\framework\src\Illuminate\Routing\Middleware\SubstituteBindings.php(41): Illuminate\Routing\Pipeline->Illuminate\Routing\{closure}(Object(Illuminate\Http\Request))
#14 D:\laragon\www\jaibangla_dv\jaibangla\vendor\laravel\framework\src\Illuminate\Pipeline\Pipeline.php(148): Illuminate\Routing\Middleware\SubstituteBindings->handle(Object(Illuminate\Http\Request), Object(Closure))
#15 D:\laragon\www\jaibangla_dv\jaibangla\vendor\laravel\framework\src\Illuminate\Routing\Pipeline.php(53): Illuminate\Pipeline\Pipeline->Illuminate\Pipeline\{closure}(Object(Illuminate\Http\Request))
#16 D:\laragon\www\jaibangla_dv\jaibangla\vendor\laravel\framework\src\Illuminate\Auth\Middleware\Authenticate.php(43): Illuminate\Routing\Pipeline->Illuminate\Routing\{closure}(Object(Illuminate\Http\Request))
#17 D:\laragon\www\jaibangla_dv\jaibangla\vendor\laravel\framework\src\Illuminate\Pipeline\Pipeline.php(148): Illuminate\Auth\Middleware\Authenticate->handle(Object(Illuminate\Http\Request), Object(Closure))
#18 D:\laragon\www\jaibangla_dv\jaibangla\vendor\laravel\framework\src\Illuminate\Routing\Pipeline.php(53): Illuminate\Pipeline\Pipeline->Illuminate\Pipeline\{closure}(Object(Illuminate\Http\Request))
#19 D:\laragon\www\jaibangla_dv\jaibangla\vendor\laravel\framework\src\Illuminate\Foundation\Http\Middleware\VerifyCsrfToken.php(65): Illuminate\Routing\Pipeline->Illuminate\Routing\{closure}(Object(Illuminate\Http\Request))
#20 D:\laragon\www\jaibangla_dv\jaibangla\vendor\laravel\framework\src\Illuminate\Pipeline\Pipeline.php(148): Illuminate\Foundation\Http\Middleware\VerifyCsrfToken->handle(Object(Illuminate\Http\Request), Object(Closure))
#21 D:\laragon\www\jaibangla_dv\jaibangla\vendor\laravel\framework\src\Illuminate\Routing\Pipeline.php(53): Illuminate\Pipeline\Pipeline->Illuminate\Pipeline\{closure}(Object(Illuminate\Http\Request))
#22 D:\laragon\www\jaibangla_dv\jaibangla\vendor\laravel\framework\src\Illuminate\View\Middleware\ShareErrorsFromSession.php(49): Illuminate\Routing\Pipeline->Illuminate\Routing\{closure}(Object(Illuminate\Http\Request))
#23 D:\laragon\www\jaibangla_dv\jaibangla\vendor\laravel\framework\src\Illuminate\Pipeline\Pipeline.php(148): Illuminate\View\Middleware\ShareErrorsFromSession->handle(Object(Illuminate\Http\Request), Object(Closure))
#24 D:\laragon\www\jaibangla_dv\jaibangla\vendor\laravel\framework\src\Illuminate\Routing\Pipeline.php(53): Illuminate\Pipeline\Pipeline->Illuminate\Pipeline\{closure}(Object(Illuminate\Http\Request))
#25 D:\laragon\www\jaibangla_dv\jaibangla\vendor\laravel\framework\src\Illuminate\Session\Middleware\StartSession.php(64): Illuminate\Routing\Pipeline->Illuminate\Routing\{closure}(Object(Illuminate\Http\Request))
#26 D:\laragon\www\jaibangla_dv\jaibangla\vendor\laravel\framework\src\Illuminate\Pipeline\Pipeline.php(148): Illuminate\Session\Middleware\StartSession->handle(Object(Illuminate\Http\Request), Object(Closure))
#27 D:\laragon\www\jaibangla_dv\jaibangla\vendor\laravel\framework\src\Illuminate\Routing\Pipeline.php(53): Illuminate\Pipeline\Pipeline->Illuminate\Pipeline\{closure}(Object(Illuminate\Http\Request))
#28 D:\laragon\www\jaibangla_dv\jaibangla\vendor\laravel\framework\src\Illuminate\Cookie\Middleware\AddQueuedCookiesToResponse.php(37): Illuminate\Routing\Pipeline->Illuminate\Routing\{closure}(Object(Illuminate\Http\Request))
#29 D:\laragon\www\jaibangla_dv\jaibangla\vendor\laravel\framework\src\Illuminate\Pipeline\Pipeline.php(148): Illuminate\Cookie\Middleware\AddQueuedCookiesToResponse->handle(Object(Illuminate\Http\Request), Object(Closure))
#30 D:\laragon\www\jaibangla_dv\jaibangla\vendor\laravel\framework\src\Illuminate\Routing\Pipeline.php(53): Illuminate\Pipeline\Pipeline->Illuminate\Pipeline\{closure}(Object(Illuminate\Http\Request))
#31 D:\laragon\www\jaibangla_dv\jaibangla\vendor\laravel\framework\src\Illuminate\Cookie\Middleware\EncryptCookies.php(59): Illuminate\Routing\Pipeline->Illuminate\Routing\{closure}(Object(Illuminate\Http\Request))
#32 D:\laragon\www\jaibangla_dv\jaibangla\vendor\laravel\framework\src\Illuminate\Pipeline\Pipeline.php(148): Illuminate\Cookie\Middleware\EncryptCookies->handle(Object(Illuminate\Http\Request), Object(Closure))
#33 D:\laragon\www\jaibangla_dv\jaibangla\vendor\laravel\framework\src\Illuminate\Routing\Pipeline.php(53): Illuminate\Pipeline\Pipeline->Illuminate\Pipeline\{closure}(Object(Illuminate\Http\Request))
#34 D:\laragon\www\jaibangla_dv\jaibangla\vendor\laravel\framework\src\Illuminate\Pipeline\Pipeline.php(102): Illuminate\Routing\Pipeline->Illuminate\Routing\{closure}(Object(Illuminate\Http\Request))
#35 D:\laragon\www\jaibangla_dv\jaibangla\vendor\laravel\framework\src\Illuminate\Routing\Router.php(574): Illuminate\Pipeline\Pipeline->then(Object(Closure))
#36 D:\laragon\www\jaibangla_dv\jaibangla\vendor\laravel\framework\src\Illuminate\Routing\Router.php(533): Illuminate\Routing\Router->runRouteWithinStack(Object(Illuminate\Routing\Route), Object(Illuminate\Http\Request))
#37 D:\laragon\www\jaibangla_dv\jaibangla\vendor\laravel\framework\src\Illuminate\Routing\Router.php(511): Illuminate\Routing\Router->dispatchToRoute(Object(Illuminate\Http\Request))
#38 D:\laragon\www\jaibangla_dv\jaibangla\vendor\laravel\framework\src\Illuminate\Foundation\Http\Kernel.php(176): Illuminate\Routing\Router->dispatch(Object(Illuminate\Http\Request))
#39 D:\laragon\www\jaibangla_dv\jaibangla\vendor\laravel\framework\src\Illuminate\Routing\Pipeline.php(30): Illuminate\Foundation\Http\Kernel->Illuminate\Foundation\Http\{closure}(Object(Illuminate\Http\Request))
#40 D:\laragon\www\jaibangla_dv\jaibangla\vendor\laravel\framework\src\Illuminate\Foundation\Http\Middleware\TransformsRequest.php(30): Illuminate\Routing\Pipeline->Illuminate\Routing\{closure}(Object(Illuminate\Http\Request))
#41 D:\laragon\www\jaibangla_dv\jaibangla\vendor\laravel\framework\src\Illuminate\Pipeline\Pipeline.php(148): Illuminate\Foundation\Http\Middleware\TransformsRequest->handle(Object(Illuminate\Http\Request), Object(Closure))
#42 D:\laragon\www\jaibangla_dv\jaibangla\vendor\laravel\framework\src\Illuminate\Routing\Pipeline.php(53): Illuminate\Pipeline\Pipeline->Illuminate\Pipeline\{closure}(Object(Illuminate\Http\Request))
#43 D:\laragon\www\jaibangla_dv\jaibangla\vendor\laravel\framework\src\Illuminate\Foundation\Http\Middleware\TransformsRequest.php(30): Illuminate\Routing\Pipeline->Illuminate\Routing\{closure}(Object(Illuminate\Http\Request))
#44 D:\laragon\www\jaibangla_dv\jaibangla\vendor\laravel\framework\src\Illuminate\Pipeline\Pipeline.php(148): Illuminate\Foundation\Http\Middleware\TransformsRequest->handle(Object(Illuminate\Http\Request), Object(Closure))
#45 D:\laragon\www\jaibangla_dv\jaibangla\vendor\laravel\framework\src\Illuminate\Routing\Pipeline.php(53): Illuminate\Pipeline\Pipeline->Illuminate\Pipeline\{closure}(Object(Illuminate\Http\Request))
#46 D:\laragon\www\jaibangla_dv\jaibangla\vendor\laravel\framework\src\Illuminate\Foundation\Http\Middleware\ValidatePostSize.php(27): Illuminate\Routing\Pipeline->Illuminate\Routing\{closure}(Object(Illuminate\Http\Request))
#47 D:\laragon\www\jaibangla_dv\jaibangla\vendor\laravel\framework\src\Illuminate\Pipeline\Pipeline.php(148): Illuminate\Foundation\Http\Middleware\ValidatePostSize->handle(Object(Illuminate\Http\Request), Object(Closure))
#48 D:\laragon\www\jaibangla_dv\jaibangla\vendor\laravel\framework\src\Illuminate\Routing\Pipeline.php(53): Illuminate\Pipeline\Pipeline->Illuminate\Pipeline\{closure}(Object(Illuminate\Http\Request))
#49 D:\laragon\www\jaibangla_dv\jaibangla\vendor\laravel\framework\src\Illuminate\Foundation\Http\Middleware\CheckForMaintenanceMode.php(46): Illuminate\Routing\Pipeline->Illuminate\Routing\{closure}(Object(Illuminate\Http\Request))
#50 D:\laragon\www\jaibangla_dv\jaibangla\vendor\laravel\framework\src\Illuminate\Pipeline\Pipeline.php(148): Illuminate\Foundation\Http\Middleware\CheckForMaintenanceMode->handle(Object(Illuminate\Http\Request), Object(Closure))
#51 D:\laragon\www\jaibangla_dv\jaibangla\vendor\laravel\framework\src\Illuminate\Routing\Pipeline.php(53): Illuminate\Pipeline\Pipeline->Illuminate\Pipeline\{closure}(Object(Illuminate\Http\Request))
#52 D:\laragon\www\jaibangla_dv\jaibangla\vendor\laravel\framework\src\Illuminate\Pipeline\Pipeline.php(102): Illuminate\Routing\Pipeline->Illuminate\Routing\{closure}(Object(Illuminate\Http\Request))
#53 D:\laragon\www\jaibangla_dv\jaibangla\vendor\laravel\framework\src\Illuminate\Foundation\Http\Kernel.php(151): Illuminate\Pipeline\Pipeline->then(Object(Closure))
#54 D:\laragon\www\jaibangla_dv\jaibangla\vendor\laravel\framework\src\Illuminate\Foundation\Http\Kernel.php(116): Illuminate\Foundation\Http\Kernel->sendRequestThroughRouter(Object(Illuminate\Http\Request))
#55 D:\laragon\www\jaibangla_dv\index.php(53): Illuminate\Foundation\Http\Kernel->handle(Object(Illuminate\Http\Request))
#56 {main}  
[2024-12-18 05:50:32] production.ERROR: ErrorException: Undefined variable: verifyBtnVisible in D:\laragon\www\jaibangla_dv\jaibangla\storage\framework\views\0d34c288b4683bdc33b71c9ec48a768027506d47.php:2
Stack trace:
#0 D:\laragon\www\jaibangla_dv\jaibangla\storage\framework\views\0d34c288b4683bdc33b71c9ec48a768027506d47.php(2): Illuminate\Foundation\Bootstrap\HandleExceptions->handleError(8, 'Undefined varia...', 'D:\\laragon\\www\\...', 2, Array)
#1 D:\laragon\www\jaibangla_dv\jaibangla\vendor\laravel\framework\src\Illuminate\View\Engines\PhpEngine.php(42): include('D:\\laragon\\www\\...')
#2 D:\laragon\www\jaibangla_dv\jaibangla\vendor\laravel\framework\src\Illuminate\View\Engines\CompilerEngine.php(59): Illuminate\View\Engines\PhpEngine->evaluatePath('D:\\laragon\\www\\...', Array)
#3 D:\laragon\www\jaibangla_dv\jaibangla\vendor\laravel\framework\src\Illuminate\View\View.php(137): Illuminate\View\Engines\CompilerEngine->get('D:\\laragon\\www\\...', Array)
#4 D:\laragon\www\jaibangla_dv\jaibangla\vendor\laravel\framework\src\Illuminate\View\View.php(120): Illuminate\View\View->getContents()
#5 D:\laragon\www\jaibangla_dv\jaibangla\vendor\laravel\framework\src\Illuminate\View\View.php(85): Illuminate\View\View->renderContents()
#6 D:\laragon\www\jaibangla_dv\jaibangla\vendor\laravel\framework\src\Illuminate\Http\Response.php(38): Illuminate\View\View->render()
#7 D:\laragon\www\jaibangla_dv\jaibangla\vendor\symfony\http-foundation\Response.php(206): Illuminate\Http\Response->setContent(Object(Illuminate\View\View))
#8 D:\laragon\www\jaibangla_dv\jaibangla\vendor\laravel\framework\src\Illuminate\Routing\Router.php(615): Symfony\Component\HttpFoundation\Response->__construct(Object(Illuminate\View\View))
#9 D:\laragon\www\jaibangla_dv\jaibangla\vendor\laravel\framework\src\Illuminate\Routing\Router.php(572): Illuminate\Routing\Router->prepareResponse(Object(Illuminate\Http\Request), Object(Illuminate\View\View))
#10 D:\laragon\www\jaibangla_dv\jaibangla\vendor\laravel\framework\src\Illuminate\Routing\Pipeline.php(30): Illuminate\Routing\Router->Illuminate\Routing\{closure}(Object(Illuminate\Http\Request))
#11 D:\laragon\www\jaibangla_dv\jaibangla\app\Http\Middleware\TrackPageCount.php(29): Illuminate\Routing\Pipeline->Illuminate\Routing\{closure}(Object(Illuminate\Http\Request))
#12 D:\laragon\www\jaibangla_dv\jaibangla\vendor\laravel\framework\src\Illuminate\Pipeline\Pipeline.php(148): App\Http\Middleware\TrackPageCount->handle(Object(Illuminate\Http\Request), Object(Closure))
#13 D:\laragon\www\jaibangla_dv\jaibangla\vendor\laravel\framework\src\Illuminate\Routing\Pipeline.php(53): Illuminate\Pipeline\Pipeline->Illuminate\Pipeline\{closure}(Object(Illuminate\Http\Request))
#14 D:\laragon\www\jaibangla_dv\jaibangla\vendor\laravel\framework\src\Illuminate\Routing\Middleware\SubstituteBindings.php(41): Illuminate\Routing\Pipeline->Illuminate\Routing\{closure}(Object(Illuminate\Http\Request))
#15 D:\laragon\www\jaibangla_dv\jaibangla\vendor\laravel\framework\src\Illuminate\Pipeline\Pipeline.php(148): Illuminate\Routing\Middleware\SubstituteBindings->handle(Object(Illuminate\Http\Request), Object(Closure))
#16 D:\laragon\www\jaibangla_dv\jaibangla\vendor\laravel\framework\src\Illuminate\Routing\Pipeline.php(53): Illuminate\Pipeline\Pipeline->Illuminate\Pipeline\{closure}(Object(Illuminate\Http\Request))
#17 D:\laragon\www\jaibangla_dv\jaibangla\vendor\laravel\framework\src\Illuminate\Auth\Middleware\Authenticate.php(43): Illuminate\Routing\Pipeline->Illuminate\Routing\{closure}(Object(Illuminate\Http\Request))
#18 D:\laragon\www\jaibangla_dv\jaibangla\vendor\laravel\framework\src\Illuminate\Pipeline\Pipeline.php(148): Illuminate\Auth\Middleware\Authenticate->handle(Object(Illuminate\Http\Request), Object(Closure))
#19 D:\laragon\www\jaibangla_dv\jaibangla\vendor\laravel\framework\src\Illuminate\Routing\Pipeline.php(53): Illuminate\Pipeline\Pipeline->Illuminate\Pipeline\{closure}(Object(Illuminate\Http\Request))
#20 D:\laragon\www\jaibangla_dv\jaibangla\vendor\laravel\framework\src\Illuminate\Foundation\Http\Middleware\VerifyCsrfToken.php(65): Illuminate\Routing\Pipeline->Illuminate\Routing\{closure}(Object(Illuminate\Http\Request))
#21 D:\laragon\www\jaibangla_dv\jaibangla\vendor\laravel\framework\src\Illuminate\Pipeline\Pipeline.php(148): Illuminate\Foundation\Http\Middleware\VerifyCsrfToken->handle(Object(Illuminate\Http\Request), Object(Closure))
#22 D:\laragon\www\jaibangla_dv\jaibangla\vendor\laravel\framework\src\Illuminate\Routing\Pipeline.php(53): Illuminate\Pipeline\Pipeline->Illuminate\Pipeline\{closure}(Object(Illuminate\Http\Request))
#23 D:\laragon\www\jaibangla_dv\jaibangla\vendor\laravel\framework\src\Illuminate\View\Middleware\ShareErrorsFromSession.php(49): Illuminate\Routing\Pipeline->Illuminate\Routing\{closure}(Object(Illuminate\Http\Request))
#24 D:\laragon\www\jaibangla_dv\jaibangla\vendor\laravel\framework\src\Illuminate\Pipeline\Pipeline.php(148): Illuminate\View\Middleware\ShareErrorsFromSession->handle(Object(Illuminate\Http\Request), Object(Closure))
#25 D:\laragon\www\jaibangla_dv\jaibangla\vendor\laravel\framework\src\Illuminate\Routing\Pipeline.php(53): Illuminate\Pipeline\Pipeline->Illuminate\Pipeline\{closure}(Object(Illuminate\Http\Request))
#26 D:\laragon\www\jaibangla_dv\jaibangla\vendor\laravel\framework\src\Illuminate\Session\Middleware\StartSession.php(64): Illuminate\Routing\Pipeline->Illuminate\Routing\{closure}(Object(Illuminate\Http\Request))
#27 D:\laragon\www\jaibangla_dv\jaibangla\vendor\laravel\framework\src\Illuminate\Pipeline\Pipeline.php(148): Illuminate\Session\Middleware\StartSession->handle(Object(Illuminate\Http\Request), Object(Closure))
#28 D:\laragon\www\jaibangla_dv\jaibangla\vendor\laravel\framework\src\Illuminate\Routing\Pipeline.php(53): Illuminate\Pipeline\Pipeline->Illuminate\Pipeline\{closure}(Object(Illuminate\Http\Request))
#29 D:\laragon\www\jaibangla_dv\jaibangla\vendor\laravel\framework\src\Illuminate\Cookie\Middleware\AddQueuedCookiesToResponse.php(37): Illuminate\Routing\Pipeline->Illuminate\Routing\{closure}(Object(Illuminate\Http\Request))
#30 D:\laragon\www\jaibangla_dv\jaibangla\vendor\laravel\framework\src\Illuminate\Pipeline\Pipeline.php(148): Illuminate\Cookie\Middleware\AddQueuedCookiesToResponse->handle(Object(Illuminate\Http\Request), Object(Closure))
#31 D:\laragon\www\jaibangla_dv\jaibangla\vendor\laravel\framework\src\Illuminate\Routing\Pipeline.php(53): Illuminate\Pipeline\Pipeline->Illuminate\Pipeline\{closure}(Object(Illuminate\Http\Request))
#32 D:\laragon\www\jaibangla_dv\jaibangla\vendor\laravel\framework\src\Illuminate\Cookie\Middleware\EncryptCookies.php(59): Illuminate\Routing\Pipeline->Illuminate\Routing\{closure}(Object(Illuminate\Http\Request))
#33 D:\laragon\www\jaibangla_dv\jaibangla\vendor\laravel\framework\src\Illuminate\Pipeline\Pipeline.php(148): Illuminate\Cookie\Middleware\EncryptCookies->handle(Object(Illuminate\Http\Request), Object(Closure))
#34 D:\laragon\www\jaibangla_dv\jaibangla\vendor\laravel\framework\src\Illuminate\Routing\Pipeline.php(53): Illuminate\Pipeline\Pipeline->Illuminate\Pipeline\{closure}(Object(Illuminate\Http\Request))
#35 D:\laragon\www\jaibangla_dv\jaibangla\vendor\laravel\framework\src\Illuminate\Pipeline\Pipeline.php(102): Illuminate\Routing\Pipeline->Illuminate\Routing\{closure}(Object(Illuminate\Http\Request))
#36 D:\laragon\www\jaibangla_dv\jaibangla\vendor\laravel\framework\src\Illuminate\Routing\Router.php(574): Illuminate\Pipeline\Pipeline->then(Object(Closure))
#37 D:\laragon\www\jaibangla_dv\jaibangla\vendor\laravel\framework\src\Illuminate\Routing\Router.php(533): Illuminate\Routing\Router->runRouteWithinStack(Object(Illuminate\Routing\Route), Object(Illuminate\Http\Request))
#38 D:\laragon\www\jaibangla_dv\jaibangla\vendor\laravel\framework\src\Illuminate\Routing\Router.php(511): Illuminate\Routing\Router->dispatchToRoute(Object(Illuminate\Http\Request))
#39 D:\laragon\www\jaibangla_dv\jaibangla\vendor\laravel\framework\src\Illuminate\Foundation\Http\Kernel.php(176): Illuminate\Routing\Router->dispatch(Object(Illuminate\Http\Request))
#40 D:\laragon\www\jaibangla_dv\jaibangla\vendor\laravel\framework\src\Illuminate\Routing\Pipeline.php(30): Illuminate\Foundation\Http\Kernel->Illuminate\Foundation\Http\{closure}(Object(Illuminate\Http\Request))
#41 D:\laragon\www\jaibangla_dv\jaibangla\vendor\laravel\framework\src\Illuminate\Foundation\Http\Middleware\TransformsRequest.php(30): Illuminate\Routing\Pipeline->Illuminate\Routing\{closure}(Object(Illuminate\Http\Request))
#42 D:\laragon\www\jaibangla_dv\jaibangla\vendor\laravel\framework\src\Illuminate\Pipeline\Pipeline.php(148): Illuminate\Foundation\Http\Middleware\TransformsRequest->handle(Object(Illuminate\Http\Request), Object(Closure))
#43 D:\laragon\www\jaibangla_dv\jaibangla\vendor\laravel\framework\src\Illuminate\Routing\Pipeline.php(53): Illuminate\Pipeline\Pipeline->Illuminate\Pipeline\{closure}(Object(Illuminate\Http\Request))
#44 D:\laragon\www\jaibangla_dv\jaibangla\vendor\laravel\framework\src\Illuminate\Foundation\Http\Middleware\TransformsRequest.php(30): Illuminate\Routing\Pipeline->Illuminate\Routing\{closure}(Object(Illuminate\Http\Request))
#45 D:\laragon\www\jaibangla_dv\jaibangla\vendor\laravel\framework\src\Illuminate\Pipeline\Pipeline.php(148): Illuminate\Foundation\Http\Middleware\TransformsRequest->handle(Object(Illuminate\Http\Request), Object(Closure))
#46 D:\laragon\www\jaibangla_dv\jaibangla\vendor\laravel\framework\src\Illuminate\Routing\Pipeline.php(53): Illuminate\Pipeline\Pipeline->Illuminate\Pipeline\{closure}(Object(Illuminate\Http\Request))
#47 D:\laragon\www\jaibangla_dv\jaibangla\vendor\laravel\framework\src\Illuminate\Foundation\Http\Middleware\ValidatePostSize.php(27): Illuminate\Routing\Pipeline->Illuminate\Routing\{closure}(Object(Illuminate\Http\Request))
#48 D:\laragon\www\jaibangla_dv\jaibangla\vendor\laravel\framework\src\Illuminate\Pipeline\Pipeline.php(148): Illuminate\Foundation\Http\Middleware\ValidatePostSize->handle(Object(Illuminate\Http\Request), Object(Closure))
#49 D:\laragon\www\jaibangla_dv\jaibangla\vendor\laravel\framework\src\Illuminate\Routing\Pipeline.php(53): Illuminate\Pipeline\Pipeline->Illuminate\Pipeline\{closure}(Object(Illuminate\Http\Request))
#50 D:\laragon\www\jaibangla_dv\jaibangla\vendor\laravel\framework\src\Illuminate\Foundation\Http\Middleware\CheckForMaintenanceMode.php(46): Illuminate\Routing\Pipeline->Illuminate\Routing\{closure}(Object(Illuminate\Http\Request))
#51 D:\laragon\www\jaibangla_dv\jaibangla\vendor\laravel\framework\src\Illuminate\Pipeline\Pipeline.php(148): Illuminate\Foundation\Http\Middleware\CheckForMaintenanceMode->handle(Object(Illuminate\Http\Request), Object(Closure))
#52 D:\laragon\www\jaibangla_dv\jaibangla\vendor\laravel\framework\src\Illuminate\Routing\Pipeline.php(53): Illuminate\Pipeline\Pipeline->Illuminate\Pipeline\{closure}(Object(Illuminate\Http\Request))
#53 D:\laragon\www\jaibangla_dv\jaibangla\vendor\laravel\framework\src\Illuminate\Pipeline\Pipeline.php(102): Illuminate\Routing\Pipeline->Illuminate\Routing\{closure}(Object(Illuminate\Http\Request))
#54 D:\laragon\www\jaibangla_dv\jaibangla\vendor\laravel\framework\src\Illuminate\Foundation\Http\Kernel.php(151): Illuminate\Pipeline\Pipeline->then(Object(Closure))
#55 D:\laragon\www\jaibangla_dv\jaibangla\vendor\laravel\framework\src\Illuminate\Foundation\Http\Kernel.php(116): Illuminate\Foundation\Http\Kernel->sendRequestThroughRouter(Object(Illuminate\Http\Request))
#56 D:\laragon\www\jaibangla_dv\index.php(53): Illuminate\Foundation\Http\Kernel->handle(Object(Illuminate\Http\Request))
#57 {main}

Next ErrorException: Undefined variable: verifyBtnVisible (View: D:\laragon\www\jaibangla_dv\jaibangla\resources\views\pension-details-view\pension_view_common.blade.php) in D:\laragon\www\jaibangla_dv\jaibangla\storage\framework\views\0d34c288b4683bdc33b71c9ec48a768027506d47.php:2
Stack trace:
#0 D:\laragon\www\jaibangla_dv\jaibangla\vendor\laravel\framework\src\Illuminate\View\Engines\PhpEngine.php(44): Illuminate\View\Engines\CompilerEngine->handleViewException(Object(ErrorException), 1)
#1 D:\laragon\www\jaibangla_dv\jaibangla\vendor\laravel\framework\src\Illuminate\View\Engines\CompilerEngine.php(59): Illuminate\View\Engines\PhpEngine->evaluatePath('D:\\laragon\\www\\...', Array)
#2 D:\laragon\www\jaibangla_dv\jaibangla\vendor\laravel\framework\src\Illuminate\View\View.php(137): Illuminate\View\Engines\CompilerEngine->get('D:\\laragon\\www\\...', Array)
#3 D:\laragon\www\jaibangla_dv\jaibangla\vendor\laravel\framework\src\Illuminate\View\View.php(120): Illuminate\View\View->getContents()
#4 D:\laragon\www\jaibangla_dv\jaibangla\vendor\laravel\framework\src\Illuminate\View\View.php(85): Illuminate\View\View->renderContents()
#5 D:\laragon\www\jaibangla_dv\jaibangla\vendor\laravel\framework\src\Illuminate\Http\Response.php(38): Illuminate\View\View->render()
#6 D:\laragon\www\jaibangla_dv\jaibangla\vendor\symfony\http-foundation\Response.php(206): Illuminate\Http\Response->setContent(Object(Illuminate\View\View))
#7 D:\laragon\www\jaibangla_dv\jaibangla\vendor\laravel\framework\src\Illuminate\Routing\Router.php(615): Symfony\Component\HttpFoundation\Response->__construct(Object(Illuminate\View\View))
#8 D:\laragon\www\jaibangla_dv\jaibangla\vendor\laravel\framework\src\Illuminate\Routing\Router.php(572): Illuminate\Routing\Router->prepareResponse(Object(Illuminate\Http\Request), Object(Illuminate\View\View))
#9 D:\laragon\www\jaibangla_dv\jaibangla\vendor\laravel\framework\src\Illuminate\Routing\Pipeline.php(30): Illuminate\Routing\Router->Illuminate\Routing\{closure}(Object(Illuminate\Http\Request))
#10 D:\laragon\www\jaibangla_dv\jaibangla\app\Http\Middleware\TrackPageCount.php(29): Illuminate\Routing\Pipeline->Illuminate\Routing\{closure}(Object(Illuminate\Http\Request))
#11 D:\laragon\www\jaibangla_dv\jaibangla\vendor\laravel\framework\src\Illuminate\Pipeline\Pipeline.php(148): App\Http\Middleware\TrackPageCount->handle(Object(Illuminate\Http\Request), Object(Closure))
#12 D:\laragon\www\jaibangla_dv\jaibangla\vendor\laravel\framework\src\Illuminate\Routing\Pipeline.php(53): Illuminate\Pipeline\Pipeline->Illuminate\Pipeline\{closure}(Object(Illuminate\Http\Request))
#13 D:\laragon\www\jaibangla_dv\jaibangla\vendor\laravel\framework\src\Illuminate\Routing\Middleware\SubstituteBindings.php(41): Illuminate\Routing\Pipeline->Illuminate\Routing\{closure}(Object(Illuminate\Http\Request))
#14 D:\laragon\www\jaibangla_dv\jaibangla\vendor\laravel\framework\src\Illuminate\Pipeline\Pipeline.php(148): Illuminate\Routing\Middleware\SubstituteBindings->handle(Object(Illuminate\Http\Request), Object(Closure))
#15 D:\laragon\www\jaibangla_dv\jaibangla\vendor\laravel\framework\src\Illuminate\Routing\Pipeline.php(53): Illuminate\Pipeline\Pipeline->Illuminate\Pipeline\{closure}(Object(Illuminate\Http\Request))
#16 D:\laragon\www\jaibangla_dv\jaibangla\vendor\laravel\framework\src\Illuminate\Auth\Middleware\Authenticate.php(43): Illuminate\Routing\Pipeline->Illuminate\Routing\{closure}(Object(Illuminate\Http\Request))
#17 D:\laragon\www\jaibangla_dv\jaibangla\vendor\laravel\framework\src\Illuminate\Pipeline\Pipeline.php(148): Illuminate\Auth\Middleware\Authenticate->handle(Object(Illuminate\Http\Request), Object(Closure))
#18 D:\laragon\www\jaibangla_dv\jaibangla\vendor\laravel\framework\src\Illuminate\Routing\Pipeline.php(53): Illuminate\Pipeline\Pipeline->Illuminate\Pipeline\{closure}(Object(Illuminate\Http\Request))
#19 D:\laragon\www\jaibangla_dv\jaibangla\vendor\laravel\framework\src\Illuminate\Foundation\Http\Middleware\VerifyCsrfToken.php(65): Illuminate\Routing\Pipeline->Illuminate\Routing\{closure}(Object(Illuminate\Http\Request))
#20 D:\laragon\www\jaibangla_dv\jaibangla\vendor\laravel\framework\src\Illuminate\Pipeline\Pipeline.php(148): Illuminate\Foundation\Http\Middleware\VerifyCsrfToken->handle(Object(Illuminate\Http\Request), Object(Closure))
#21 D:\laragon\www\jaibangla_dv\jaibangla\vendor\laravel\framework\src\Illuminate\Routing\Pipeline.php(53): Illuminate\Pipeline\Pipeline->Illuminate\Pipeline\{closure}(Object(Illuminate\Http\Request))
#22 D:\laragon\www\jaibangla_dv\jaibangla\vendor\laravel\framework\src\Illuminate\View\Middleware\ShareErrorsFromSession.php(49): Illuminate\Routing\Pipeline->Illuminate\Routing\{closure}(Object(Illuminate\Http\Request))
#23 D:\laragon\www\jaibangla_dv\jaibangla\vendor\laravel\framework\src\Illuminate\Pipeline\Pipeline.php(148): Illuminate\View\Middleware\ShareErrorsFromSession->handle(Object(Illuminate\Http\Request), Object(Closure))
#24 D:\laragon\www\jaibangla_dv\jaibangla\vendor\laravel\framework\src\Illuminate\Routing\Pipeline.php(53): Illuminate\Pipeline\Pipeline->Illuminate\Pipeline\{closure}(Object(Illuminate\Http\Request))
#25 D:\laragon\www\jaibangla_dv\jaibangla\vendor\laravel\framework\src\Illuminate\Session\Middleware\StartSession.php(64): Illuminate\Routing\Pipeline->Illuminate\Routing\{closure}(Object(Illuminate\Http\Request))
#26 D:\laragon\www\jaibangla_dv\jaibangla\vendor\laravel\framework\src\Illuminate\Pipeline\Pipeline.php(148): Illuminate\Session\Middleware\StartSession->handle(Object(Illuminate\Http\Request), Object(Closure))
#27 D:\laragon\www\jaibangla_dv\jaibangla\vendor\laravel\framework\src\Illuminate\Routing\Pipeline.php(53): Illuminate\Pipeline\Pipeline->Illuminate\Pipeline\{closure}(Object(Illuminate\Http\Request))
#28 D:\laragon\www\jaibangla_dv\jaibangla\vendor\laravel\framework\src\Illuminate\Cookie\Middleware\AddQueuedCookiesToResponse.php(37): Illuminate\Routing\Pipeline->Illuminate\Routing\{closure}(Object(Illuminate\Http\Request))
#29 D:\laragon\www\jaibangla_dv\jaibangla\vendor\laravel\framework\src\Illuminate\Pipeline\Pipeline.php(148): Illuminate\Cookie\Middleware\AddQueuedCookiesToResponse->handle(Object(Illuminate\Http\Request), Object(Closure))
#30 D:\laragon\www\jaibangla_dv\jaibangla\vendor\laravel\framework\src\Illuminate\Routing\Pipeline.php(53): Illuminate\Pipeline\Pipeline->Illuminate\Pipeline\{closure}(Object(Illuminate\Http\Request))
#31 D:\laragon\www\jaibangla_dv\jaibangla\vendor\laravel\framework\src\Illuminate\Cookie\Middleware\EncryptCookies.php(59): Illuminate\Routing\Pipeline->Illuminate\Routing\{closure}(Object(Illuminate\Http\Request))
#32 D:\laragon\www\jaibangla_dv\jaibangla\vendor\laravel\framework\src\Illuminate\Pipeline\Pipeline.php(148): Illuminate\Cookie\Middleware\EncryptCookies->handle(Object(Illuminate\Http\Request), Object(Closure))
#33 D:\laragon\www\jaibangla_dv\jaibangla\vendor\laravel\framework\src\Illuminate\Routing\Pipeline.php(53): Illuminate\Pipeline\Pipeline->Illuminate\Pipeline\{closure}(Object(Illuminate\Http\Request))
#34 D:\laragon\www\jaibangla_dv\jaibangla\vendor\laravel\framework\src\Illuminate\Pipeline\Pipeline.php(102): Illuminate\Routing\Pipeline->Illuminate\Routing\{closure}(Object(Illuminate\Http\Request))
#35 D:\laragon\www\jaibangla_dv\jaibangla\vendor\laravel\framework\src\Illuminate\Routing\Router.php(574): Illuminate\Pipeline\Pipeline->then(Object(Closure))
#36 D:\laragon\www\jaibangla_dv\jaibangla\vendor\laravel\framework\src\Illuminate\Routing\Router.php(533): Illuminate\Routing\Router->runRouteWithinStack(Object(Illuminate\Routing\Route), Object(Illuminate\Http\Request))
#37 D:\laragon\www\jaibangla_dv\jaibangla\vendor\laravel\framework\src\Illuminate\Routing\Router.php(511): Illuminate\Routing\Router->dispatchToRoute(Object(Illuminate\Http\Request))
#38 D:\laragon\www\jaibangla_dv\jaibangla\vendor\laravel\framework\src\Illuminate\Foundation\Http\Kernel.php(176): Illuminate\Routing\Router->dispatch(Object(Illuminate\Http\Request))
#39 D:\laragon\www\jaibangla_dv\jaibangla\vendor\laravel\framework\src\Illuminate\Routing\Pipeline.php(30): Illuminate\Foundation\Http\Kernel->Illuminate\Foundation\Http\{closure}(Object(Illuminate\Http\Request))
#40 D:\laragon\www\jaibangla_dv\jaibangla\vendor\laravel\framework\src\Illuminate\Foundation\Http\Middleware\TransformsRequest.php(30): Illuminate\Routing\Pipeline->Illuminate\Routing\{closure}(Object(Illuminate\Http\Request))
#41 D:\laragon\www\jaibangla_dv\jaibangla\vendor\laravel\framework\src\Illuminate\Pipeline\Pipeline.php(148): Illuminate\Foundation\Http\Middleware\TransformsRequest->handle(Object(Illuminate\Http\Request), Object(Closure))
#42 D:\laragon\www\jaibangla_dv\jaibangla\vendor\laravel\framework\src\Illuminate\Routing\Pipeline.php(53): Illuminate\Pipeline\Pipeline->Illuminate\Pipeline\{closure}(Object(Illuminate\Http\Request))
#43 D:\laragon\www\jaibangla_dv\jaibangla\vendor\laravel\framework\src\Illuminate\Foundation\Http\Middleware\TransformsRequest.php(30): Illuminate\Routing\Pipeline->Illuminate\Routing\{closure}(Object(Illuminate\Http\Request))
#44 D:\laragon\www\jaibangla_dv\jaibangla\vendor\laravel\framework\src\Illuminate\Pipeline\Pipeline.php(148): Illuminate\Foundation\Http\Middleware\TransformsRequest->handle(Object(Illuminate\Http\Request), Object(Closure))
#45 D:\laragon\www\jaibangla_dv\jaibangla\vendor\laravel\framework\src\Illuminate\Routing\Pipeline.php(53): Illuminate\Pipeline\Pipeline->Illuminate\Pipeline\{closure}(Object(Illuminate\Http\Request))
#46 D:\laragon\www\jaibangla_dv\jaibangla\vendor\laravel\framework\src\Illuminate\Foundation\Http\Middleware\ValidatePostSize.php(27): Illuminate\Routing\Pipeline->Illuminate\Routing\{closure}(Object(Illuminate\Http\Request))
#47 D:\laragon\www\jaibangla_dv\jaibangla\vendor\laravel\framework\src\Illuminate\Pipeline\Pipeline.php(148): Illuminate\Foundation\Http\Middleware\ValidatePostSize->handle(Object(Illuminate\Http\Request), Object(Closure))
#48 D:\laragon\www\jaibangla_dv\jaibangla\vendor\laravel\framework\src\Illuminate\Routing\Pipeline.php(53): Illuminate\Pipeline\Pipeline->Illuminate\Pipeline\{closure}(Object(Illuminate\Http\Request))
#49 D:\laragon\www\jaibangla_dv\jaibangla\vendor\laravel\framework\src\Illuminate\Foundation\Http\Middleware\CheckForMaintenanceMode.php(46): Illuminate\Routing\Pipeline->Illuminate\Routing\{closure}(Object(Illuminate\Http\Request))
#50 D:\laragon\www\jaibangla_dv\jaibangla\vendor\laravel\framework\src\Illuminate\Pipeline\Pipeline.php(148): Illuminate\Foundation\Http\Middleware\CheckForMaintenanceMode->handle(Object(Illuminate\Http\Request), Object(Closure))
#51 D:\laragon\www\jaibangla_dv\jaibangla\vendor\laravel\framework\src\Illuminate\Routing\Pipeline.php(53): Illuminate\Pipeline\Pipeline->Illuminate\Pipeline\{closure}(Object(Illuminate\Http\Request))
#52 D:\laragon\www\jaibangla_dv\jaibangla\vendor\laravel\framework\src\Illuminate\Pipeline\Pipeline.php(102): Illuminate\Routing\Pipeline->Illuminate\Routing\{closure}(Object(Illuminate\Http\Request))
#53 D:\laragon\www\jaibangla_dv\jaibangla\vendor\laravel\framework\src\Illuminate\Foundation\Http\Kernel.php(151): Illuminate\Pipeline\Pipeline->then(Object(Closure))
#54 D:\laragon\www\jaibangla_dv\jaibangla\vendor\laravel\framework\src\Illuminate\Foundation\Http\Kernel.php(116): Illuminate\Foundation\Http\Kernel->sendRequestThroughRouter(Object(Illuminate\Http\Request))
#55 D:\laragon\www\jaibangla_dv\index.php(53): Illuminate\Foundation\Http\Kernel->handle(Object(Illuminate\Http\Request))
#56 {main}  
